customer_id,age,gender,tenure,monthly_charges,contract_type,support_calls,internet_service,payment_method,total_charges,churn,churn_probability,churn_probability_pct,ml_risk_level,expected_revenue_risk
CUST-00001,56,Female,37,29.57,Two year,4,DSL,Electronic check,1094.09,No,0.18857354667194548,18.86,Low,5.58
CUST-00002,69,Male,19,101.78,One year,4,Fiber optic,Credit card,1933.82,Yes,0.639649466060762,63.96,Medium,65.1
CUST-00003,46,Female,30,123.09,Month-to-month,3,DSL,Bank transfer,3692.7,Yes,0.6728574132016272,67.29,Medium,82.82
CUST-00004,32,Male,45,37.24,Two year,1,Fiber optic,Credit card,1675.8,No,0.22030414276784635,22.03,Low,8.2
CUST-00005,60,Female,18,87.42,Month-to-month,2,Fiber optic,Bank transfer,1573.56,No,0.5303625368178502,53.04,Medium,46.36
CUST-00006,25,Male,62,121.28,Month-to-month,2,DSL,Bank transfer,7519.36,No,0.47763234515293856,47.76,Medium,57.93
CUST-00007,38,Female,36,53.88,One year,1,Fiber optic,Credit card,1939.68,No,0.20986910132120823,20.99,Low,11.31
CUST-00008,56,Female,52,41.18,Month-to-month,0,Fiber optic,Credit card,2141.36,No,0.39909645150147416,39.91,Low,16.43
CUST-00009,75,Female,19,63.79,One year,2,No,Mailed check,1212.01,No,0.3694107857568568,36.94,Low,23.56
CUST-00010,36,Female,44,92.11,Month-to-month,1,Fiber optic,Mailed check,4052.84,No,0.485416473473307,48.54,Medium,44.71
CUST-00011,40,Female,7,94.79,Month-to-month,1,DSL,Bank transfer,663.53,Yes,0.7157050460817888,71.57,High,67.84
CUST-00012,28,Female,44,37.01,Month-to-month,3,Fiber optic,Mailed check,1628.44,No,0.4446020658723781,44.46,Medium,16.45
CUST-00013,28,Female,68,79.48,One year,3,Fiber optic,Mailed check,5404.64,Yes,0.45462273222408556,45.46,Medium,36.13
CUST-00014,41,Female,34,54.88,Month-to-month,2,No,Bank transfer,1865.92,No,0.47945834649205193,47.95,Medium,26.31
CUST-00015,70,Female,66,129.46,Two year,2,Fiber optic,Mailed check,8544.36,No,0.4521025658710231,45.21,Medium,58.53
CUST-00016,53,Male,69,60.76,One year,2,Fiber optic,Credit card,4192.44,No,0.24649774363200283,24.65,Low,14.98
CUST-00017,57,Male,55,129.03,Month-to-month,2,No,Electronic check,7096.65,No,0.4403635144718374,44.04,Medium,56.82
CUST-00018,41,Female,10,75.71,Month-to-month,4,Fiber optic,Credit card,757.1,No,0.6033764724769083,60.34,Medium,45.68
CUST-00019,20,Male,42,114.46,Two year,4,DSL,Electronic check,4807.32,No,0.24855167125564823,24.86,Low,28.45
CUST-00020,39,Female,41,86.31,Month-to-month,3,Fiber optic,Credit card,3538.71,No,0.43718417988192615,43.72,Medium,37.73
CUST-00021,70,Female,69,100.86,Month-to-month,2,DSL,Electronic check,6959.34,No,0.4457462641543585,44.57,Medium,44.96
CUST-00022,19,Male,10,71.4,Month-to-month,4,Fiber optic,Electronic check,714.0,No,0.4177033523330254,41.77,Medium,29.82
CUST-00023,41,Female,10,119.87,Month-to-month,1,Fiber optic,Mailed check,1198.7,Yes,0.8222506318843259,82.23,High,98.56
CUST-00024,61,Female,60,75.27,Month-to-month,4,DSL,Bank transfer,4516.2,No,0.5265483625427981,52.65,Medium,39.63
CUST-00025,47,Male,51,79.47,One year,1,Fiber optic,Credit card,4052.97,No,0.25292555225126,25.29,Low,20.1
CUST-00026,55,Male,21,87.3,Two year,0,Fiber optic,Mailed check,1833.3,No,0.16065685711869493,16.07,Low,14.03
CUST-00027,19,Female,8,128.14,Month-to-month,3,DSL,Credit card,1025.12,No,0.48150308537507336,48.15,Medium,61.7
CUST-00028,38,Male,65,105.72,Two year,3,DSL,Credit card,6871.8,No,0.35533475787366126,35.53,Low,37.57
CUST-00029,50,Male,30,65.39,Two year,1,Fiber optic,Electronic check,1961.7,Yes,0.505343606093447,50.53,Medium,33.04
CUST-00030,29,Female,49,107.14,Two year,2,Fiber optic,Electronic check,5249.86,No,0.27586104086097174,27.59,Low,29.56
CUST-00031,75,Male,9,103.52,Two year,2,Fiber optic,Bank transfer,931.68,No,0.43477983331868264,43.48,Medium,45.01
CUST-00032,39,Male,17,141.03,Two year,2,DSL,Electronic check,2397.51,No,0.17360228627610244,17.36,Low,24.48
CUST-00033,61,Female,69,129.38,One year,0,DSL,Credit card,8927.22,No,0.21097899346815385,21.1,Low,27.3
CUST-00034,42,Male,58,104.17,Month-to-month,4,Fiber optic,Electronic check,6041.86,No,0.5354191365530313,53.54,Medium,55.77
CUST-00035,66,Male,57,64.4,Month-to-month,3,Fiber optic,Mailed check,3670.8,No,0.5041846443998633,50.42,Medium,32.47
CUST-00036,44,Female,62,121.34,Two year,5,Fiber optic,Mailed check,7523.08,Yes,0.6291660698619578,62.92,Medium,76.34
CUST-00037,59,Female,52,94.78,Month-to-month,2,No,Electronic check,4928.56,No,0.43537918491927796,43.54,Medium,41.27
CUST-00038,45,Female,61,148.09,Month-to-month,4,DSL,Bank transfer,9033.49,Yes,0.625107166520511,62.51,Medium,92.57
CUST-00039,33,Male,40,52.18,Month-to-month,2,Fiber optic,Electronic check,2087.2,Yes,0.4780831093883657,47.81,Medium,24.95
CUST-00040,32,Female,38,30.36,Two year,4,Fiber optic,Mailed check,1153.68,No,0.29491790192659645,29.49,Low,8.95
CUST-00041,64,Female,43,29.09,One year,1,DSL,Credit card,1250.87,No,0.25559504170297015,25.56,Low,7.44
CUST-00042,68,Male,63,103.2,Month-to-month,1,Fiber optic,Credit card,6501.6,No,0.45980427349896746,45.98,Medium,47.45
CUST-00043,61,Female,19,142.1,Month-to-month,3,No,Credit card,2699.9,No,0.5807363959471828,58.07,Medium,82.52
CUST-00044,72,Female,50,20.25,One year,6,Fiber optic,Mailed check,1012.5,No,0.321772047725634,32.18,Low,6.52
CUST-00045,69,Female,33,114.35,Month-to-month,1,Fiber optic,Mailed check,3773.55,Yes,0.6865307363056715,68.65,Medium,78.5
CUST-00046,74,Female,13,105.42,One year,4,Fiber optic,Credit card,1370.46,No,0.45507960170563583,45.51,Medium,47.97
CUST-00047,20,Male,62,115.2,Month-to-month,1,Fiber optic,Bank transfer,7142.4,No,0.39560626446120983,39.56,Low,45.57
CUST-00048,54,Female,43,66.2,Two year,4,No,Bank transfer,2846.6,No,0.2273013852905379,22.73,Low,15.05
CUST-00049,68,Female,49,126.66,Month-to-month,1,Fiber optic,Credit card,6206.34,No,0.6223110111329354,62.23,Medium,78.82
CUST-00050,24,Male,36,25.81,One year,3,Fiber optic,Credit card,929.16,No,0.1774599912827116,17.75,Low,4.58
CUST-00051,38,Female,10,118.21,One year,2,DSL,Mailed check,1182.1,Yes,0.716717286399514,71.67,High,84.72
CUST-00052,26,Male,6,54.72,Month-to-month,1,Fiber optic,Electronic check,328.32,No,0.4998636624950377,49.99,Medium,27.35
CUST-00053,56,Male,57,81.99,Month-to-month,4,DSL,Mailed check,4673.43,Yes,0.6215674576477593,62.16,Medium,50.96
CUST-00054,35,Male,1,126.94,Month-to-month,3,Fiber optic,Electronic check,126.94,No,0.5645439560745783,56.45,Medium,71.66
CUST-00055,21,Female,71,55.28,Two year,4,DSL,Electronic check,3924.88,No,0.2175511145733986,21.76,Low,12.03
CUST-00056,42,Male,58,44.08,Month-to-month,1,Fiber optic,Electronic check,2556.64,No,0.3782680038055599,37.83,Low,16.67
CUST-00057,31,Male,21,108.57,One year,1,Fiber optic,Electronic check,2279.97,No,0.21832164255713277,21.83,Low,23.7
CUST-00058,67,Male,56,89.34,Two year,2,Fiber optic,Credit card,5003.04,No,0.2527431684362968,25.27,Low,22.58
CUST-00059,75,Female,20,86.87,Two year,1,No,Electronic check,1737.4,No,0.17035795730529843,17.04,Low,14.8
CUST-00060,26,Female,54,53.38,One year,1,DSL,Electronic check,2882.52,Yes,0.4186075516058094,41.86,Medium,22.35
CUST-00061,43,Female,25,24.53,One year,1,DSL,Electronic check,613.25,No,0.20721217561247865,20.72,Low,5.08
CUST-00062,70,Female,28,73.33,Two year,2,No,Mailed check,2053.24,No,0.190729864929276,19.07,Low,13.99
CUST-00063,19,Female,5,33.85,Two year,0,DSL,Mailed check,169.25,No,0.14990883088575868,14.99,Low,5.07
CUST-00064,37,Female,21,137.78,Two year,4,Fiber optic,Mailed check,2893.38,Yes,0.7071503769785445,70.72,High,97.43
CUST-00065,45,Female,18,25.36,One year,4,No,Bank transfer,456.48,No,0.35670911561180546,35.67,Low,9.05
CUST-00066,64,Male,47,76.11,Month-to-month,4,No,Mailed check,3577.17,No,0.6029465589470566,60.29,Medium,45.89
CUST-00067,24,Male,70,26.79,Month-to-month,4,Fiber optic,Bank transfer,1875.3,No,0.5198003266962409,51.98,Medium,13.93
CUST-00068,61,Male,57,32.42,Month-to-month,1,Fiber optic,Mailed check,1847.94,No,0.3647603518214858,36.48,Low,11.83
CUST-00069,25,Male,19,105.65,Two year,2,Fiber optic,Bank transfer,2007.35,No,0.22843200744425038,22.84,Low,24.13
CUST-00070,64,Female,65,104.12,Two year,2,Fiber optic,Mailed check,6767.8,Yes,0.5831870846813682,58.32,Medium,60.72
CUST-00071,52,Male,3,24.3,Month-to-month,2,DSL,Credit card,72.9,No,0.5058878809058278,50.59,Medium,12.29
CUST-00072,31,Male,42,20.15,Month-to-month,5,Fiber optic,Mailed check,846.3,Yes,0.6768261241456458,67.68,Medium,13.64
CUST-00073,34,Male,21,30.25,Month-to-month,1,DSL,Bank transfer,635.25,No,0.4150931754037925,41.51,Medium,12.56
CUST-00074,53,Male,40,119.19,Month-to-month,0,Fiber optic,Electronic check,4767.6,No,0.4018642665813018,40.19,Medium,47.9
CUST-00075,67,Female,67,95.99,One year,3,Fiber optic,Mailed check,6431.33,No,0.30289968130347217,30.29,Low,29.08
CUST-00076,57,Female,25,24.96,Month-to-month,2,Fiber optic,Electronic check,624.0,No,0.44776878768831874,44.78,Medium,11.18
CUST-00077,21,Female,55,83.45,Month-to-month,3,DSL,Electronic check,4589.75,Yes,0.4743491295625979,47.43,Medium,39.58
CUST-00078,19,Male,52,112.56,Month-to-month,3,Fiber optic,Mailed check,5853.12,No,0.39127472615373843,39.13,Low,44.04
CUST-00079,23,Female,44,132.96,Month-to-month,1,Fiber optic,Mailed check,5850.24,No,0.46707617830037906,46.71,Medium,62.1
CUST-00080,71,Male,56,141.42,Two year,4,Fiber optic,Credit card,7919.52,No,0.3087755781326447,30.88,Low,43.67
CUST-00081,59,Female,55,62.57,Month-to-month,4,DSL,Bank transfer,3441.35,No,0.5548717506889694,55.49,Medium,34.72
CUST-00082,21,Female,70,37.66,Two year,3,DSL,Mailed check,2636.2,No,0.24176009762082556,24.18,Low,9.1
CUST-00083,71,Female,66,50.8,Month-to-month,0,DSL,Bank transfer,3352.8,Yes,0.5334024627415105,53.34,Medium,27.1
CUST-00084,46,Female,19,120.9,Month-to-month,2,DSL,Mailed check,2297.1,Yes,0.6946357881268947,69.46,Medium,83.98
CUST-00085,35,Female,7,146.29,One year,0,DSL,Electronic check,1024.03,Yes,0.667415049462283,66.74,Medium,97.64
CUST-00086,43,Male,63,80.63,One year,4,Fiber optic,Electronic check,5079.69,No,0.34297054509033437,34.3,Low,27.65
CUST-00087,61,Female,42,59.7,One year,5,DSL,Mailed check,2507.4,No,0.24358826797054073,24.36,Low,14.54
CUST-00088,51,Male,42,75.79,Month-to-month,2,DSL,Bank transfer,3183.18,No,0.48284233457446374,48.28,Medium,36.59
CUST-00089,27,Male,59,59.63,Month-to-month,3,DSL,Bank transfer,3518.17,Yes,0.5329545505456187,53.3,Medium,31.78
CUST-00090,53,Male,20,53.34,One year,1,Fiber optic,Electronic check,1066.8,Yes,0.432829555628102,43.28,Medium,23.09
CUST-00091,31,Male,17,97.19,Month-to-month,5,Fiber optic,Bank transfer,1652.23,No,0.4365623993662729,43.66,Medium,42.43
CUST-00092,48,Male,27,22.05,Month-to-month,1,Fiber optic,Bank transfer,595.35,No,0.4226171867211509,42.26,Medium,9.32
CUST-00093,65,Female,47,53.74,One year,1,Fiber optic,Credit card,2525.78,Yes,0.5128272343801805,51.28,Medium,27.56
CUST-00094,32,Female,2,105.98,Month-to-month,3,Fiber optic,Electronic check,211.96,Yes,0.8380646207914537,83.81,High,88.82
CUST-00095,25,Female,63,24.17,Month-to-month,2,DSL,Bank transfer,1522.71,No,0.4571492454557526,45.71,Medium,11.05
CUST-00096,31,Female,62,30.82,Month-to-month,2,Fiber optic,Credit card,1910.84,No,0.4152959310244072,41.53,Medium,12.8
CUST-00097,40,Male,19,58.14,Two year,0,Fiber optic,Mailed check,1104.66,No,0.18182167008269273,18.18,Low,10.57
CUST-00098,74,Female,17,134.11,Month-to-month,2,Fiber optic,Credit card,2279.87,No,0.6136317475260386,61.36,Medium,82.29
CUST-00099,57,Female,69,119.44,Two year,3,Fiber optic,Credit card,8241.36,No,0.34200628095420105,34.2,Low,40.85
CUST-00100,38,Male,39,22.88,Month-to-month,7,DSL,Credit card,892.32,No,0.49964258368494685,49.96,Medium,11.43
CUST-00101,33,Male,71,85.22,One year,6,DSL,Credit card,6050.62,No,0.3436921061342969,34.37,Low,29.29
CUST-00102,62,Female,39,55.71,Month-to-month,1,No,Credit card,2172.69,Yes,0.5770605087129052,57.71,Medium,32.15
CUST-00103,35,Female,36,104.32,Month-to-month,4,Fiber optic,Credit card,3755.52,No,0.47210837189034,47.21,Medium,49.25
CUST-00104,64,Male,40,113.8,Two year,3,Fiber optic,Mailed check,4552.0,No,0.30720371068161106,30.72,Low,34.96
CUST-00105,70,Female,45,132.17,Two year,2,Fiber optic,Mailed check,5947.65,Yes,0.5605884723031784,56.06,Medium,74.09
CUST-00106,41,Female,4,81.8,One year,1,DSL,Electronic check,327.2,No,0.33271067090081957,33.27,Low,27.22
CUST-00107,43,Female,25,149.28,Two year,5,DSL,Electronic check,3732.0,Yes,0.6631959971864626,66.32,Medium,99.0
CUST-00108,42,Female,69,147.4,Month-to-month,2,DSL,Mailed check,10170.6,No,0.4446934429271076,44.47,Medium,65.55
CUST-00109,62,Male,30,134.68,Month-to-month,2,Fiber optic,Mailed check,4040.4,Yes,0.60266857891256,60.27,Medium,81.17
CUST-00110,58,Male,68,94.73,Month-to-month,2,Fiber optic,Electronic check,6441.64,No,0.4757943735383936,47.58,Medium,45.07
CUST-00111,46,Male,29,71.74,Two year,1,Fiber optic,Credit card,2080.46,No,0.3226504337467347,32.27,Low,23.15
CUST-00112,32,Female,68,67.37,Month-to-month,1,DSL,Bank transfer,4581.16,No,0.42193845532701196,42.19,Medium,28.43
CUST-00113,62,Female,51,21.58,Two year,2,Fiber optic,Credit card,1100.58,No,0.30071959021077355,30.07,Low,6.49
CUST-00114,18,Female,24,52.39,Month-to-month,6,Fiber optic,Mailed check,1257.36,Yes,0.7003173272107804,70.03,High,36.69
CUST-00115,42,Female,14,113.45,One year,4,DSL,Electronic check,1588.3,No,0.3238407132801308,32.38,Low,36.74
CUST-00116,24,Female,69,98.47,Month-to-month,3,Fiber optic,Electronic check,6794.43,No,0.4378181433041079,43.78,Medium,43.11
CUST-00117,26,Male,18,139.13,Month-to-month,0,Fiber optic,Credit card,2504.34,No,0.34791535169314064,34.79,Low,48.41
CUST-00118,41,Female,42,26.5,One year,5,Fiber optic,Electronic check,1113.0,No,0.2660911297272846,26.61,Low,7.05
CUST-00119,18,Female,57,40.19,Month-to-month,4,DSL,Mailed check,2290.83,Yes,0.6148580760887744,61.49,Medium,24.71
CUST-00120,61,Male,12,122.6,Two year,4,Fiber optic,Mailed check,1471.2,No,0.2815294424205571,28.15,Low,34.52
CUST-00121,25,Female,17,66.61,One year,9,DSL,Bank transfer,1132.37,Yes,0.7371532329374114,73.72,High,49.1
CUST-00122,41,Male,30,35.38,One year,1,Fiber optic,Mailed check,1061.4,No,0.18974974644629664,18.97,Low,6.71
CUST-00123,28,Male,23,149.54,Two year,2,Fiber optic,Bank transfer,3439.42,No,0.3155664269867355,31.56,Low,47.19
CUST-00124,68,Male,1,122.34,One year,3,DSL,Bank transfer,122.34,No,0.23441903251179536,23.44,Low,28.68
CUST-00125,34,Male,32,73.14,One year,2,DSL,Credit card,2340.48,No,0.40278564433420744,40.28,Medium,29.46
CUST-00126,25,Male,9,127.04,Month-to-month,6,Fiber optic,Electronic check,1143.36,Yes,0.8006477626407243,80.06,High,101.71
CUST-00127,52,Female,15,108.48,Month-to-month,3,DSL,Mailed check,1627.2,Yes,0.65036387592535,65.04,Medium,70.55
CUST-00128,52,Male,28,122.7,One year,2,Fiber optic,Electronic check,3435.6,No,0.32307395079120804,32.31,Low,39.64
CUST-00129,50,Male,24,125.98,Two year,4,Fiber optic,Bank transfer,3023.52,No,0.3956406167528979,39.56,Low,49.84
CUST-00130,22,Female,60,31.01,Month-to-month,2,Fiber optic,Mailed check,1860.6,Yes,0.5124265470617569,51.24,Medium,15.89
CUST-00131,59,Female,35,100.99,Month-to-month,3,DSL,Electronic check,3534.65,No,0.48684462093848274,48.68,Medium,49.17
CUST-00132,56,Male,27,20.88,One year,4,DSL,Mailed check,563.76,No,0.3336431861078926,33.36,Low,6.97
CUST-00133,75,Female,20,25.65,Month-to-month,1,DSL,Credit card,513.0,No,0.46639932894377284,46.64,Medium,11.96
CUST-00134,58,Female,65,137.52,One year,3,DSL,Mailed check,8938.8,No,0.3381116766756864,33.81,Low,46.5
CUST-00135,45,Male,49,88.58,One year,2,DSL,Bank transfer,4340.42,Yes,0.4195180065336199,41.95,Medium,37.16
CUST-00136,24,Male,1,115.67,Month-to-month,5,Fiber optic,Mailed check,115.67,Yes,0.8408329220651484,84.08,High,97.26
CUST-00137,26,Female,10,129.01,Two year,5,Fiber optic,Credit card,1290.1,Yes,0.8374921466415459,83.75,High,108.04
CUST-00138,25,Male,47,143.45,Month-to-month,3,DSL,Credit card,6742.15,Yes,0.6030074533675278,60.3,Medium,86.5
CUST-00139,29,Male,59,133.02,One year,2,DSL,Electronic check,7848.18,No,0.3304433314426942,33.04,Low,43.96
CUST-00140,51,Female,62,82.83,Month-to-month,2,Fiber optic,Credit card,5135.46,No,0.43638473238822834,43.64,Medium,36.15
CUST-00141,50,Male,18,63.68,Month-to-month,2,Fiber optic,Bank transfer,1146.24,No,0.4990569807677584,49.91,Medium,31.78
CUST-00142,65,Male,46,40.08,Two year,0,Fiber optic,Credit card,1843.68,No,0.14282735201913074,14.28,Low,5.72
CUST-00143,72,Male,32,72.04,Month-to-month,1,No,Electronic check,2305.28,Yes,0.5573227166169126,55.73,Medium,40.15
CUST-00144,40,Male,27,67.64,Month-to-month,3,DSL,Credit card,1826.28,Yes,0.5322550880856117,53.23,Medium,36.0
CUST-00145,41,Male,18,92.74,Month-to-month,2,DSL,Credit card,1669.32,Yes,0.5410519966857785,54.11,Medium,50.18
CUST-00146,54,Female,39,106.52,Month-to-month,3,DSL,Mailed check,4154.28,No,0.5574480975323356,55.74,Medium,59.38
CUST-00147,52,Female,49,147.18,Month-to-month,5,DSL,Electronic check,7211.82,Yes,0.6981129857274355,69.81,Medium,102.75
CUST-00148,61,Male,44,114.69,Month-to-month,1,No,Mailed check,5046.36,No,0.5152085940838063,51.52,Medium,59.09
CUST-00149,57,Female,72,103.69,Two year,2,Fiber optic,Electronic check,7465.68,No,0.34280086672035825,34.28,Low,35.55
CUST-00150,39,Male,54,63.56,One year,2,Fiber optic,Electronic check,3432.24,No,0.2352636665232956,23.53,Low,14.95
CUST-00151,44,Male,34,24.49,Month-to-month,0,DSL,Electronic check,832.66,No,0.35478244821430327,35.48,Low,8.69
CUST-00152,52,Male,71,57.46,One year,2,No,Electronic check,4079.66,No,0.17435666267859273,17.44,Low,10.02
CUST-00153,18,Male,36,119.9,Month-to-month,5,Fiber optic,Electronic check,4316.4,No,0.43417340116526487,43.42,Medium,52.06
CUST-00154,52,Male,18,46.69,Month-to-month,5,Fiber optic,Electronic check,840.42,No,0.40868912879545366,40.87,Medium,19.08
CUST-00155,54,Female,38,112.58,Month-to-month,4,No,Credit card,4278.04,Yes,0.744165304597138,74.42,High,83.78
CUST-00156,64,Female,59,95.37,Month-to-month,3,No,Credit card,5626.83,No,0.5169174997495435,51.69,Medium,49.3
CUST-00157,31,Male,9,42.34,Two year,1,DSL,Credit card,381.06,No,0.2418072067112495,24.18,Low,10.24
CUST-00158,20,Female,72,54.01,Month-to-month,2,DSL,Bank transfer,3888.72,No,0.41328974692856335,41.33,Medium,22.32
CUST-00159,18,Male,51,84.52,Two year,2,DSL,Electronic check,4310.52,Yes,0.5520361314606442,55.2,Medium,46.66
CUST-00160,22,Female,35,74.39,Month-to-month,5,Fiber optic,Credit card,2603.65,Yes,0.6582089729277157,65.82,Medium,48.96
CUST-00161,43,Male,5,121.21,Month-to-month,2,DSL,Electronic check,606.05,Yes,0.7849535424038634,78.5,High,95.14
CUST-00162,72,Female,14,115.47,One year,3,Fiber optic,Mailed check,1616.58,No,0.37902208875890514,37.9,Low,43.77
CUST-00163,31,Male,30,94.69,One year,3,Fiber optic,Bank transfer,2840.7,No,0.2971982658486437,29.72,Low,28.14
CUST-00164,56,Male,4,126.9,Month-to-month,1,Fiber optic,Electronic check,507.6,Yes,0.7762173765355285,77.62,High,98.5
CUST-00165,44,Female,39,93.15,Month-to-month,7,Fiber optic,Credit card,3632.85,No,0.4532369578341375,45.32,Medium,42.22
CUST-00166,26,Female,64,145.37,Month-to-month,4,Fiber optic,Bank transfer,9303.68,No,0.44612923225198414,44.61,Medium,64.85
CUST-00167,32,Male,25,48.24,Two year,1,Fiber optic,Mailed check,1206.0,No,0.18997773025105924,19.0,Low,9.16
CUST-00168,32,Female,28,112.84,Month-to-month,3,No,Electronic check,3159.52,Yes,0.6429954500959176,64.3,Medium,72.56
CUST-00169,43,Male,66,68.09,Month-to-month,4,Fiber optic,Bank transfer,4493.94,Yes,0.5726903947902908,57.27,Medium,38.99
CUST-00170,59,Female,22,56.27,Two year,2,Fiber optic,Electronic check,1237.94,No,0.32189281924102514,32.19,Low,18.11
CUST-00171,30,Female,31,43.45,Month-to-month,2,Fiber optic,Bank transfer,1346.95,No,0.5296998476134507,52.97,Medium,23.02
CUST-00172,68,Male,23,91.83,Month-to-month,4,No,Credit card,2112.09,Yes,0.6718478339511751,67.18,Medium,61.7
CUST-00173,49,Female,48,48.01,Month-to-month,3,Fiber optic,Electronic check,2304.48,Yes,0.5045776802479174,50.46,Medium,24.22
CUST-00174,56,Female,20,46.05,One year,3,Fiber optic,Electronic check,921.0,Yes,0.4855158449648468,48.55,Medium,22.36
CUST-00175,66,Male,38,148.77,Month-to-month,1,Fiber optic,Electronic check,5653.26,Yes,0.6789133800230979,67.89,Medium,101.0
CUST-00176,69,Female,55,124.23,Month-to-month,2,Fiber optic,Credit card,6832.65,No,0.6035977048205242,60.36,Medium,74.98
CUST-00177,49,Male,68,117.28,Two year,0,No,Bank transfer,7975.04,No,0.2202140186316503,22.02,Low,25.83
CUST-00178,21,Male,1,123.23,Month-to-month,2,Fiber optic,Credit card,123.23,Yes,0.7833396479289039,78.33,High,96.53
CUST-00179,47,Male,7,145.96,Month-to-month,2,Fiber optic,Mailed check,1021.72,No,0.5891947460694985,58.92,Medium,86.0
CUST-00180,54,Male,57,94.53,Month-to-month,2,Fiber optic,Mailed check,5388.21,No,0.48266705644126695,48.27,Medium,45.63
CUST-00181,40,Male,12,48.63,One year,1,DSL,Mailed check,583.56,No,0.2883683251179244,28.84,Low,14.02
CUST-00182,56,Female,5,132.09,Two year,3,Fiber optic,Bank transfer,660.45,No,0.4622174290720753,46.22,Medium,61.05
CUST-00183,62,Male,50,116.55,Month-to-month,3,DSL,Electronic check,5827.5,Yes,0.6332768051752581,63.33,Medium,73.81
CUST-00184,32,Male,42,73.86,Month-to-month,1,Fiber optic,Bank transfer,3102.12,Yes,0.4865350669446448,48.65,Medium,35.94
CUST-00185,60,Female,12,81.56,Month-to-month,2,Fiber optic,Mailed check,978.72,No,0.573109597517729,57.31,Medium,46.74
CUST-00186,46,Female,18,73.46,Month-to-month,3,DSL,Bank transfer,1322.28,Yes,0.5916297053369197,59.16,Medium,43.46
CUST-00187,53,Female,66,140.89,One year,0,Fiber optic,Electronic check,9298.74,No,0.20699608877118686,20.7,Low,29.16
CUST-00188,30,Male,17,64.66,Month-to-month,3,DSL,Electronic check,1099.22,No,0.4482392488923091,44.82,Medium,28.98
CUST-00189,49,Male,68,145.25,Month-to-month,1,Fiber optic,Bank transfer,9877.0,No,0.47443886055599466,47.44,Medium,68.91
CUST-00190,24,Male,71,138.34,Month-to-month,1,DSL,Mailed check,9822.14,No,0.3886700665622861,38.87,Low,53.77
CUST-00191,68,Female,62,101.97,Month-to-month,4,DSL,Electronic check,6322.14,No,0.561559291450793,56.16,Medium,57.26
CUST-00192,39,Male,41,95.38,One year,1,Fiber optic,Mailed check,3910.58,No,0.2151758304675772,21.52,Low,20.52
CUST-00193,45,Female,34,68.11,Month-to-month,3,DSL,Electronic check,2315.74,No,0.5080854143517156,50.81,Medium,34.61
CUST-00194,19,Male,70,22.38,Two year,3,Fiber optic,Mailed check,1566.6,No,0.24026822814530197,24.03,Low,5.38
CUST-00195,59,Female,45,36.59,Month-to-month,3,DSL,Bank transfer,1646.55,No,0.5049341468214699,50.49,Medium,18.48
CUST-00196,62,Male,58,118.05,Two year,1,Fiber optic,Credit card,6846.9,No,0.2734718291711016,27.35,Low,32.28
CUST-00197,74,Male,51,81.3,Month-to-month,2,Fiber optic,Credit card,4146.3,No,0.4874837696191734,48.75,Medium,39.63
CUST-00198,70,Male,34,39.48,One year,3,Fiber optic,Mailed check,1342.32,No,0.27527081465474373,27.53,Low,10.87
CUST-00199,23,Female,44,54.31,Month-to-month,2,Fiber optic,Electronic check,2389.64,No,0.36991913906178153,36.99,Low,20.09
CUST-00200,45,Female,15,143.22,One year,3,Fiber optic,Bank transfer,2148.3,Yes,0.6080024547801919,60.8,Medium,87.08
CUST-00201,45,Male,70,67.73,Month-to-month,3,Fiber optic,Electronic check,4741.1,No,0.45639533443043023,45.64,Medium,30.91
CUST-00202,61,Male,50,138.0,Month-to-month,5,DSL,Credit card,6900.0,No,0.5509575829458337,55.1,Medium,76.03
CUST-00203,61,Male,32,59.6,One year,3,Fiber optic,Credit card,1907.2,No,0.33748610339127016,33.75,Low,20.11
CUST-00204,37,Female,67,90.62,One year,2,Fiber optic,Bank transfer,6071.54,Yes,0.3893729586090615,38.94,Low,35.28
CUST-00205,47,Male,3,22.66,One year,3,Fiber optic,Mailed check,67.98,No,0.28721258644733044,28.72,Low,6.51
CUST-00206,28,Male,51,87.84,Month-to-month,3,DSL,Bank transfer,4479.84,Yes,0.5432926344248815,54.33,Medium,47.72
CUST-00207,75,Male,67,102.8,Month-to-month,3,Fiber optic,Credit card,6887.6,No,0.4890414456493504,48.9,Medium,50.27
CUST-00208,72,Male,48,50.46,One year,1,No,Bank transfer,2422.08,No,0.28665317787627964,28.67,Low,14.46
CUST-00209,45,Female,17,95.26,Month-to-month,4,Fiber optic,Credit card,1619.42,Yes,0.5960124443271185,59.6,Medium,56.78
CUST-00210,42,Female,7,104.13,Month-to-month,3,Fiber optic,Electronic check,728.91,Yes,0.7720684587075107,77.21,High,80.4
CUST-00211,56,Male,13,109.3,Month-to-month,5,DSL,Credit card,1420.9,Yes,0.7424626363294171,74.25,High,81.15
CUST-00212,50,Male,66,120.93,Month-to-month,2,Fiber optic,Credit card,7981.38,No,0.5029771200543188,50.3,Medium,60.83
CUST-00213,18,Female,4,60.47,Month-to-month,5,DSL,Bank transfer,241.88,No,0.4803974563368319,48.04,Medium,29.05
CUST-00214,74,Female,10,93.81,One year,3,DSL,Bank transfer,938.1,Yes,0.7751146209912728,77.51,High,72.71
CUST-00215,44,Male,17,147.61,Two year,2,Fiber optic,Bank transfer,2509.37,No,0.3543035923385649,35.43,Low,52.3
CUST-00216,74,Female,52,136.76,Month-to-month,2,DSL,Electronic check,7111.52,Yes,0.6092892591661699,60.93,Medium,83.33
CUST-00217,69,Female,6,143.85,Two year,2,No,Bank transfer,863.1,Yes,0.7595486795944476,75.95,High,109.26
CUST-00218,30,Male,69,70.2,One year,3,Fiber optic,Electronic check,4843.8,No,0.3075677848331442,30.76,Low,21.59
CUST-00219,58,Female,9,122.3,Two year,2,Fiber optic,Mailed check,1100.7,No,0.37205837343595105,37.21,Low,45.5
CUST-00220,20,Female,21,100.59,Two year,5,Fiber optic,Bank transfer,2112.39,No,0.30258411767022103,30.26,Low,30.44
CUST-00221,56,Male,24,30.76,One year,0,Fiber optic,Bank transfer,738.24,No,0.16377525984335933,16.38,Low,5.04
CUST-00222,23,Male,4,127.12,Month-to-month,1,No,Mailed check,508.48,No,0.55636609982719,55.64,Medium,70.73
CUST-00223,25,Female,24,108.02,Month-to-month,3,DSL,Mailed check,2592.48,Yes,0.5851071261755691,58.51,Medium,63.2
CUST-00224,44,Male,59,45.86,Month-to-month,0,No,Mailed check,2705.74,No,0.3237891310742556,32.38,Low,14.85
CUST-00225,26,Female,3,30.37,Two year,2,Fiber optic,Credit card,91.11,No,0.1927165766390144,19.27,Low,5.85
CUST-00226,54,Male,68,128.81,Two year,4,Fiber optic,Credit card,8759.08,No,0.34404794100193065,34.4,Low,44.32
CUST-00227,50,Female,40,30.26,One year,4,DSL,Credit card,1210.4,Yes,0.5174043830917564,51.74,Medium,15.66
CUST-00228,68,Male,48,31.88,Two year,3,Fiber optic,Mailed check,1530.24,No,0.23002775035646522,23.0,Low,7.33
CUST-00229,59,Female,54,75.56,Two year,2,DSL,Electronic check,4080.24,No,0.20712254058626406,20.71,Low,15.65
CUST-00230,61,Female,35,37.52,Month-to-month,2,No,Bank transfer,1313.2,No,0.4994307842925999,49.94,Medium,18.74
CUST-00231,41,Female,56,138.78,One year,1,Fiber optic,Credit card,7771.68,No,0.3977356960629371,39.77,Low,55.2
CUST-00232,32,Male,40,81.14,Month-to-month,3,Fiber optic,Mailed check,3245.6,Yes,0.5196845946165198,51.97,Medium,42.17
CUST-00233,71,Male,68,93.99,Month-to-month,3,No,Bank transfer,6391.32,Yes,0.5691583992716904,56.92,Medium,53.5
CUST-00234,49,Female,46,140.65,Month-to-month,0,DSL,Credit card,6469.9,Yes,0.6112778719023627,61.13,Medium,85.98
CUST-00235,49,Female,13,88.93,Month-to-month,2,No,Mailed check,1156.09,No,0.5924735720246198,59.25,Medium,52.69
CUST-00236,41,Male,27,65.97,One year,0,Fiber optic,Bank transfer,1781.19,No,0.18444833353692583,18.44,Low,12.17
CUST-00237,58,Male,6,123.63,Month-to-month,5,DSL,Credit card,741.78,No,0.6244378238627455,62.44,Medium,77.2
CUST-00238,69,Male,17,77.57,Two year,1,Fiber optic,Credit card,1318.69,No,0.31359491419783897,31.36,Low,24.33
CUST-00239,66,Male,36,61.4,Month-to-month,4,Fiber optic,Credit card,2210.4,Yes,0.657448539089696,65.74,Medium,40.37
CUST-00240,66,Male,2,114.02,Month-to-month,2,Fiber optic,Credit card,228.04,No,0.613718831123023,61.37,Medium,69.98
CUST-00241,75,Male,52,124.21,Two year,3,Fiber optic,Credit card,6458.92,No,0.3550606961996657,35.51,Low,44.1
CUST-00242,69,Female,66,122.92,One year,1,DSL,Mailed check,8112.72,No,0.23350751700288802,23.35,Low,28.7
CUST-00243,29,Male,52,147.1,Month-to-month,0,DSL,Bank transfer,7649.2,No,0.48001531282741666,48.0,Medium,70.61
CUST-00244,56,Female,43,122.27,Month-to-month,4,No,Credit card,5257.61,Yes,0.7381213591392128,73.81,High,90.25
CUST-00245,19,Male,22,120.09,Month-to-month,4,DSL,Bank transfer,2641.98,No,0.45851623902671446,45.85,Medium,55.06
CUST-00246,20,Male,55,131.47,Two year,4,No,Credit card,7230.85,No,0.21823161398259497,21.82,Low,28.69
CUST-00247,66,Female,67,20.02,One year,1,DSL,Mailed check,1341.34,Yes,0.7111265620177749,71.11,High,14.24
CUST-00248,54,Female,60,67.12,Month-to-month,2,Fiber optic,Mailed check,4027.2,No,0.5370256802764322,53.7,Medium,36.05
CUST-00249,66,Male,58,115.89,Month-to-month,3,DSL,Bank transfer,6721.62,No,0.5967396167594479,59.67,Medium,69.16
CUST-00250,73,Female,12,97.96,Two year,3,No,Credit card,1175.52,No,0.18393613336645984,18.39,Low,18.02
CUST-00251,34,Female,69,43.08,One year,3,DSL,Mailed check,2972.52,No,0.34312081302533987,34.31,Low,14.78
CUST-00252,66,Female,39,59.49,Two year,2,Fiber optic,Credit card,2320.11,No,0.32545878606193873,32.55,Low,19.36
CUST-00253,19,Female,13,63.78,Month-to-month,2,Fiber optic,Credit card,829.14,No,0.546971360665267,54.7,Medium,34.89
CUST-00254,19,Male,41,93.82,Two year,5,Fiber optic,Electronic check,3846.62,No,0.24919100135127556,24.92,Low,23.38
CUST-00255,45,Female,57,128.11,One year,2,Fiber optic,Mailed check,7302.27,No,0.42512862752611,42.51,Medium,54.46
CUST-00256,71,Male,53,141.22,One year,2,No,Bank transfer,7484.66,Yes,0.5341652873851861,53.42,Medium,75.43
CUST-00257,40,Male,12,117.51,Month-to-month,1,No,Bank transfer,1410.12,No,0.4805086121954709,48.05,Medium,56.46
CUST-00258,54,Male,13,129.58,Two year,2,Fiber optic,Credit card,1684.54,No,0.26827139082924784,26.83,Low,34.76
CUST-00259,49,Male,57,81.11,One year,4,Fiber optic,Credit card,4623.27,No,0.33925363209064674,33.93,Low,27.52
CUST-00260,50,Female,40,70.67,Two year,3,Fiber optic,Credit card,2826.8,No,0.2751507014508559,27.52,Low,19.44
CUST-00261,18,Female,45,71.05,Month-to-month,1,DSL,Electronic check,3197.25,No,0.37099001465525616,37.1,Low,26.36
CUST-00262,36,Male,35,100.09,Month-to-month,3,Fiber optic,Credit card,3503.15,No,0.4287265996430502,42.87,Medium,42.91
CUST-00263,19,Male,3,36.15,Month-to-month,2,DSL,Credit card,108.45,No,0.4953767811842484,49.54,Medium,17.91
CUST-00264,70,Male,5,95.33,Month-to-month,1,Fiber optic,Bank transfer,476.65,Yes,0.7416263042848915,74.16,High,70.7
CUST-00265,61,Male,11,106.47,Month-to-month,0,Fiber optic,Electronic check,1171.17,Yes,0.7118540954165017,71.19,High,75.79
CUST-00266,43,Female,71,77.06,Month-to-month,3,No,Bank transfer,5471.26,No,0.45138455202890004,45.14,Medium,34.78
CUST-00267,49,Male,56,143.91,Month-to-month,4,DSL,Electronic check,8058.96,Yes,0.6260797939894335,62.61,Medium,90.1
CUST-00268,23,Female,10,99.07,Two year,4,Fiber optic,Electronic check,990.7,No,0.3744492379568267,37.44,Low,37.1
CUST-00269,49,Male,34,48.6,Month-to-month,1,Fiber optic,Mailed check,1652.4,Yes,0.4917713550013668,49.18,Medium,23.9
CUST-00270,72,Male,67,82.3,Month-to-month,3,No,Mailed check,5514.1,No,0.4878437085509786,48.78,Medium,40.15
CUST-00271,21,Male,72,107.8,Two year,2,DSL,Mailed check,7761.6,No,0.3050622748221829,30.51,Low,32.89
CUST-00272,72,Male,31,62.07,One year,3,DSL,Bank transfer,1924.17,No,0.3289712720002047,32.9,Low,20.42
CUST-00273,28,Female,71,30.35,One year,1,Fiber optic,Mailed check,2154.85,Yes,0.5301241980568718,53.01,Medium,16.09
CUST-00274,73,Female,66,95.85,Month-to-month,2,Fiber optic,Mailed check,6326.1,No,0.4935507816934928,49.36,Medium,47.31
CUST-00275,34,Female,70,143.22,Month-to-month,2,Fiber optic,Bank transfer,10025.4,No,0.5106606848859575,51.07,Medium,73.14
CUST-00276,55,Male,41,83.06,Month-to-month,6,No,Electronic check,3405.46,Yes,0.7403248449397715,74.03,High,61.49
CUST-00277,41,Male,63,137.79,Month-to-month,6,DSL,Electronic check,8680.77,Yes,0.6796926828524725,67.97,Medium,93.65
CUST-00278,22,Female,32,128.55,Two year,3,Fiber optic,Credit card,4113.6,No,0.3361230472415653,33.61,Low,43.21
CUST-00279,69,Female,20,39.16,One year,2,DSL,Credit card,783.2,Yes,0.5334095491615245,53.34,Medium,20.89
CUST-00280,51,Male,57,112.06,Month-to-month,1,DSL,Mailed check,6387.42,Yes,0.5803094505637542,58.03,Medium,65.03
CUST-00281,23,Male,50,76.61,One year,3,No,Bank transfer,3830.5,No,0.31747618443086045,31.75,Low,24.32
CUST-00282,39,Female,25,52.53,Month-to-month,2,Fiber optic,Electronic check,1313.25,No,0.45125847615753706,45.13,Medium,23.7
CUST-00283,28,Male,12,109.3,Month-to-month,3,No,Bank transfer,1311.6,Yes,0.6454916769193316,64.55,Medium,70.55
CUST-00284,65,Male,71,116.55,Two year,2,Fiber optic,Credit card,8275.05,No,0.3068605718584296,30.69,Low,35.76
CUST-00285,33,Female,39,43.39,Month-to-month,4,Fiber optic,Mailed check,1692.21,Yes,0.6130894450383826,61.31,Medium,26.6
CUST-00286,50,Male,17,138.88,Two year,3,Fiber optic,Credit card,2360.96,No,0.3666120709884025,36.66,Low,50.92
CUST-00287,26,Female,45,117.65,Month-to-month,2,No,Credit card,5294.25,No,0.5249514911325758,52.5,Medium,61.76
CUST-00288,23,Male,11,141.34,One year,2,Fiber optic,Electronic check,1554.74,No,0.28491496357024004,28.49,Low,40.27
CUST-00289,33,Female,70,61.22,Month-to-month,3,Fiber optic,Bank transfer,4285.4,No,0.44448337354054746,44.45,Medium,27.21
CUST-00290,46,Male,23,142.11,Month-to-month,1,DSL,Electronic check,3268.53,No,0.49301049870887054,49.3,Medium,70.06
CUST-00291,20,Female,70,67.91,One year,7,Fiber optic,Electronic check,4753.7,No,0.2681017394762959,26.81,Low,18.21
CUST-00292,37,Female,38,27.02,Two year,2,No,Credit card,1026.76,No,0.25307057271794725,25.31,Low,6.84
CUST-00293,53,Female,2,119.19,One year,3,Fiber optic,Mailed check,238.38,No,0.46898255487669294,46.9,Medium,55.9
CUST-00294,36,Female,72,111.46,One year,2,Fiber optic,Credit card,8025.12,Yes,0.523758260261857,52.38,Medium,58.38
CUST-00295,43,Male,37,97.73,Two year,2,DSL,Bank transfer,3616.01,No,0.32269231179184993,32.27,Low,31.54
CUST-00296,20,Male,49,83.69,Month-to-month,2,No,Mailed check,4100.81,No,0.5051467788598466,50.51,Medium,42.28
CUST-00297,36,Female,52,24.18,Month-to-month,3,DSL,Electronic check,1257.36,No,0.44548178111569503,44.55,Medium,10.77
CUST-00298,37,Male,33,101.2,Month-to-month,3,No,Bank transfer,3339.6,Yes,0.5603992245609405,56.04,Medium,56.71
CUST-00299,49,Male,22,74.19,One year,2,No,Bank transfer,1632.18,Yes,0.4803948621519543,48.04,Medium,35.64
CUST-00300,24,Male,5,92.83,Two year,1,DSL,Bank transfer,464.15,No,0.25623434982865734,25.62,Low,23.79
CUST-00301,69,Male,18,75.81,One year,1,Fiber optic,Bank transfer,1364.58,Yes,0.5018106595831318,50.18,Medium,38.04
CUST-00302,58,Male,38,145.59,Two year,3,Fiber optic,Credit card,5532.42,Yes,0.6034153506743636,60.34,Medium,87.85
CUST-00303,50,Female,37,98.53,One year,2,Fiber optic,Bank transfer,3645.61,No,0.321665205285234,32.17,Low,31.69
CUST-00304,57,Female,64,117.4,Month-to-month,2,DSL,Credit card,7513.6,Yes,0.6495869323917076,64.96,Medium,76.26
CUST-00305,56,Female,10,141.73,Month-to-month,2,Fiber optic,Mailed check,1417.3,Yes,0.8168895988466768,81.69,High,115.78
CUST-00306,35,Female,42,96.91,Two year,2,Fiber optic,Bank transfer,4070.22,No,0.24695295391541938,24.7,Low,23.93
CUST-00307,57,Male,48,21.57,Month-to-month,1,DSL,Credit card,1035.36,Yes,0.5959871012545412,59.6,Medium,12.86
CUST-00308,18,Male,44,24.46,Month-to-month,4,DSL,Bank transfer,1076.24,No,0.5110916042350983,51.11,Medium,12.5
CUST-00309,28,Female,16,111.3,Month-to-month,2,Fiber optic,Mailed check,1780.8,No,0.4975360801396972,49.75,Medium,55.38
CUST-00310,45,Male,54,56.28,Month-to-month,3,DSL,Electronic check,3039.12,No,0.46378065201496754,46.38,Medium,26.1
CUST-00311,74,Male,35,95.32,One year,1,Fiber optic,Mailed check,3336.2,No,0.3504100091603803,35.04,Low,33.4
CUST-00312,42,Female,28,46.3,Month-to-month,0,Fiber optic,Electronic check,1296.4,No,0.48869516614333747,48.87,Medium,22.63
CUST-00313,67,Male,2,55.13,Two year,3,Fiber optic,Credit card,110.26,Yes,0.6961973416367815,69.62,Medium,38.38
CUST-00314,40,Female,13,85.6,Month-to-month,1,Fiber optic,Mailed check,1112.8,Yes,0.6578930269766438,65.79,Medium,56.32
CUST-00315,48,Female,41,146.82,One year,2,Fiber optic,Credit card,6019.62,No,0.49541764518031606,49.54,Medium,72.74
CUST-00316,47,Male,59,100.12,One year,1,No,Mailed check,5907.08,No,0.27307577755787316,27.31,Low,27.34
CUST-00317,59,Male,69,141.7,One year,4,Fiber optic,Bank transfer,9777.3,No,0.28783510510874866,28.78,Low,40.79
CUST-00318,52,Female,53,144.72,Two year,2,No,Electronic check,7670.16,No,0.20084685078386688,20.08,Low,29.07
CUST-00319,24,Female,45,47.05,Month-to-month,2,Fiber optic,Bank transfer,2117.25,No,0.4197833033300039,41.98,Medium,19.75
CUST-00320,33,Male,20,60.46,Month-to-month,3,Fiber optic,Credit card,1209.2,No,0.46121691708277,46.12,Medium,27.89
CUST-00321,43,Female,24,120.1,Month-to-month,2,DSL,Bank transfer,2882.4,No,0.5716887205233292,57.17,Medium,68.66
CUST-00322,65,Female,61,132.68,Two year,5,Fiber optic,Electronic check,8093.48,No,0.240379055613649,24.04,Low,31.89
CUST-00323,74,Female,58,87.5,Two year,3,Fiber optic,Electronic check,5075.0,No,0.30085401360538516,30.09,Low,26.32
CUST-00324,69,Male,27,149.12,Month-to-month,2,Fiber optic,Electronic check,4026.24,Yes,0.697161886909089,69.72,Medium,103.96
CUST-00325,66,Female,26,21.5,One year,5,No,Electronic check,559.0,No,0.3270811789628685,32.71,Low,7.03
CUST-00326,19,Male,7,58.95,Month-to-month,4,No,Electronic check,412.65,No,0.384932384431799,38.49,Low,22.69
CUST-00327,18,Female,42,101.01,Month-to-month,3,DSL,Credit card,4242.42,No,0.43699105815909034,43.7,Medium,44.14
CUST-00328,65,Male,47,81.01,One year,2,Fiber optic,Bank transfer,3807.47,No,0.3699183486825018,36.99,Low,29.97
CUST-00329,29,Female,53,35.16,Month-to-month,1,DSL,Mailed check,1863.48,No,0.4166101589339395,41.66,Medium,14.65
CUST-00330,22,Male,59,67.81,Month-to-month,3,DSL,Bank transfer,4000.79,No,0.48788831685582135,48.79,Medium,33.08
CUST-00331,54,Male,38,23.31,One year,2,DSL,Bank transfer,885.78,No,0.33888966170415935,33.89,Low,7.9
CUST-00332,49,Male,69,103.56,One year,2,Fiber optic,Credit card,7145.64,Yes,0.4015675177856858,40.16,Medium,41.59
CUST-00333,72,Female,53,136.06,Month-to-month,2,No,Credit card,7211.18,No,0.5585549169009743,55.86,Medium,76.0
CUST-00334,26,Female,15,135.03,One year,2,Fiber optic,Credit card,2025.45,Yes,0.5577937628372058,55.78,Medium,75.32
CUST-00335,58,Female,26,110.94,Month-to-month,0,No,Credit card,2884.44,No,0.45673277375534826,45.67,Medium,50.67
CUST-00336,52,Male,48,80.55,Month-to-month,0,No,Bank transfer,3866.4,No,0.3771675529385824,37.72,Low,30.38
CUST-00337,36,Female,19,86.56,One year,1,Fiber optic,Electronic check,1644.64,No,0.17710886819922755,17.71,Low,15.33
CUST-00338,65,Male,9,37.8,Month-to-month,1,Fiber optic,Electronic check,340.2,No,0.484010420504895,48.4,Medium,18.3
CUST-00339,33,Female,64,64.33,Month-to-month,5,DSL,Credit card,4117.12,No,0.5321961752790059,53.22,Medium,34.24
CUST-00340,20,Male,54,44.4,Month-to-month,1,Fiber optic,Mailed check,2397.6,No,0.3681940821195352,36.82,Low,16.35
CUST-00341,37,Male,51,126.76,Two year,5,Fiber optic,Bank transfer,6464.76,No,0.3885282234879464,38.85,Low,49.25
CUST-00342,41,Male,39,138.92,Month-to-month,2,DSL,Bank transfer,5417.88,No,0.5275145800754557,52.75,Medium,73.28
CUST-00343,71,Female,4,89.8,Month-to-month,0,Fiber optic,Mailed check,359.2,No,0.42085352476798604,42.09,Medium,37.79
CUST-00344,73,Female,3,114.61,Month-to-month,3,Fiber optic,Credit card,343.83,Yes,0.7882354634237243,78.82,High,90.34
CUST-00345,50,Female,64,35.79,Month-to-month,2,Fiber optic,Bank transfer,2290.56,No,0.46261829728844345,46.26,Medium,16.56
CUST-00346,41,Male,29,99.11,One year,2,No,Mailed check,2874.19,Yes,0.52084094806299,52.08,Medium,51.62
CUST-00347,69,Male,11,111.36,Month-to-month,2,Fiber optic,Electronic check,1224.96,No,0.6295796112431052,62.96,Medium,70.11
CUST-00348,28,Female,58,78.86,Two year,5,Fiber optic,Mailed check,4573.88,No,0.34142250177855377,34.14,Low,26.92
CUST-00349,66,Female,27,51.63,One year,4,DSL,Mailed check,1394.01,No,0.31613072701159767,31.61,Low,16.32
CUST-00350,25,Female,21,134.06,One year,6,Fiber optic,Credit card,2815.26,No,0.3043131319816961,30.43,Low,40.8
CUST-00351,53,Male,39,116.58,Month-to-month,6,DSL,Bank transfer,4546.62,Yes,0.6851467595389262,68.51,Medium,79.87
CUST-00352,55,Male,46,136.98,Month-to-month,1,DSL,Mailed check,6301.08,No,0.552833174760846,55.28,Medium,75.73
CUST-00353,57,Male,66,126.39,Month-to-month,2,DSL,Bank transfer,8341.74,No,0.5359056238057499,53.59,Medium,67.73
CUST-00354,37,Male,36,148.75,Month-to-month,1,Fiber optic,Bank transfer,5355.0,Yes,0.604555503632068,60.46,Medium,89.93
CUST-00355,52,Male,65,44.98,Month-to-month,1,Fiber optic,Credit card,2923.7,No,0.4148141855103546,41.48,Medium,18.66
CUST-00356,65,Female,63,31.28,One year,7,DSL,Electronic check,1970.64,No,0.2955448919595857,29.55,Low,9.24
CUST-00357,42,Male,35,63.81,Month-to-month,2,DSL,Bank transfer,2233.35,No,0.5094920402170481,50.95,Medium,32.51
CUST-00358,52,Male,31,36.77,Month-to-month,3,Fiber optic,Credit card,1139.87,No,0.45685775964126096,45.69,Medium,16.8
CUST-00359,42,Male,28,88.01,Month-to-month,4,Fiber optic,Credit card,2464.28,Yes,0.5419506700082644,54.2,Medium,47.7
CUST-00360,46,Male,1,102.29,Month-to-month,2,Fiber optic,Mailed check,102.29,No,0.4856947513641124,48.57,Medium,49.68
CUST-00361,35,Male,25,95.18,Two year,0,DSL,Bank transfer,2379.5,No,0.21695813014898704,21.7,Low,20.65
CUST-00362,63,Female,43,53.7,Month-to-month,3,DSL,Credit card,2309.1,No,0.5440000419994464,54.4,Medium,29.21
CUST-00363,35,Male,67,138.15,Two year,4,DSL,Electronic check,9256.05,No,0.25803196656167926,25.8,Low,35.65
CUST-00364,19,Male,63,22.75,One year,1,Fiber optic,Mailed check,1433.25,No,0.21053339902095117,21.05,Low,4.79
CUST-00365,71,Male,51,65.24,Two year,3,Fiber optic,Electronic check,3327.24,No,0.337489624146188,33.75,Low,22.02
CUST-00366,52,Female,2,113.47,Month-to-month,4,Fiber optic,Credit card,226.94,Yes,0.8340534873206182,83.41,High,94.64
CUST-00367,33,Female,64,119.7,Two year,2,Fiber optic,Mailed check,7660.8,Yes,0.5916622002113312,59.17,Medium,70.82
CUST-00368,58,Female,69,74.1,Month-to-month,4,Fiber optic,Bank transfer,5112.9,No,0.5179028437121171,51.79,Medium,38.38
CUST-00369,53,Male,9,22.2,One year,1,Fiber optic,Mailed check,199.8,No,0.2564182791602571,25.64,Low,5.69
CUST-00370,50,Female,2,100.35,Month-to-month,4,DSL,Mailed check,200.7,Yes,0.8157704138646431,81.58,High,81.86
CUST-00371,21,Male,34,28.2,Month-to-month,1,DSL,Electronic check,958.8,No,0.330383962118962,33.04,Low,9.32
CUST-00372,50,Male,60,34.02,One year,0,Fiber optic,Bank transfer,2041.2,No,0.11070403343601465,11.07,Low,3.77
CUST-00373,31,Female,61,104.53,One year,3,Fiber optic,Credit card,6376.33,Yes,0.46077440191210023,46.08,Medium,48.16
CUST-00374,38,Male,31,60.62,Month-to-month,2,DSL,Electronic check,1879.22,No,0.43674702413861516,43.67,Medium,26.48
CUST-00375,65,Male,10,65.24,Month-to-month,6,Fiber optic,Bank transfer,652.4,Yes,0.8419826487486664,84.2,High,54.93
CUST-00376,37,Male,36,83.28,One year,4,DSL,Credit card,2998.08,No,0.38493677686259437,38.49,Low,32.06
CUST-00377,73,Female,49,147.22,Month-to-month,3,Fiber optic,Mailed check,7213.78,Yes,0.6788807595504603,67.89,Medium,99.94
CUST-00378,25,Male,70,145.51,Month-to-month,2,No,Bank transfer,10185.7,Yes,0.6462441619151459,64.62,Medium,94.03
CUST-00379,24,Male,49,74.11,Two year,0,DSL,Electronic check,3631.39,No,0.2415828299831095,24.16,Low,17.9
CUST-00380,20,Female,3,54.51,Two year,2,DSL,Credit card,163.53,No,0.14581282068495172,14.58,Low,7.95
CUST-00381,34,Male,5,59.34,Two year,5,Fiber optic,Credit card,296.7,Yes,0.7094262902330993,70.94,High,42.1
CUST-00382,50,Male,61,54.94,Two year,1,Fiber optic,Bank transfer,3351.34,No,0.19906066744720577,19.91,Low,10.94
CUST-00383,65,Female,26,89.19,Month-to-month,2,DSL,Bank transfer,2318.94,No,0.5483069658191699,54.83,Medium,48.9
CUST-00384,29,Male,72,98.89,Two year,3,Fiber optic,Mailed check,7120.08,No,0.3128116619303349,31.28,Low,30.93
CUST-00385,68,Male,5,83.54,Month-to-month,2,DSL,Credit card,417.7,No,0.5131644981843495,51.32,Medium,42.87
CUST-00386,39,Male,15,73.04,Month-to-month,2,DSL,Mailed check,1095.6,Yes,0.6353544547449709,63.54,Medium,46.41
CUST-00387,72,Male,16,47.47,Two year,2,Fiber optic,Mailed check,759.52,No,0.20474635077036518,20.47,Low,9.72
CUST-00388,39,Male,1,82.73,Month-to-month,5,Fiber optic,Electronic check,82.73,No,0.6212803417057079,62.13,Medium,51.4
CUST-00389,63,Female,16,64.34,Month-to-month,2,Fiber optic,Electronic check,1029.44,Yes,0.5745930520687785,57.46,Medium,36.97
CUST-00390,47,Female,37,90.41,Month-to-month,0,DSL,Bank transfer,3345.17,No,0.4663179757563146,46.63,Medium,42.16
CUST-00391,55,Female,3,107.77,Month-to-month,2,Fiber optic,Bank transfer,323.31,Yes,0.7696301758324816,76.96,High,82.94
CUST-00392,55,Female,52,102.33,One year,2,Fiber optic,Bank transfer,5321.16,No,0.33332891609755383,33.33,Low,34.11
CUST-00393,62,Male,47,80.12,Month-to-month,2,Fiber optic,Electronic check,3765.64,No,0.5261962755574475,52.62,Medium,42.16
CUST-00394,68,Male,13,92.29,Month-to-month,3,Fiber optic,Mailed check,1199.77,No,0.4882164233387942,48.82,Medium,45.06
CUST-00395,71,Male,55,57.03,Month-to-month,5,No,Mailed check,3136.65,Yes,0.7912264675304639,79.12,High,45.12
CUST-00396,25,Male,21,23.15,Month-to-month,2,Fiber optic,Electronic check,486.15,No,0.35423548026146795,35.42,Low,8.2
CUST-00397,44,Male,66,101.25,Month-to-month,3,Fiber optic,Bank transfer,6682.5,No,0.45416760963662817,45.42,Medium,45.98
CUST-00398,44,Female,54,52.83,Two year,3,Fiber optic,Bank transfer,2852.82,No,0.24003164830871399,24.0,Low,12.68
CUST-00399,51,Female,27,106.96,Month-to-month,2,Fiber optic,Mailed check,2887.92,Yes,0.6060772323671688,60.61,Medium,64.83
CUST-00400,38,Male,38,117.11,Two year,3,DSL,Credit card,4450.18,Yes,0.477820840336202,47.78,Medium,55.96
CUST-00401,47,Male,58,139.07,Month-to-month,2,Fiber optic,Credit card,8066.06,Yes,0.5951863432180287,59.52,Medium,82.77
CUST-00402,50,Male,62,144.56,Month-to-month,1,DSL,Credit card,8962.72,Yes,0.576424445387637,57.64,Medium,83.33
CUST-00403,45,Female,46,21.37,Month-to-month,3,Fiber optic,Credit card,983.02,Yes,0.5317481416662633,53.17,Medium,11.36
CUST-00404,64,Male,11,148.75,Month-to-month,3,Fiber optic,Bank transfer,1636.25,No,0.5163394046865103,51.63,Medium,76.81
CUST-00405,50,Male,72,108.79,Month-to-month,3,No,Electronic check,7832.88,Yes,0.6039489562609138,60.39,Medium,65.7
CUST-00406,22,Male,8,103.66,Month-to-month,0,DSL,Electronic check,829.28,No,0.37273616267356,37.27,Low,38.64
CUST-00407,65,Female,71,21.98,Month-to-month,1,DSL,Credit card,1560.58,Yes,0.6809808210414189,68.1,Medium,14.97
CUST-00408,36,Male,64,131.96,Month-to-month,3,Fiber optic,Electronic check,8445.44,No,0.4980985411975781,49.81,Medium,65.73
CUST-00409,21,Female,21,38.91,One year,3,Fiber optic,Mailed check,817.11,No,0.3046572663236643,30.47,Low,11.85
CUST-00410,52,Female,72,128.85,Two year,0,Fiber optic,Credit card,9277.2,Yes,0.6659552805082346,66.6,Medium,85.81
CUST-00411,66,Female,63,22.02,Month-to-month,3,Fiber optic,Bank transfer,1387.26,Yes,0.6197813341505913,61.98,Medium,13.65
CUST-00412,34,Female,64,103.98,One year,1,Fiber optic,Credit card,6654.72,No,0.23606027316266837,23.61,Low,24.55
CUST-00413,61,Female,20,76.52,One year,2,DSL,Mailed check,1530.4,No,0.3484051644765337,34.84,Low,26.66
CUST-00414,45,Female,8,46.1,Month-to-month,3,Fiber optic,Electronic check,368.8,No,0.5843346110543745,58.43,Medium,26.94
CUST-00415,47,Male,58,33.98,Two year,4,DSL,Electronic check,1970.84,No,0.30815908901561156,30.82,Low,10.47
CUST-00416,46,Male,46,77.22,Two year,1,DSL,Electronic check,3552.12,Yes,0.5161959363988139,51.62,Medium,39.86
CUST-00417,63,Male,31,36.03,Month-to-month,4,Fiber optic,Bank transfer,1116.93,No,0.5771216791591807,57.71,Medium,20.79
CUST-00418,70,Female,9,83.24,One year,5,Fiber optic,Credit card,749.16,No,0.5250941151396132,52.51,Medium,43.71
CUST-00419,23,Male,15,101.28,One year,6,Fiber optic,Bank transfer,1519.2,Yes,0.6778396777042002,67.78,Medium,68.65
CUST-00420,52,Female,26,127.56,Month-to-month,4,DSL,Mailed check,3316.56,Yes,0.6345243098712584,63.45,Medium,80.94
CUST-00421,58,Female,10,108.22,Month-to-month,1,No,Bank transfer,1082.2,Yes,0.7714927785924672,77.15,High,83.49
CUST-00422,54,Female,29,28.48,Two year,0,DSL,Credit card,825.92,No,0.2558454516534046,25.58,Low,7.29
CUST-00423,41,Male,36,59.97,One year,2,Fiber optic,Electronic check,2158.92,No,0.20442574209454492,20.44,Low,12.26
CUST-00424,46,Female,37,57.44,Month-to-month,2,Fiber optic,Electronic check,2125.28,Yes,0.5274706539604317,52.75,Medium,30.3
CUST-00425,66,Female,71,138.95,Month-to-month,0,No,Electronic check,9865.45,No,0.30253638474262073,30.25,Low,42.04
CUST-00426,63,Male,23,132.81,Two year,3,Fiber optic,Electronic check,3054.63,Yes,0.5424336438612085,54.24,Medium,72.04
CUST-00427,70,Male,41,68.12,Month-to-month,2,DSL,Bank transfer,2792.92,Yes,0.5543759488890991,55.44,Medium,37.76
CUST-00428,48,Female,28,29.25,One year,3,Fiber optic,Credit card,819.0,No,0.3772872992032974,37.73,Low,11.04
CUST-00429,52,Female,48,136.23,Month-to-month,4,Fiber optic,Credit card,6539.04,Yes,0.6729692443653871,67.3,Medium,91.68
CUST-00430,50,Male,38,135.46,Month-to-month,1,Fiber optic,Credit card,5147.48,Yes,0.6257082464125968,62.57,Medium,84.76
CUST-00431,69,Male,31,131.12,Month-to-month,2,Fiber optic,Bank transfer,4064.72,No,0.5705864393118325,57.06,Medium,74.82
CUST-00432,38,Male,14,129.86,Month-to-month,2,Fiber optic,Electronic check,1818.04,Yes,0.5771212739112592,57.71,Medium,74.94
CUST-00433,49,Female,29,82.43,Month-to-month,1,Fiber optic,Electronic check,2390.47,Yes,0.5438889990150917,54.39,Medium,44.83
CUST-00434,40,Male,51,43.07,One year,5,Fiber optic,Credit card,2196.57,No,0.35847028955096893,35.85,Low,15.44
CUST-00435,50,Male,49,82.07,One year,4,No,Electronic check,4021.43,No,0.24527392330810158,24.53,Low,20.13
CUST-00436,20,Male,43,84.3,Month-to-month,3,No,Bank transfer,3624.9,No,0.45950735565473877,45.95,Medium,38.74
CUST-00437,35,Female,72,83.69,One year,2,Fiber optic,Mailed check,6025.68,No,0.3601409097116278,36.01,Low,30.14
CUST-00438,42,Male,5,90.04,Month-to-month,3,No,Electronic check,450.2,Yes,0.7439435195739956,74.39,High,66.98
CUST-00439,59,Male,42,53.5,Month-to-month,2,Fiber optic,Mailed check,2247.0,Yes,0.5217283738605,52.17,Medium,27.91
CUST-00440,48,Male,7,67.61,Month-to-month,3,Fiber optic,Mailed check,473.27,No,0.5856488109311214,58.56,Medium,39.6
CUST-00441,71,Male,42,76.44,Month-to-month,4,DSL,Mailed check,3210.48,Yes,0.7271335110442956,72.71,High,55.58
CUST-00442,75,Male,36,37.05,Two year,2,No,Electronic check,1333.8,No,0.19108785508447707,19.11,Low,7.08
CUST-00443,20,Female,27,79.2,One year,3,Fiber optic,Mailed check,2138.4,No,0.33739377727833386,33.74,Low,26.72
CUST-00444,57,Female,58,125.36,Month-to-month,1,Fiber optic,Electronic check,7270.88,No,0.5236913342230555,52.37,Medium,65.65
CUST-00445,63,Female,46,127.65,One year,2,No,Credit card,5871.9,No,0.34939838621577707,34.94,Low,44.6
CUST-00446,41,Male,66,73.5,Month-to-month,2,Fiber optic,Bank transfer,4851.0,No,0.4804026920463317,48.04,Medium,35.31
CUST-00447,67,Female,25,87.45,Month-to-month,0,Fiber optic,Mailed check,2186.25,No,0.47835065396156506,47.84,Medium,41.83
CUST-00448,49,Female,27,24.37,Month-to-month,6,DSL,Mailed check,657.99,No,0.596361326352343,59.64,Medium,14.53
CUST-00449,64,Female,1,107.68,One year,2,DSL,Credit card,107.68,No,0.29118532922466084,29.12,Low,31.35
CUST-00450,39,Male,42,72.6,Month-to-month,3,Fiber optic,Bank transfer,3049.2,No,0.47601762380585333,47.6,Medium,34.56
CUST-00451,40,Male,52,77.91,Two year,3,Fiber optic,Credit card,4051.32,No,0.295659347576423,29.57,Low,23.03
CUST-00452,19,Female,25,133.58,Month-to-month,1,DSL,Bank transfer,3339.5,No,0.5177026855425066,51.77,Medium,69.15
CUST-00453,44,Female,54,80.04,Month-to-month,1,Fiber optic,Mailed check,4322.16,Yes,0.4966876524338008,49.67,Medium,39.75
CUST-00454,59,Male,67,22.75,Two year,1,DSL,Bank transfer,1524.25,Yes,0.510393550769503,51.04,Medium,11.61
CUST-00455,19,Male,6,49.57,Month-to-month,1,DSL,Credit card,297.42,Yes,0.6776230820070761,67.76,Medium,33.59
CUST-00456,43,Female,58,81.83,Two year,1,Fiber optic,Mailed check,4746.14,No,0.20711383505749592,20.71,Low,16.95
CUST-00457,34,Male,70,75.17,Two year,7,Fiber optic,Credit card,5261.9,No,0.33711266286762376,33.71,Low,25.34
CUST-00458,57,Female,53,131.85,Two year,5,Fiber optic,Mailed check,6988.05,No,0.34604017886999067,34.6,Low,45.63
CUST-00459,50,Male,66,90.48,Month-to-month,3,DSL,Electronic check,5971.68,No,0.4826779748200759,48.27,Medium,43.67
CUST-00460,26,Female,58,109.65,Month-to-month,3,No,Mailed check,6359.7,No,0.49884207003583697,49.88,Medium,54.7
CUST-00461,60,Female,2,81.01,One year,2,No,Bank transfer,162.02,Yes,0.6629168815811113,66.29,Medium,53.7
CUST-00462,71,Male,22,77.16,One year,2,Fiber optic,Bank transfer,1697.52,No,0.38336506243111534,38.34,Low,29.58
CUST-00463,65,Female,37,78.02,One year,1,No,Bank transfer,2886.74,No,0.2841557153706751,28.42,Low,22.17
CUST-00464,56,Female,20,73.42,Month-to-month,3,Fiber optic,Bank transfer,1468.4,No,0.5031473777488927,50.31,Medium,36.94
CUST-00465,46,Female,24,90.02,Month-to-month,2,DSL,Bank transfer,2160.48,Yes,0.579675831456544,57.97,Medium,52.18
CUST-00466,59,Male,65,52.56,Month-to-month,0,DSL,Electronic check,3416.4,No,0.3712438551559737,37.12,Low,19.51
CUST-00467,72,Male,65,135.84,Month-to-month,3,DSL,Mailed check,8829.6,No,0.4436327059398986,44.36,Medium,60.26
CUST-00468,43,Male,1,63.3,Month-to-month,3,Fiber optic,Mailed check,63.3,No,0.4121587327079561,41.22,Medium,26.09
CUST-00469,52,Female,3,39.18,Month-to-month,1,Fiber optic,Electronic check,117.54,No,0.6379800595076357,63.8,Medium,25.0
CUST-00470,67,Male,46,32.55,Month-to-month,2,Fiber optic,Electronic check,1497.3,Yes,0.5356531434234664,53.57,Medium,17.44
CUST-00471,42,Female,55,21.74,One year,4,Fiber optic,Bank transfer,1195.7,No,0.39528873321582847,39.53,Low,8.59
CUST-00472,41,Female,64,74.97,One year,2,Fiber optic,Credit card,4798.08,No,0.31404813419519767,31.4,Low,23.54
CUST-00473,30,Male,45,44.39,Month-to-month,1,DSL,Credit card,1997.55,Yes,0.5187219231301309,51.87,Medium,23.03
CUST-00474,75,Male,26,22.81,Month-to-month,4,DSL,Bank transfer,593.06,Yes,0.7185803297644114,71.86,High,16.39
CUST-00475,24,Female,65,87.6,One year,2,Fiber optic,Electronic check,5694.0,No,0.23222380497372905,23.22,Low,20.34
CUST-00476,74,Female,24,108.4,Month-to-month,2,Fiber optic,Mailed check,2601.6,No,0.5528178713811672,55.28,Medium,59.93
CUST-00477,53,Male,35,31.15,Two year,4,Fiber optic,Credit card,1090.25,No,0.3472216158645343,34.72,Low,10.82
CUST-00478,62,Male,24,79.92,One year,0,DSL,Credit card,1918.08,No,0.21718816554981,21.72,Low,17.36
CUST-00479,37,Male,28,116.67,Two year,1,DSL,Electronic check,3266.76,No,0.31890162292154933,31.89,Low,37.21
CUST-00480,18,Female,16,148.15,One year,1,No,Bank transfer,2370.4,Yes,0.7326061997082542,73.26,High,108.54
CUST-00481,25,Female,59,106.73,Month-to-month,3,DSL,Mailed check,6297.07,No,0.4981465952264009,49.81,Medium,53.17
CUST-00482,63,Female,54,51.83,One year,3,DSL,Bank transfer,2798.82,No,0.37566968065246686,37.57,Low,19.47
CUST-00483,33,Female,16,113.15,Month-to-month,6,Fiber optic,Bank transfer,1810.4,No,0.5134478160364698,51.34,Medium,58.1
CUST-00484,31,Female,15,97.73,Month-to-month,2,DSL,Bank transfer,1465.95,Yes,0.5805542015832754,58.06,Medium,56.74
CUST-00485,29,Male,11,47.53,Month-to-month,4,No,Bank transfer,522.83,Yes,0.7615638149023117,76.16,High,36.2
CUST-00486,68,Male,65,130.64,Month-to-month,1,Fiber optic,Credit card,8491.6,No,0.4951842445910484,49.52,Medium,64.69
CUST-00487,40,Female,68,75.56,Month-to-month,2,No,Electronic check,5138.08,No,0.41527777397827426,41.53,Medium,31.38
CUST-00488,32,Female,43,145.06,Month-to-month,2,Fiber optic,Mailed check,6237.58,No,0.5515950812273518,55.16,Medium,80.01
CUST-00489,45,Male,69,113.98,One year,1,Fiber optic,Credit card,7864.62,No,0.2621573963179456,26.22,Low,29.88
CUST-00490,51,Male,13,103.79,Two year,3,Fiber optic,Mailed check,1349.27,No,0.25459081986540194,25.46,Low,26.42
CUST-00491,19,Male,10,114.69,Month-to-month,8,Fiber optic,Mailed check,1146.9,Yes,0.8162911999522845,81.63,High,93.62
CUST-00492,49,Male,41,82.15,Month-to-month,3,DSL,Credit card,3368.15,No,0.4983558516873872,49.84,Medium,40.94
CUST-00493,40,Female,50,85.68,Month-to-month,4,Fiber optic,Credit card,4284.0,No,0.4922581499316526,49.23,Medium,42.18
CUST-00494,39,Male,71,130.66,Two year,2,DSL,Mailed check,9276.86,No,0.3966807572079246,39.67,Low,51.83
CUST-00495,68,Female,59,108.52,Month-to-month,2,Fiber optic,Mailed check,6402.68,No,0.5409603189281357,54.1,Medium,58.71
CUST-00496,42,Male,39,136.64,Two year,2,Fiber optic,Electronic check,5328.96,No,0.24458317374812874,24.46,Low,33.42
CUST-00497,75,Male,3,135.81,Month-to-month,2,DSL,Credit card,407.43,Yes,0.7516752188869792,75.17,High,102.09
CUST-00498,39,Male,7,146.94,Two year,5,DSL,Credit card,1028.58,Yes,0.8745476997165469,87.45,High,128.51
CUST-00499,75,Female,49,111.03,Month-to-month,2,DSL,Mailed check,5440.47,No,0.5319784715839448,53.2,Medium,59.07
CUST-00500,75,Female,26,85.3,Month-to-month,5,No,Mailed check,2217.8,Yes,0.7968910757722066,79.69,High,67.97
CUST-00501,39,Male,33,41.62,Month-to-month,3,Fiber optic,Bank transfer,1373.46,Yes,0.49884357774483457,49.88,Medium,20.76
CUST-00502,66,Female,48,111.7,Month-to-month,3,Fiber optic,Mailed check,5361.6,Yes,0.6581064690743939,65.81,Medium,73.51
CUST-00503,69,Female,2,57.91,Two year,4,DSL,Mailed check,115.82,No,0.32271688262672726,32.27,Low,18.69
CUST-00504,59,Male,71,56.78,One year,5,DSL,Electronic check,4031.38,No,0.29406460736076423,29.41,Low,16.7
CUST-00505,23,Male,32,50.98,Month-to-month,2,DSL,Mailed check,1631.36,No,0.49879059871731424,49.88,Medium,25.43
CUST-00506,32,Female,4,133.77,Two year,1,Fiber optic,Bank transfer,535.08,Yes,0.7367523425578375,73.68,High,98.56
CUST-00507,71,Female,20,132.84,Month-to-month,2,Fiber optic,Bank transfer,2656.8,Yes,0.6564765102165852,65.65,Medium,87.21
CUST-00508,60,Female,36,102.03,Two year,2,Fiber optic,Credit card,3673.08,Yes,0.4576555965131006,45.77,Medium,46.69
CUST-00509,54,Male,32,81.49,Month-to-month,2,Fiber optic,Bank transfer,2607.68,No,0.49076012750352077,49.08,Medium,39.99
CUST-00510,50,Male,28,107.37,Two year,3,DSL,Credit card,3006.36,No,0.3622314877029644,36.22,Low,38.89
CUST-00511,25,Female,1,98.94,Month-to-month,1,No,Mailed check,98.94,No,0.49859433167824213,49.86,Medium,49.33
CUST-00512,70,Male,60,74.05,Month-to-month,2,Fiber optic,Bank transfer,4443.0,Yes,0.5494317443182687,54.94,Medium,40.69
CUST-00513,61,Male,56,69.35,Month-to-month,2,Fiber optic,Electronic check,3883.6,Yes,0.540537101549471,54.05,Medium,37.49
CUST-00514,61,Female,35,69.76,Month-to-month,2,DSL,Electronic check,2441.6,Yes,0.5395321075300589,53.95,Medium,37.64
CUST-00515,22,Female,30,96.59,One year,1,No,Bank transfer,2897.7,No,0.18194006032094115,18.19,Low,17.57
CUST-00516,56,Male,54,104.2,Month-to-month,2,Fiber optic,Credit card,5626.8,No,0.46474662397300437,46.47,Medium,48.43
CUST-00517,21,Male,36,78.73,Two year,5,DSL,Credit card,2834.28,No,0.29658818642097423,29.66,Low,23.35
CUST-00518,23,Female,55,145.93,Two year,3,Fiber optic,Credit card,8026.15,No,0.32050850118440743,32.05,Low,46.77
CUST-00519,62,Male,58,30.9,Two year,3,DSL,Bank transfer,1792.2,No,0.31711525166284027,31.71,Low,9.8
CUST-00520,49,Male,65,65.12,Two year,6,No,Mailed check,4232.8,No,0.26532734646434913,26.53,Low,17.28
CUST-00521,69,Female,69,74.48,One year,2,No,Mailed check,5139.12,Yes,0.5430452100092257,54.3,Medium,40.45
CUST-00522,47,Female,51,22.2,Two year,6,Fiber optic,Mailed check,1132.2,Yes,0.6240123210773415,62.4,Medium,13.85
CUST-00523,64,Male,22,67.44,Two year,2,DSL,Credit card,1483.68,No,0.3245502856217967,32.46,Low,21.89
CUST-00524,52,Male,53,55.58,Month-to-month,3,Fiber optic,Bank transfer,2945.74,No,0.4510798178103037,45.11,Medium,25.07
CUST-00525,72,Male,36,85.78,One year,1,DSL,Electronic check,3088.08,No,0.19016488020734756,19.02,Low,16.31
CUST-00526,57,Female,68,63.73,Two year,2,DSL,Mailed check,4333.64,Yes,0.5088349223313028,50.88,Medium,32.43
CUST-00527,69,Male,36,114.4,One year,1,Fiber optic,Mailed check,4118.4,Yes,0.5259774560684253,52.6,Medium,60.17
CUST-00528,33,Male,52,86.29,Month-to-month,3,DSL,Credit card,4487.08,Yes,0.5582276352811812,55.82,Medium,48.17
CUST-00529,30,Female,53,36.87,Month-to-month,4,Fiber optic,Mailed check,1954.11,No,0.5459599159614951,54.6,Medium,20.13
CUST-00530,67,Female,50,117.51,Two year,5,DSL,Bank transfer,5875.5,No,0.2904761922236994,29.05,Low,34.13
CUST-00531,59,Male,41,32.9,Two year,3,No,Mailed check,1348.9,No,0.32046248415641587,32.05,Low,10.54
CUST-00532,47,Female,18,129.08,Month-to-month,2,DSL,Credit card,2323.44,Yes,0.7183045990718363,71.83,High,92.72
CUST-00533,36,Female,22,141.08,Month-to-month,4,Fiber optic,Bank transfer,3103.76,No,0.4745273664924694,47.45,Medium,66.95
CUST-00534,34,Male,66,61.92,Month-to-month,4,Fiber optic,Credit card,4086.72,No,0.5285309872895823,52.85,Medium,32.73
CUST-00535,73,Female,21,140.4,One year,4,DSL,Electronic check,2948.4,No,0.3549175716936042,35.49,Low,49.83
CUST-00536,36,Female,44,123.09,Month-to-month,2,Fiber optic,Mailed check,5415.96,Yes,0.616273924565278,61.63,Medium,75.86
CUST-00537,45,Male,47,139.92,One year,2,Fiber optic,Bank transfer,6576.24,No,0.4330561576646975,43.31,Medium,60.59
CUST-00538,75,Female,39,106.62,Two year,0,Fiber optic,Bank transfer,4158.18,No,0.31964488641474625,31.96,Low,34.08
CUST-00539,72,Male,29,50.63,One year,2,Fiber optic,Mailed check,1468.27,No,0.28386374927535696,28.39,Low,14.37
CUST-00540,43,Male,54,136.29,Month-to-month,1,Fiber optic,Electronic check,7359.66,No,0.48834759357368596,48.83,Medium,66.56
CUST-00541,54,Female,17,43.95,Two year,3,Fiber optic,Electronic check,747.15,No,0.2611421908012976,26.11,Low,11.48
CUST-00542,43,Female,60,47.7,One year,2,Fiber optic,Mailed check,2862.0,Yes,0.3685798628885576,36.86,Low,17.58
CUST-00543,70,Female,31,55.24,Month-to-month,4,Fiber optic,Mailed check,1712.44,Yes,0.6548368683877913,65.48,Medium,36.17
CUST-00544,40,Male,49,59.55,Month-to-month,3,DSL,Mailed check,2917.95,Yes,0.5884358891855606,58.84,Medium,35.04
CUST-00545,26,Female,2,86.88,One year,2,DSL,Credit card,173.76,Yes,0.7040075817211576,70.4,High,61.16
CUST-00546,29,Male,48,112.75,Two year,4,Fiber optic,Bank transfer,5412.0,Yes,0.4566942465381974,45.67,Medium,51.49
CUST-00547,70,Female,14,140.41,Two year,1,DSL,Bank transfer,1965.74,No,0.3020276365384726,30.2,Low,42.41
CUST-00548,18,Female,59,31.5,Month-to-month,3,Fiber optic,Mailed check,1858.5,No,0.4475403995981143,44.75,Medium,14.1
CUST-00549,75,Female,58,144.07,Month-to-month,4,Fiber optic,Credit card,8356.06,No,0.49907468233583907,49.91,Medium,71.9
CUST-00550,75,Male,58,139.77,Month-to-month,1,Fiber optic,Credit card,8106.66,Yes,0.5963636968184078,59.64,Medium,83.35
CUST-00551,18,Female,51,27.02,One year,2,DSL,Bank transfer,1378.02,Yes,0.5926862946580801,59.27,Medium,16.01
CUST-00552,64,Female,2,66.84,One year,2,No,Electronic check,133.68,No,0.3182776039409708,31.83,Low,21.27
CUST-00553,51,Male,41,125.71,Month-to-month,5,DSL,Mailed check,5154.11,No,0.6204222330833881,62.04,Medium,77.99
CUST-00554,49,Male,16,99.5,Month-to-month,4,No,Mailed check,1592.0,Yes,0.7048306070568096,70.48,High,70.13
CUST-00555,71,Female,4,121.28,Two year,1,Fiber optic,Credit card,485.12,Yes,0.7188695936518603,71.89,High,87.18
CUST-00556,65,Female,12,113.47,Two year,3,Fiber optic,Bank transfer,1361.64,Yes,0.5332656264064424,53.33,Medium,60.51
CUST-00557,42,Female,29,84.58,Month-to-month,3,DSL,Credit card,2452.82,No,0.5629905157130165,56.3,Medium,47.62
CUST-00558,57,Male,7,25.36,One year,2,Fiber optic,Electronic check,177.52,No,0.2958809968050333,29.59,Low,7.5
CUST-00559,62,Male,14,95.95,One year,4,No,Bank transfer,1343.3,Yes,0.6247688727579203,62.48,Medium,59.95
CUST-00560,70,Male,12,26.31,Month-to-month,3,Fiber optic,Mailed check,315.72,No,0.46525278460551417,46.53,Medium,12.24
CUST-00561,18,Male,5,98.48,Month-to-month,1,Fiber optic,Bank transfer,492.4,No,0.44636829850243487,44.64,Medium,43.96
CUST-00562,33,Female,32,124.05,Month-to-month,1,DSL,Bank transfer,3969.6,Yes,0.6257040830048208,62.57,Medium,77.62
CUST-00563,56,Male,43,96.05,Month-to-month,1,Fiber optic,Mailed check,4130.15,No,0.4347491475482127,43.47,Medium,41.76
CUST-00564,22,Male,69,149.61,One year,0,Fiber optic,Electronic check,10323.09,No,0.17613820255369791,17.61,Low,26.35
CUST-00565,39,Male,45,79.26,Month-to-month,3,Fiber optic,Credit card,3566.7,No,0.4749292528735893,47.49,Medium,37.64
CUST-00566,46,Female,9,117.35,Month-to-month,3,DSL,Electronic check,1056.15,No,0.6396913673929551,63.97,Medium,75.07
CUST-00567,72,Female,49,106.74,Month-to-month,4,Fiber optic,Electronic check,5230.26,No,0.5845683811011633,58.46,Medium,62.4
CUST-00568,20,Male,33,148.89,Month-to-month,2,Fiber optic,Electronic check,4913.37,Yes,0.6990214342753742,69.9,Medium,104.08
CUST-00569,29,Male,18,112.72,One year,5,Fiber optic,Bank transfer,2028.96,No,0.2917785130802155,29.18,Low,32.89
CUST-00570,43,Female,9,41.32,Month-to-month,2,No,Electronic check,371.88,No,0.39307443359574296,39.31,Low,16.24
CUST-00571,33,Female,62,144.22,Month-to-month,4,Fiber optic,Bank transfer,8941.64,No,0.48747093764501465,48.75,Medium,70.3
CUST-00572,68,Female,57,106.81,Two year,3,No,Bank transfer,6088.17,No,0.20550190409309213,20.55,Low,21.95
CUST-00573,54,Female,29,27.71,Month-to-month,2,Fiber optic,Credit card,803.59,Yes,0.5110096648993605,51.1,Medium,14.16
CUST-00574,39,Female,25,105.48,One year,4,Fiber optic,Credit card,2637.0,No,0.37557755271882953,37.56,Low,39.62
CUST-00575,74,Female,15,134.81,Month-to-month,3,DSL,Electronic check,2022.15,No,0.6157233331705693,61.57,Medium,83.01
CUST-00576,46,Female,6,95.02,Two year,4,DSL,Bank transfer,570.12,Yes,0.6110812153698597,61.11,Medium,58.06
CUST-00577,31,Female,42,66.02,Two year,2,DSL,Mailed check,2772.84,Yes,0.4770337457007915,47.7,Medium,31.49
CUST-00578,45,Male,29,126.72,Month-to-month,4,No,Bank transfer,3674.88,Yes,0.6845149013155626,68.45,Medium,86.74
CUST-00579,22,Male,4,121.73,One year,4,DSL,Credit card,486.92,Yes,0.7505200361857383,75.05,High,91.36
CUST-00580,64,Male,57,90.74,Month-to-month,4,DSL,Mailed check,5172.18,No,0.6179987864606384,61.8,Medium,56.08
CUST-00581,66,Male,49,40.07,Two year,1,DSL,Bank transfer,1963.43,No,0.26898478497074424,26.9,Low,10.78
CUST-00582,47,Male,44,52.63,Month-to-month,3,DSL,Electronic check,2315.72,No,0.47398276681551293,47.4,Medium,24.95
CUST-00583,63,Male,14,116.0,Two year,3,DSL,Bank transfer,1624.0,No,0.2845456600062882,28.45,Low,33.01
CUST-00584,69,Female,3,124.79,Month-to-month,4,DSL,Mailed check,374.37,Yes,0.816172515653514,81.62,High,101.85
CUST-00585,22,Female,62,56.3,One year,2,No,Electronic check,3490.6,No,0.23265759905792896,23.27,Low,13.1
CUST-00586,29,Male,64,67.84,Two year,3,DSL,Mailed check,4341.76,Yes,0.5400977635678711,54.01,Medium,36.64
CUST-00587,33,Male,45,30.09,Two year,0,DSL,Credit card,1354.05,No,0.21725445031413002,21.73,Low,6.54
CUST-00588,43,Female,58,112.75,Month-to-month,3,No,Credit card,6539.5,No,0.5680213161232442,56.8,Medium,64.04
CUST-00589,43,Female,20,20.47,Month-to-month,3,Fiber optic,Bank transfer,409.4,No,0.4565613412087717,45.66,Medium,9.35
CUST-00590,65,Female,58,26.05,Month-to-month,3,DSL,Bank transfer,1510.9,Yes,0.6235300265750503,62.35,Medium,16.24
CUST-00591,38,Male,57,20.56,Month-to-month,3,DSL,Credit card,1171.92,Yes,0.6196159722659383,61.96,Medium,12.74
CUST-00592,56,Female,68,103.89,Month-to-month,3,DSL,Mailed check,7064.52,No,0.5094654696616167,50.95,Medium,52.93
CUST-00593,53,Male,52,74.26,Month-to-month,2,Fiber optic,Mailed check,3861.52,No,0.5045679167868261,50.46,Medium,37.47
CUST-00594,50,Male,37,58.68,Month-to-month,0,DSL,Electronic check,2171.16,No,0.37957498274637963,37.96,Low,22.27
CUST-00595,47,Female,8,138.65,Month-to-month,4,Fiber optic,Electronic check,1109.2,No,0.564888815464419,56.49,Medium,78.32
CUST-00596,54,Female,44,45.06,Month-to-month,2,Fiber optic,Electronic check,1982.64,Yes,0.48770842285264354,48.77,Medium,21.98
CUST-00597,40,Male,5,70.62,Month-to-month,3,DSL,Credit card,353.1,Yes,0.6480553209923665,64.81,Medium,45.77
CUST-00598,75,Female,69,142.24,Month-to-month,3,Fiber optic,Credit card,9814.56,No,0.48973878071404914,48.97,Medium,69.66
CUST-00599,27,Female,31,75.52,One year,3,No,Credit card,2341.12,Yes,0.5582801214504481,55.83,Medium,42.16
CUST-00600,71,Male,45,92.11,Month-to-month,4,Fiber optic,Bank transfer,4144.95,Yes,0.6992076566726828,69.92,Medium,64.4
CUST-00601,22,Female,9,30.44,Month-to-month,1,Fiber optic,Mailed check,273.96,No,0.47795587646884163,47.8,Medium,14.55
CUST-00602,53,Male,32,122.72,Month-to-month,3,Fiber optic,Credit card,3927.04,No,0.5609754764060884,56.1,Medium,68.84
CUST-00603,51,Male,33,74.96,Month-to-month,4,Fiber optic,Electronic check,2473.68,Yes,0.5448268679511952,54.48,Medium,40.84
CUST-00604,69,Female,67,124.07,One year,2,Fiber optic,Electronic check,8312.69,No,0.3430950005838233,34.31,Low,42.57
CUST-00605,48,Male,30,52.99,Month-to-month,0,Fiber optic,Credit card,1589.7,No,0.4535239185768996,45.35,Medium,24.03
CUST-00606,27,Male,29,74.92,Month-to-month,3,Fiber optic,Credit card,2172.68,No,0.5024915140668821,50.25,Medium,37.65
CUST-00607,75,Female,3,122.25,Two year,3,Fiber optic,Mailed check,366.75,No,0.4521981298162291,45.22,Medium,55.28
CUST-00608,36,Female,57,146.6,Two year,2,No,Electronic check,8356.2,No,0.20729535005297964,20.73,Low,30.39
CUST-00609,75,Female,30,27.75,Month-to-month,6,Fiber optic,Mailed check,832.5,No,0.516467275451988,51.65,Medium,14.33
CUST-00610,49,Male,9,125.62,Month-to-month,3,Fiber optic,Credit card,1130.58,Yes,0.7816264357514222,78.16,High,98.19
CUST-00611,18,Male,26,59.09,Month-to-month,2,Fiber optic,Mailed check,1536.34,No,0.41984354988242745,41.98,Medium,24.81
CUST-00612,73,Female,2,91.6,Month-to-month,3,DSL,Bank transfer,183.2,Yes,0.7717089056511406,77.17,High,70.69
CUST-00613,22,Male,62,57.71,Month-to-month,1,Fiber optic,Credit card,3578.02,Yes,0.4733633689299438,47.34,Medium,27.32
CUST-00614,62,Female,3,99.75,One year,4,Fiber optic,Electronic check,299.25,Yes,0.8602476198156631,86.02,High,85.81
CUST-00615,21,Female,46,65.99,Month-to-month,2,DSL,Electronic check,3035.54,No,0.3905774680698095,39.06,Low,25.77
CUST-00616,33,Male,68,63.37,Two year,3,Fiber optic,Mailed check,4309.16,No,0.328736005744609,32.87,Low,20.83
CUST-00617,41,Female,25,24.93,Month-to-month,3,No,Credit card,623.25,Yes,0.5781042709011924,57.81,Medium,14.41
CUST-00618,33,Male,51,39.1,Month-to-month,3,No,Electronic check,1994.1,Yes,0.5414850117609825,54.15,Medium,21.17
CUST-00619,72,Male,13,139.22,One year,2,No,Mailed check,1809.86,No,0.3070312106864722,30.7,Low,42.74
CUST-00620,19,Female,44,149.78,Month-to-month,0,DSL,Mailed check,6590.32,No,0.3849718354783219,38.5,Low,57.66
CUST-00621,66,Male,35,121.47,Month-to-month,1,DSL,Credit card,4251.45,Yes,0.6248609936871415,62.49,Medium,75.9
CUST-00622,45,Female,55,57.29,Month-to-month,5,Fiber optic,Electronic check,3150.95,Yes,0.6461791897357471,64.62,Medium,37.02
CUST-00623,49,Male,9,72.32,Month-to-month,3,DSL,Electronic check,650.88,No,0.5158215445388111,51.58,Medium,37.3
CUST-00624,44,Male,2,116.14,Month-to-month,2,Fiber optic,Electronic check,232.28,Yes,0.7758003322148093,77.58,High,90.1
CUST-00625,37,Male,61,145.91,Month-to-month,1,DSL,Credit card,8900.51,No,0.4872653048482532,48.73,Medium,71.1
CUST-00626,41,Female,41,79.21,Month-to-month,4,Fiber optic,Credit card,3247.61,No,0.49093647202435664,49.09,Medium,38.89
CUST-00627,29,Male,44,127.84,Month-to-month,3,DSL,Credit card,5624.96,Yes,0.6004847186297676,60.05,Medium,76.77
CUST-00628,67,Female,64,146.76,Two year,1,Fiber optic,Bank transfer,9392.64,Yes,0.7107826541640079,71.08,High,104.31
CUST-00629,52,Male,31,133.55,Month-to-month,2,Fiber optic,Mailed check,4140.05,No,0.5840680577308969,58.41,Medium,78.0
CUST-00630,50,Male,47,49.53,Month-to-month,1,No,Bank transfer,2327.91,No,0.38343976634024035,38.34,Low,18.99
CUST-00631,50,Female,2,21.04,Two year,2,No,Bank transfer,42.08,No,0.2000972001012409,20.01,Low,4.21
CUST-00632,68,Female,69,83.97,One year,3,Fiber optic,Electronic check,5793.93,Yes,0.5261998744345685,52.62,Medium,44.19
CUST-00633,60,Female,58,89.08,Month-to-month,2,No,Electronic check,5166.64,Yes,0.5044951830623263,50.45,Medium,44.94
CUST-00634,54,Female,44,46.16,Month-to-month,2,Fiber optic,Mailed check,2031.04,Yes,0.5305487096465864,53.05,Medium,24.49
CUST-00635,29,Female,56,57.01,One year,3,Fiber optic,Mailed check,3192.56,No,0.32006445164779085,32.01,Low,18.25
CUST-00636,20,Male,43,119.47,Month-to-month,3,No,Credit card,5137.21,No,0.4102939714290148,41.03,Medium,49.02
CUST-00637,18,Male,34,81.15,One year,0,DSL,Electronic check,2759.1,No,0.15851532839212978,15.85,Low,12.86
CUST-00638,50,Female,30,61.26,Two year,2,No,Bank transfer,1837.8,No,0.2587241803355712,25.87,Low,15.85
CUST-00639,57,Male,71,100.94,Month-to-month,1,Fiber optic,Mailed check,7166.74,No,0.39442089813015574,39.44,Low,39.81
CUST-00640,27,Male,70,104.86,Month-to-month,2,Fiber optic,Mailed check,7340.2,Yes,0.5259616515854992,52.6,Medium,55.15
CUST-00641,60,Male,55,120.02,One year,5,Fiber optic,Bank transfer,6601.1,Yes,0.5227324553117721,52.27,Medium,62.74
CUST-00642,61,Female,67,40.37,Month-to-month,3,Fiber optic,Credit card,2704.79,No,0.496746424241818,49.67,Medium,20.05
CUST-00643,46,Male,13,116.4,Month-to-month,5,Fiber optic,Electronic check,1513.2,No,0.5299148950224489,52.99,Medium,61.68
CUST-00644,30,Male,3,97.93,Month-to-month,3,Fiber optic,Electronic check,293.79,Yes,0.8021507454320443,80.22,High,78.55
CUST-00645,29,Male,26,27.48,One year,3,DSL,Bank transfer,714.48,No,0.36396179604351164,36.4,Low,10.0
CUST-00646,48,Female,57,121.07,One year,6,DSL,Credit card,6900.99,No,0.40401200543277854,40.4,Medium,48.91
CUST-00647,63,Male,24,69.8,Two year,2,Fiber optic,Bank transfer,1675.2,No,0.4495967011675431,44.96,Medium,31.38
CUST-00648,19,Male,53,62.95,Two year,3,DSL,Electronic check,3336.35,No,0.3124016157020775,31.24,Low,19.67
CUST-00649,68,Female,70,78.25,Month-to-month,4,DSL,Bank transfer,5477.5,No,0.5407643428868419,54.08,Medium,42.31
CUST-00650,67,Female,43,65.0,One year,4,DSL,Bank transfer,2795.0,No,0.35109213668264366,35.11,Low,22.82
CUST-00651,52,Male,60,63.98,Month-to-month,2,DSL,Electronic check,3838.8,No,0.4583226962269645,45.83,Medium,29.32
CUST-00652,40,Male,58,125.05,One year,7,Fiber optic,Electronic check,7252.9,No,0.4112477117637889,41.12,Medium,51.43
CUST-00653,34,Female,49,36.19,Month-to-month,2,DSL,Electronic check,1773.31,No,0.44683107264440963,44.68,Medium,16.17
CUST-00654,43,Female,42,146.18,Month-to-month,3,No,Bank transfer,6139.56,Yes,0.6877606243401331,68.78,Medium,100.54
CUST-00655,25,Female,66,92.14,One year,4,Fiber optic,Bank transfer,6081.24,No,0.2991845568702011,29.92,Low,27.57
CUST-00656,46,Female,11,43.78,Month-to-month,2,Fiber optic,Bank transfer,481.58,Yes,0.6729726423399633,67.3,Medium,29.46
CUST-00657,43,Female,18,37.06,Two year,1,Fiber optic,Credit card,667.08,Yes,0.3926634531462234,39.27,Low,14.55
CUST-00658,27,Female,52,96.9,One year,4,Fiber optic,Mailed check,5038.8,No,0.3111013271040239,31.11,Low,30.15
CUST-00659,43,Female,46,102.29,Month-to-month,3,Fiber optic,Credit card,4705.34,No,0.4274028541142393,42.74,Medium,43.72
CUST-00660,51,Male,44,26.89,Month-to-month,2,DSL,Mailed check,1183.16,No,0.5524354230156668,55.24,Medium,14.85
CUST-00661,68,Female,22,51.59,Two year,1,DSL,Electronic check,1134.98,No,0.20394942173927594,20.39,Low,10.52
CUST-00662,58,Female,53,123.41,Month-to-month,5,Fiber optic,Mailed check,6540.73,Yes,0.677295458774327,67.73,Medium,83.59
CUST-00663,24,Male,59,26.45,One year,0,DSL,Credit card,1560.55,No,0.14695199248931198,14.7,Low,3.89
CUST-00664,21,Female,30,131.16,One year,1,DSL,Electronic check,3934.8,No,0.29858164120125485,29.86,Low,39.16
CUST-00665,75,Female,8,105.56,Two year,3,Fiber optic,Mailed check,844.48,Yes,0.705599084275167,70.56,High,74.48
CUST-00666,70,Male,57,76.48,One year,1,Fiber optic,Mailed check,4359.36,No,0.2942708849450475,29.43,Low,22.51
CUST-00667,67,Female,20,65.04,One year,1,Fiber optic,Mailed check,1300.8,Yes,0.4850716394111035,48.51,Medium,31.55
CUST-00668,62,Male,25,22.5,Two year,2,No,Bank transfer,562.5,Yes,0.5961262544866451,59.61,Medium,13.41
CUST-00669,28,Male,19,127.28,Two year,5,DSL,Electronic check,2418.32,No,0.26437920059386444,26.44,Low,33.65
CUST-00670,46,Male,5,38.55,One year,5,No,Bank transfer,192.75,No,0.35930095955795294,35.93,Low,13.85
CUST-00671,73,Male,72,60.24,Month-to-month,3,Fiber optic,Electronic check,4337.28,No,0.44201473026697885,44.2,Medium,26.63
CUST-00672,53,Female,27,93.98,Month-to-month,4,DSL,Mailed check,2537.46,No,0.5574482290822725,55.74,Medium,52.39
CUST-00673,42,Male,40,51.98,One year,3,Fiber optic,Mailed check,2079.2,No,0.32109100973885185,32.11,Low,16.69
CUST-00674,38,Male,26,84.63,Month-to-month,4,Fiber optic,Credit card,2200.38,Yes,0.5403421907954912,54.03,Medium,45.73
CUST-00675,74,Female,27,125.21,Month-to-month,4,DSL,Mailed check,3380.67,No,0.5465890606212432,54.66,Medium,68.44
CUST-00676,53,Male,62,81.17,Month-to-month,0,DSL,Bank transfer,5032.54,No,0.3743950170621661,37.44,Low,30.39
CUST-00677,27,Male,50,143.37,One year,2,Fiber optic,Bank transfer,7168.5,Yes,0.4692234117008246,46.92,Medium,67.27
CUST-00678,54,Male,42,130.18,Month-to-month,2,Fiber optic,Mailed check,5467.56,Yes,0.6018092657932874,60.18,Medium,78.34
CUST-00679,26,Male,29,63.3,Month-to-month,2,No,Bank transfer,1835.7,No,0.45456939293951865,45.46,Medium,28.77
CUST-00680,41,Female,39,72.0,Month-to-month,3,DSL,Mailed check,2808.0,Yes,0.6030056010759581,60.3,Medium,43.42
CUST-00681,52,Male,60,75.03,One year,1,Fiber optic,Credit card,4501.8,No,0.17742812617520973,17.74,Low,13.31
CUST-00682,66,Female,41,101.4,Month-to-month,3,DSL,Credit card,4157.4,No,0.5036718582162117,50.37,Medium,51.07
CUST-00683,52,Female,33,57.28,Month-to-month,3,Fiber optic,Mailed check,1890.24,No,0.536214612440262,53.62,Medium,30.71
CUST-00684,65,Male,16,146.0,Month-to-month,3,No,Credit card,2336.0,No,0.4430540569464694,44.31,Medium,64.69
CUST-00685,53,Male,23,99.13,Month-to-month,3,Fiber optic,Mailed check,2279.99,No,0.4869700341491939,48.7,Medium,48.27
CUST-00686,35,Male,7,71.92,One year,1,Fiber optic,Bank transfer,503.44,No,0.3654926186840805,36.55,Low,26.29
CUST-00687,66,Male,26,103.85,One year,1,Fiber optic,Mailed check,2700.1,Yes,0.5247929547720708,52.48,Medium,54.5
CUST-00688,56,Female,12,71.4,Month-to-month,3,DSL,Electronic check,856.8,No,0.5255603300393377,52.56,Medium,37.53
CUST-00689,49,Female,72,126.31,Month-to-month,2,No,Electronic check,9094.32,Yes,0.6180122499587333,61.8,Medium,78.06
CUST-00690,41,Female,5,93.82,Two year,5,Fiber optic,Mailed check,469.1,No,0.36730448017996503,36.73,Low,34.46
CUST-00691,40,Male,69,25.46,Month-to-month,2,Fiber optic,Mailed check,1756.74,Yes,0.5447877301956847,54.48,Medium,13.87
CUST-00692,49,Female,49,42.98,Month-to-month,1,Fiber optic,Mailed check,2106.02,No,0.4487509300279902,44.88,Medium,19.29
CUST-00693,54,Male,26,132.45,Month-to-month,4,Fiber optic,Credit card,3443.7,No,0.5271740596576351,52.72,Medium,69.82
CUST-00694,29,Male,5,93.18,Month-to-month,5,Fiber optic,Electronic check,465.9,Yes,0.85676483516286,85.68,High,79.83
CUST-00695,66,Male,22,143.54,Month-to-month,2,Fiber optic,Mailed check,3157.88,No,0.5145777591310462,51.46,Medium,73.86
CUST-00696,72,Male,13,29.41,One year,0,DSL,Mailed check,382.33,Yes,0.6800725297397758,68.01,Medium,20.0
CUST-00697,30,Male,28,58.38,Month-to-month,2,Fiber optic,Bank transfer,1634.64,No,0.4732477582770474,47.32,Medium,27.63
CUST-00698,40,Female,33,45.16,Month-to-month,2,No,Bank transfer,1490.28,No,0.48730983659202326,48.73,Medium,22.01
CUST-00699,42,Female,23,92.0,Month-to-month,3,DSL,Credit card,2116.0,Yes,0.5621436298474247,56.21,Medium,51.72
CUST-00700,52,Male,18,69.76,Month-to-month,2,Fiber optic,Credit card,1255.68,Yes,0.507223965051812,50.72,Medium,35.38
CUST-00701,58,Female,30,40.45,Month-to-month,4,DSL,Electronic check,1213.5,Yes,0.6225990926218521,62.26,Medium,25.18
CUST-00702,47,Male,26,103.56,Month-to-month,2,Fiber optic,Electronic check,2692.56,Yes,0.5041279315717909,50.41,Medium,52.21
CUST-00703,34,Male,16,89.72,Month-to-month,3,Fiber optic,Mailed check,1435.52,Yes,0.5289407914745008,52.89,Medium,47.46
CUST-00704,66,Male,39,55.72,One year,2,Fiber optic,Electronic check,2173.08,No,0.2676390805020645,26.76,Low,14.91
CUST-00705,37,Female,33,82.37,One year,1,Fiber optic,Mailed check,2718.21,No,0.26962863097323597,26.96,Low,22.21
CUST-00706,65,Male,26,116.95,Month-to-month,3,No,Credit card,3040.7,Yes,0.6227402662214142,62.27,Medium,72.83
CUST-00707,42,Male,48,46.69,Month-to-month,3,Fiber optic,Credit card,2241.12,No,0.4667670237363248,46.68,Medium,21.79
CUST-00708,39,Female,65,58.08,One year,1,DSL,Credit card,3775.2,No,0.20104816931483963,20.1,Low,11.68
CUST-00709,30,Female,38,64.99,Month-to-month,3,Fiber optic,Bank transfer,2469.62,Yes,0.5129098004661042,51.29,Medium,33.33
CUST-00710,36,Female,2,117.07,Month-to-month,2,No,Electronic check,234.14,No,0.5505219728501556,55.05,Medium,64.45
CUST-00711,66,Male,6,130.1,One year,4,DSL,Credit card,780.6,No,0.45963260794110816,45.96,Medium,59.8
CUST-00712,53,Male,46,68.93,Two year,5,Fiber optic,Credit card,3170.78,Yes,0.5623743535856,56.24,Medium,38.76
CUST-00713,29,Female,50,58.56,Month-to-month,3,DSL,Credit card,2928.0,No,0.4941584517889485,49.42,Medium,28.94
CUST-00714,58,Male,38,135.63,Month-to-month,1,DSL,Electronic check,5153.94,No,0.5337689823026959,53.38,Medium,72.4
CUST-00715,36,Female,18,149.92,Two year,0,No,Electronic check,2698.56,No,0.2479299898416214,24.79,Low,37.17
CUST-00716,29,Female,27,107.15,Month-to-month,2,Fiber optic,Bank transfer,2893.05,No,0.4832276319016879,48.32,Medium,51.78
CUST-00717,26,Male,41,148.7,Two year,3,DSL,Bank transfer,6096.7,No,0.2970353928200784,29.7,Low,44.17
CUST-00718,24,Male,72,105.8,Month-to-month,5,Fiber optic,Bank transfer,7617.6,Yes,0.657256258484178,65.73,Medium,69.54
CUST-00719,45,Female,17,115.35,Month-to-month,5,DSL,Bank transfer,1960.95,Yes,0.6884084576286998,68.84,Medium,79.41
CUST-00720,31,Female,62,70.53,Month-to-month,4,Fiber optic,Credit card,4372.86,No,0.48000109808109337,48.0,Medium,33.85
CUST-00721,48,Female,29,76.29,Two year,3,Fiber optic,Mailed check,2212.41,Yes,0.44755868588519093,44.76,Medium,34.14
CUST-00722,69,Female,58,38.74,Two year,5,Fiber optic,Bank transfer,2246.92,No,0.23469226385190414,23.47,Low,9.09
CUST-00723,36,Male,70,126.96,Month-to-month,4,No,Mailed check,8887.2,Yes,0.6790905361691131,67.91,Medium,86.22
CUST-00724,75,Female,22,141.04,One year,2,Fiber optic,Credit card,3102.88,Yes,0.7537251103543757,75.37,High,106.31
CUST-00725,64,Female,6,101.05,One year,3,Fiber optic,Credit card,606.3,Yes,0.7545101429368963,75.45,High,76.24
CUST-00726,33,Female,26,64.67,One year,1,No,Electronic check,1681.42,No,0.1391122476740617,13.91,Low,9.0
CUST-00727,70,Male,39,40.02,Two year,2,DSL,Mailed check,1560.78,No,0.2225316027445199,22.25,Low,8.91
CUST-00728,22,Male,12,54.47,Month-to-month,3,Fiber optic,Mailed check,653.64,No,0.38334345135184655,38.33,Low,20.88
CUST-00729,52,Female,14,53.2,Month-to-month,2,Fiber optic,Credit card,744.8,No,0.4930257294125508,49.3,Medium,26.23
CUST-00730,29,Male,22,99.76,Two year,3,Fiber optic,Electronic check,2194.72,Yes,0.4360627306675958,43.61,Medium,43.5
CUST-00731,42,Male,51,142.85,Two year,1,Fiber optic,Bank transfer,7285.35,No,0.31276299712306044,31.28,Low,44.68
CUST-00732,69,Male,23,26.28,Month-to-month,3,No,Bank transfer,604.44,No,0.5309298698754094,53.09,Medium,13.95
CUST-00733,38,Female,48,20.13,Month-to-month,1,Fiber optic,Electronic check,966.24,No,0.37383753141168347,37.38,Low,7.53
CUST-00734,53,Female,71,98.02,Two year,2,Fiber optic,Electronic check,6959.42,Yes,0.469533277718585,46.95,Medium,46.02
CUST-00735,70,Male,50,56.93,Month-to-month,3,No,Bank transfer,2846.5,No,0.4681232141587378,46.81,Medium,26.65
CUST-00736,40,Female,13,134.47,One year,2,Fiber optic,Credit card,1748.11,No,0.4558498704689479,45.58,Medium,61.3
CUST-00737,33,Female,10,62.54,Month-to-month,1,Fiber optic,Credit card,625.4,Yes,0.6755229038075843,67.55,Medium,42.25
CUST-00738,74,Male,55,57.67,Two year,2,No,Electronic check,3171.85,No,0.14943386419787003,14.94,Low,8.62
CUST-00739,56,Male,9,55.04,Month-to-month,3,Fiber optic,Credit card,495.36,Yes,0.6465712921928531,64.66,Medium,35.59
CUST-00740,62,Female,52,38.83,Month-to-month,2,Fiber optic,Credit card,2019.16,Yes,0.5714617261808389,57.15,Medium,22.19
CUST-00741,70,Male,2,95.6,Month-to-month,2,Fiber optic,Mailed check,191.2,No,0.6280238961652087,62.8,Medium,60.04
CUST-00742,59,Female,25,41.87,Two year,3,Fiber optic,Bank transfer,1046.75,Yes,0.4040605769420095,40.41,Medium,16.92
CUST-00743,75,Female,13,75.2,One year,3,Fiber optic,Electronic check,977.6,No,0.4175301858608744,41.75,Medium,31.4
CUST-00744,56,Male,51,79.93,One year,2,Fiber optic,Bank transfer,4076.43,No,0.3094786653953234,30.95,Low,24.74
CUST-00745,31,Female,58,22.66,Month-to-month,2,No,Mailed check,1314.28,No,0.4898658766266767,48.99,Medium,11.1
CUST-00746,48,Female,34,22.18,Two year,2,Fiber optic,Credit card,754.12,No,0.2737108483036801,27.37,Low,6.07
CUST-00747,75,Male,35,87.63,One year,2,DSL,Credit card,3067.05,No,0.4025728111197749,40.26,Medium,35.28
CUST-00748,22,Male,3,110.48,One year,1,Fiber optic,Mailed check,331.44,Yes,0.7909410440518665,79.09,High,87.38
CUST-00749,52,Male,59,142.48,Two year,4,DSL,Bank transfer,8406.32,No,0.3846616621203442,38.47,Low,54.81
CUST-00750,40,Female,70,43.29,Month-to-month,0,Fiber optic,Mailed check,3030.3,Yes,0.5380175484051065,53.8,Medium,23.29
CUST-00751,46,Male,48,33.42,One year,1,DSL,Credit card,1604.16,No,0.1844820891172144,18.45,Low,6.17
CUST-00752,60,Male,64,26.77,Two year,4,DSL,Credit card,1713.28,Yes,0.662438303471409,66.24,Medium,17.73
CUST-00753,28,Male,19,76.69,One year,2,No,Bank transfer,1457.11,No,0.3840196575032603,38.4,Low,29.45
CUST-00754,35,Male,67,101.01,One year,2,Fiber optic,Credit card,6767.67,No,0.344460087149913,34.45,Low,34.79
CUST-00755,64,Female,5,129.27,Month-to-month,2,Fiber optic,Bank transfer,646.35,Yes,0.7650096394541438,76.5,High,98.89
CUST-00756,29,Female,67,108.74,One year,0,DSL,Electronic check,7285.58,No,0.16410311890184195,16.41,Low,17.84
CUST-00757,26,Male,11,47.09,Month-to-month,1,Fiber optic,Credit card,517.99,No,0.4832178368463756,48.32,Medium,22.75
CUST-00758,27,Female,68,80.03,Month-to-month,1,No,Credit card,5442.04,No,0.4090495059923052,40.9,Medium,32.74
CUST-00759,75,Male,69,138.35,Two year,3,Fiber optic,Bank transfer,9546.15,Yes,0.5956819565585287,59.57,Medium,82.41
CUST-00760,61,Male,1,62.48,Month-to-month,4,Fiber optic,Electronic check,62.48,Yes,0.8113644192294949,81.14,High,50.69
CUST-00761,34,Female,63,84.83,Month-to-month,5,DSL,Credit card,5344.29,No,0.5049930823342709,50.5,Medium,42.84
CUST-00762,55,Female,29,144.61,One year,2,Fiber optic,Credit card,4193.69,Yes,0.6422318054949183,64.22,Medium,92.87
CUST-00763,24,Male,12,115.51,Month-to-month,2,Fiber optic,Electronic check,1386.12,Yes,0.556623699172595,55.66,Medium,64.3
CUST-00764,63,Male,41,117.21,Month-to-month,7,Fiber optic,Credit card,4805.61,No,0.5849888489497078,58.5,Medium,68.57
CUST-00765,30,Female,2,52.8,Month-to-month,2,Fiber optic,Bank transfer,105.6,Yes,0.7310227647077425,73.1,High,38.6
CUST-00766,57,Male,37,73.91,Month-to-month,3,Fiber optic,Electronic check,2734.67,Yes,0.516171367206577,51.62,Medium,38.15
CUST-00767,59,Female,45,30.7,Month-to-month,5,DSL,Electronic check,1381.5,No,0.6107028847238719,61.07,Medium,18.75
CUST-00768,26,Male,48,98.85,Month-to-month,2,DSL,Mailed check,4744.8,Yes,0.5492685578680274,54.93,Medium,54.3
CUST-00769,67,Male,24,33.48,Month-to-month,2,DSL,Credit card,803.52,No,0.515037439475024,51.5,Medium,17.24
CUST-00770,44,Female,22,128.67,Month-to-month,4,Fiber optic,Electronic check,2830.74,No,0.5386605679989241,53.87,Medium,69.31
CUST-00771,75,Female,11,125.89,Month-to-month,2,DSL,Electronic check,1384.79,Yes,0.8301570261396864,83.02,High,104.51
CUST-00772,19,Female,58,89.37,Two year,0,No,Electronic check,5183.46,No,0.12020696453891237,12.02,Low,10.74
CUST-00773,22,Female,46,38.35,Month-to-month,1,Fiber optic,Mailed check,1764.1,No,0.385396513304894,38.54,Low,14.78
CUST-00774,46,Female,29,23.33,One year,1,Fiber optic,Credit card,676.57,No,0.19807474054987967,19.81,Low,4.62
CUST-00775,54,Female,35,123.57,Month-to-month,1,Fiber optic,Electronic check,4324.95,Yes,0.6368587768399676,63.69,Medium,78.7
CUST-00776,55,Female,15,98.02,One year,3,DSL,Credit card,1470.3,No,0.39007359170753203,39.01,Low,38.24
CUST-00777,36,Male,60,112.42,One year,0,No,Electronic check,6745.2,No,0.14371431982071806,14.37,Low,16.16
CUST-00778,25,Male,42,59.49,Month-to-month,5,No,Bank transfer,2498.58,No,0.5305665331605017,53.06,Medium,31.56
CUST-00779,65,Male,43,86.23,Month-to-month,4,DSL,Electronic check,3707.89,Yes,0.6870777195645783,68.71,Medium,59.25
CUST-00780,62,Female,49,117.13,Month-to-month,1,No,Electronic check,5739.37,No,0.4232136096972278,42.32,Medium,49.57
CUST-00781,18,Female,64,80.13,One year,5,Fiber optic,Mailed check,5128.32,Yes,0.6052642404131273,60.53,Medium,48.5
CUST-00782,39,Female,32,98.18,Month-to-month,4,DSL,Electronic check,3141.76,No,0.5353661093285937,53.54,Medium,52.56
CUST-00783,69,Male,64,122.66,Two year,4,Fiber optic,Bank transfer,7850.24,No,0.27184361974630655,27.18,Low,33.34
CUST-00784,34,Female,2,47.98,Month-to-month,2,No,Electronic check,95.96,No,0.39785179721923747,39.79,Low,19.09
CUST-00785,24,Female,24,28.57,Month-to-month,3,Fiber optic,Bank transfer,685.68,No,0.44969560435702166,44.97,Medium,12.85
CUST-00786,42,Male,66,89.14,One year,4,Fiber optic,Bank transfer,5883.24,No,0.36799690470389923,36.8,Low,32.8
CUST-00787,62,Female,38,28.08,Two year,1,DSL,Bank transfer,1067.04,No,0.30891707178016004,30.89,Low,8.67
CUST-00788,21,Male,31,119.65,Month-to-month,2,DSL,Mailed check,3709.15,No,0.47204255185584504,47.2,Medium,56.48
CUST-00789,53,Male,26,113.5,One year,2,No,Credit card,2951.0,Yes,0.4989741590150884,49.9,Medium,56.63
CUST-00790,23,Female,29,134.62,Month-to-month,2,Fiber optic,Credit card,3903.98,Yes,0.6183826865622616,61.84,Medium,83.25
CUST-00791,48,Female,67,103.14,One year,2,DSL,Bank transfer,6910.38,No,0.3709341205149355,37.09,Low,38.26
CUST-00792,36,Female,25,28.74,One year,1,DSL,Mailed check,718.5,No,0.24462236284954755,24.46,Low,7.03
CUST-00793,61,Male,48,52.91,Two year,1,DSL,Mailed check,2539.68,No,0.21772330257777597,21.77,Low,11.52
CUST-00794,71,Male,65,125.03,Month-to-month,4,Fiber optic,Credit card,8126.95,No,0.5979636790544604,59.8,Medium,74.76
CUST-00795,56,Male,53,41.73,Month-to-month,6,Fiber optic,Bank transfer,2211.69,No,0.6068181195308615,60.68,Medium,25.32
CUST-00796,44,Female,67,110.8,One year,5,Fiber optic,Credit card,7423.6,No,0.30869666679336044,30.87,Low,34.2
CUST-00797,27,Female,18,121.43,Month-to-month,3,DSL,Credit card,2185.74,No,0.5179768982826386,51.8,Medium,62.9
CUST-00798,43,Female,9,62.91,One year,6,DSL,Mailed check,566.19,Yes,0.7851846637000751,78.52,High,49.4
CUST-00799,36,Female,38,61.9,Month-to-month,2,Fiber optic,Mailed check,2352.2,Yes,0.5889614855604897,58.9,Medium,36.46
CUST-00800,56,Male,21,92.51,Month-to-month,2,Fiber optic,Electronic check,1942.71,No,0.444246249633136,44.42,Medium,41.1
CUST-00801,20,Male,65,131.97,Two year,3,Fiber optic,Mailed check,8578.05,Yes,0.6514646130007992,65.15,Medium,85.97
CUST-00802,62,Male,21,49.11,Month-to-month,4,DSL,Mailed check,1031.31,No,0.5201878172672677,52.02,Medium,25.55
CUST-00803,30,Male,27,142.36,Two year,2,DSL,Credit card,3843.72,No,0.3055240135835543,30.55,Low,43.49
CUST-00804,67,Female,70,97.89,Two year,6,Fiber optic,Mailed check,6852.3,Yes,0.7146021353073204,71.46,High,69.95
CUST-00805,45,Female,44,148.98,One year,2,Fiber optic,Mailed check,6555.12,Yes,0.6193801586868678,61.94,Medium,92.28
CUST-00806,75,Female,28,31.65,Month-to-month,2,DSL,Credit card,886.2,No,0.5323162951306806,53.23,Medium,16.85
CUST-00807,37,Male,45,36.45,Two year,1,Fiber optic,Mailed check,1640.25,No,0.20048428507435093,20.05,Low,7.31
CUST-00808,45,Male,17,127.46,One year,2,Fiber optic,Mailed check,2166.82,No,0.52275680991653,52.28,Medium,66.63
CUST-00809,25,Female,40,132.42,Month-to-month,3,Fiber optic,Electronic check,5296.8,Yes,0.5915254734018599,59.15,Medium,78.33
CUST-00810,58,Female,3,77.91,Month-to-month,2,No,Bank transfer,233.73,No,0.5470139533753643,54.7,Medium,42.62
CUST-00811,56,Male,66,112.83,Month-to-month,3,Fiber optic,Electronic check,7446.78,Yes,0.5873479974241873,58.73,Medium,66.27
CUST-00812,18,Female,46,132.78,Two year,2,No,Mailed check,6107.88,No,0.3018314700499974,30.18,Low,40.08
CUST-00813,20,Male,30,25.61,Two year,0,Fiber optic,Credit card,768.3,No,0.0997080573649632,9.97,Low,2.55
CUST-00814,30,Male,69,94.61,Two year,1,DSL,Credit card,6528.09,No,0.24386358199446329,24.39,Low,23.07
CUST-00815,45,Male,9,130.95,One year,4,Fiber optic,Bank transfer,1178.55,Yes,0.7415043445157724,74.15,High,97.1
CUST-00816,74,Female,11,71.76,Month-to-month,3,Fiber optic,Credit card,789.36,Yes,0.7682253810956109,76.82,High,55.13
CUST-00817,66,Female,69,59.31,Month-to-month,2,No,Mailed check,4092.39,Yes,0.6362589748513463,63.63,Medium,37.74
CUST-00818,42,Male,66,123.44,Month-to-month,1,Fiber optic,Electronic check,8147.04,Yes,0.5200881857954096,52.01,Medium,64.2
CUST-00819,73,Female,31,63.65,Month-to-month,0,Fiber optic,Bank transfer,1973.15,No,0.5070194321948933,50.7,Medium,32.27
CUST-00820,50,Male,33,20.41,Month-to-month,2,No,Electronic check,673.53,Yes,0.5885128828740299,58.85,Medium,12.01
CUST-00821,55,Male,39,144.74,Two year,1,DSL,Credit card,5644.86,No,0.3944844633069708,39.45,Low,57.1
CUST-00822,70,Male,46,96.98,Two year,2,Fiber optic,Mailed check,4461.08,No,0.25087330804667923,25.09,Low,24.33
CUST-00823,23,Male,37,126.54,Month-to-month,1,Fiber optic,Bank transfer,4681.98,No,0.42714696574129524,42.71,Medium,54.05
CUST-00824,75,Female,60,127.29,One year,2,Fiber optic,Credit card,7637.4,Yes,0.7196850651712096,71.97,High,91.61
CUST-00825,61,Male,31,28.63,One year,3,Fiber optic,Credit card,887.53,No,0.2923157507615261,29.23,Low,8.37
CUST-00826,62,Male,11,42.21,Month-to-month,3,Fiber optic,Electronic check,464.31,No,0.5209729335631891,52.1,Medium,21.99
CUST-00827,49,Female,2,60.45,One year,6,Fiber optic,Credit card,120.9,No,0.5135539402769893,51.36,Medium,31.04
CUST-00828,62,Male,27,61.69,Month-to-month,1,Fiber optic,Electronic check,1665.63,No,0.44524193115434363,44.52,Medium,27.47
CUST-00829,64,Male,2,105.64,Two year,2,Fiber optic,Credit card,211.28,Yes,0.7378617289426599,73.79,High,77.95
CUST-00830,38,Female,21,101.01,One year,1,DSL,Electronic check,2121.21,No,0.20546221114323093,20.55,Low,20.75
CUST-00831,33,Female,58,84.3,One year,2,Fiber optic,Electronic check,4889.4,No,0.21566937223439292,21.57,Low,18.18
CUST-00832,71,Female,5,47.46,Month-to-month,3,DSL,Mailed check,237.3,No,0.5571657181984216,55.72,Medium,26.44
CUST-00833,38,Male,52,69.66,Month-to-month,2,DSL,Bank transfer,3622.32,Yes,0.5395395426012425,53.95,Medium,37.58
CUST-00834,28,Female,45,90.67,Month-to-month,3,DSL,Bank transfer,4080.15,Yes,0.5303458944856697,53.03,Medium,48.09
CUST-00835,54,Female,20,80.84,One year,3,Fiber optic,Mailed check,1616.8,Yes,0.4492860527558335,44.93,Medium,36.32
CUST-00836,53,Male,61,36.55,Two year,2,Fiber optic,Credit card,2229.55,No,0.2694927657298573,26.95,Low,9.85
CUST-00837,52,Male,38,104.44,Month-to-month,3,Fiber optic,Credit card,3968.72,No,0.465151003558036,46.52,Medium,48.58
CUST-00838,36,Male,20,29.5,One year,6,Fiber optic,Bank transfer,590.0,No,0.3383732182840839,33.84,Low,9.98
CUST-00839,37,Male,25,69.17,Month-to-month,1,DSL,Electronic check,1729.25,No,0.4071723398759635,40.72,Medium,28.16
CUST-00840,74,Male,2,112.3,Month-to-month,2,Fiber optic,Electronic check,224.6,No,0.570890321641422,57.09,Medium,64.11
CUST-00841,35,Female,32,22.6,One year,2,DSL,Bank transfer,723.2,Yes,0.5595858183496837,55.96,Medium,12.65
CUST-00842,64,Female,26,94.1,One year,3,Fiber optic,Bank transfer,2446.6,No,0.37598007069118405,37.6,Low,35.38
CUST-00843,58,Female,70,63.49,Month-to-month,3,DSL,Mailed check,4444.3,No,0.49600076572660934,49.6,Medium,31.49
CUST-00844,66,Male,41,21.15,Month-to-month,3,Fiber optic,Credit card,867.15,No,0.4907567387825144,49.08,Medium,10.38
CUST-00845,31,Male,67,44.75,Month-to-month,1,Fiber optic,Electronic check,2998.25,No,0.3588336162451054,35.88,Low,16.06
CUST-00846,32,Male,1,142.32,Month-to-month,1,Fiber optic,Mailed check,142.32,Yes,0.8193399616847503,81.93,High,116.61
CUST-00847,48,Female,51,87.75,Two year,3,DSL,Bank transfer,4475.25,No,0.3148329666388339,31.48,Low,27.63
CUST-00848,18,Female,5,149.64,One year,3,Fiber optic,Mailed check,748.2,No,0.309568262210822,30.96,Low,46.32
CUST-00849,70,Male,13,88.23,Month-to-month,0,Fiber optic,Mailed check,1146.99,No,0.3641919805594718,36.42,Low,32.13
CUST-00850,71,Female,19,90.71,Month-to-month,3,Fiber optic,Electronic check,1723.49,Yes,0.5775747098871801,57.76,Medium,52.39
CUST-00851,71,Male,12,70.94,Two year,4,DSL,Mailed check,851.28,No,0.3288669497732342,32.89,Low,23.33
CUST-00852,20,Female,48,60.31,One year,3,Fiber optic,Electronic check,2894.88,No,0.22534474081174974,22.53,Low,13.59
CUST-00853,33,Female,25,52.7,One year,6,DSL,Bank transfer,1317.5,No,0.41724753535712944,41.72,Medium,21.99
CUST-00854,40,Female,57,64.64,Month-to-month,1,DSL,Electronic check,3684.48,No,0.3782690437225559,37.83,Low,24.45
CUST-00855,74,Male,35,79.78,Two year,4,DSL,Credit card,2792.3,Yes,0.6740238390929152,67.4,Medium,53.77
CUST-00856,28,Female,5,44.96,Month-to-month,2,DSL,Bank transfer,224.8,No,0.5574941168478472,55.75,Medium,25.06
CUST-00857,29,Female,22,49.23,One year,4,Fiber optic,Electronic check,1083.06,No,0.2827795381472277,28.28,Low,13.92
CUST-00858,27,Male,57,55.3,Two year,0,DSL,Bank transfer,3152.1,No,0.18711642549296417,18.71,Low,10.35
CUST-00859,49,Female,47,78.4,Month-to-month,5,Fiber optic,Mailed check,3684.8,Yes,0.6840511882462282,68.41,Medium,53.63
CUST-00860,33,Male,54,104.87,Month-to-month,4,DSL,Bank transfer,5662.98,Yes,0.6348638762975637,63.49,Medium,66.58
CUST-00861,25,Male,3,131.3,Month-to-month,0,Fiber optic,Electronic check,393.9,No,0.3886276631679923,38.86,Low,51.03
CUST-00862,55,Male,53,57.33,Month-to-month,4,No,Mailed check,3038.49,No,0.5605361091931311,56.05,Medium,32.14
CUST-00863,29,Male,31,43.88,Month-to-month,3,Fiber optic,Credit card,1360.28,No,0.4848642355290093,48.49,Medium,21.28
CUST-00864,41,Male,69,69.25,Two year,2,Fiber optic,Bank transfer,4778.25,No,0.31666043384829357,31.67,Low,21.93
CUST-00865,45,Female,33,136.27,Month-to-month,3,DSL,Electronic check,4496.91,Yes,0.6640336775817296,66.4,Medium,90.49
CUST-00866,70,Male,72,21.28,One year,1,DSL,Bank transfer,1532.16,No,0.287270620532957,28.73,Low,6.11
CUST-00867,25,Male,50,108.12,Two year,3,Fiber optic,Bank transfer,5406.0,No,0.25053664429348177,25.05,Low,27.09
CUST-00868,75,Male,16,82.03,Two year,3,No,Electronic check,1312.48,No,0.15921068865340585,15.92,Low,13.06
CUST-00869,45,Male,39,40.94,Month-to-month,1,DSL,Credit card,1596.66,No,0.4741148671295527,47.41,Medium,19.41
CUST-00870,53,Female,46,61.73,Month-to-month,5,Fiber optic,Electronic check,2839.58,No,0.5536905634623185,55.37,Medium,34.18
CUST-00871,43,Male,47,49.24,Month-to-month,1,No,Bank transfer,2314.28,No,0.3792926225203117,37.93,Low,18.68
CUST-00872,25,Female,44,134.12,Month-to-month,1,No,Credit card,5901.28,Yes,0.6533280604150564,65.33,Medium,87.62
CUST-00873,75,Male,9,82.64,One year,4,No,Credit card,743.76,No,0.38367326223520826,38.37,Low,31.71
CUST-00874,67,Female,50,93.2,Month-to-month,1,Fiber optic,Credit card,4660.0,Yes,0.5686120085772571,56.86,Medium,52.99
CUST-00875,45,Male,60,97.18,Month-to-month,2,DSL,Credit card,5830.8,Yes,0.5494285072696123,54.94,Medium,53.39
CUST-00876,45,Male,15,103.15,Month-to-month,3,No,Bank transfer,1547.25,No,0.5172325930061149,51.72,Medium,53.35
CUST-00877,54,Female,36,84.42,One year,2,No,Electronic check,3039.12,No,0.21921888840844753,21.92,Low,18.51
CUST-00878,58,Male,63,22.32,Month-to-month,1,Fiber optic,Electronic check,1406.16,Yes,0.48441352709402047,48.44,Medium,10.81
CUST-00879,53,Female,69,63.51,Month-to-month,2,DSL,Mailed check,4382.19,Yes,0.5556329606102139,55.56,Medium,35.29
CUST-00880,44,Male,41,43.9,Month-to-month,2,Fiber optic,Mailed check,1799.9,No,0.508103063348828,50.81,Medium,22.31
CUST-00881,71,Female,24,108.42,One year,2,DSL,Mailed check,2602.08,No,0.3203643375745538,32.04,Low,34.73
CUST-00882,34,Male,49,27.37,One year,2,Fiber optic,Credit card,1341.13,No,0.2776359785609436,27.76,Low,7.6
CUST-00883,26,Male,18,93.29,Month-to-month,1,Fiber optic,Credit card,1679.22,No,0.4280420429338316,42.8,Medium,39.93
CUST-00884,50,Female,7,47.38,Two year,2,Fiber optic,Electronic check,331.66,No,0.26160585609479003,26.16,Low,12.39
CUST-00885,70,Male,4,143.35,Month-to-month,0,Fiber optic,Credit card,573.4,Yes,0.7241087779817627,72.41,High,103.8
CUST-00886,37,Male,69,63.62,Month-to-month,2,Fiber optic,Electronic check,4389.78,Yes,0.4912080652786698,49.12,Medium,31.25
CUST-00887,30,Male,60,62.28,Month-to-month,1,Fiber optic,Mailed check,3736.8,No,0.3954061210212131,39.54,Low,24.63
CUST-00888,45,Male,55,140.04,Month-to-month,2,No,Electronic check,7702.2,No,0.43763086761113074,43.76,Medium,61.29
CUST-00889,65,Male,16,74.26,One year,2,Fiber optic,Credit card,1188.16,Yes,0.5932182816680864,59.32,Medium,44.05
CUST-00890,46,Male,29,145.17,Month-to-month,1,Fiber optic,Electronic check,4209.93,No,0.4803309401430064,48.03,Medium,69.73
CUST-00891,30,Female,23,23.14,One year,1,Fiber optic,Electronic check,532.22,No,0.16090706129859705,16.09,Low,3.72
CUST-00892,63,Female,14,59.82,Month-to-month,0,Fiber optic,Electronic check,837.48,No,0.40205725783182544,40.21,Medium,24.05
CUST-00893,52,Female,49,106.61,Two year,5,No,Credit card,5223.89,Yes,0.5987455595521474,59.87,Medium,63.83
CUST-00894,23,Male,33,135.81,One year,3,Fiber optic,Bank transfer,4481.73,No,0.3063561452337329,30.64,Low,41.61
CUST-00895,35,Female,25,53.33,One year,2,Fiber optic,Mailed check,1333.25,No,0.3616477634717342,36.16,Low,19.29
CUST-00896,68,Male,21,140.96,One year,4,Fiber optic,Bank transfer,2960.16,No,0.40222015889426854,40.22,Medium,56.7
CUST-00897,22,Male,17,97.24,Two year,3,Fiber optic,Bank transfer,1653.08,No,0.22201786944850904,22.2,Low,21.59
CUST-00898,64,Male,23,124.13,Two year,1,No,Bank transfer,2854.99,Yes,0.6119457775429539,61.19,Medium,75.96
CUST-00899,42,Male,57,71.64,Month-to-month,2,Fiber optic,Bank transfer,4083.48,No,0.49583007253621425,49.58,Medium,35.52
CUST-00900,19,Female,58,47.58,Month-to-month,5,DSL,Credit card,2759.64,Yes,0.6916034995852659,69.16,Medium,32.91
CUST-00901,27,Male,14,138.46,Month-to-month,1,Fiber optic,Credit card,1938.44,No,0.4954648145749366,49.55,Medium,68.6
CUST-00902,73,Female,20,141.31,Month-to-month,4,No,Bank transfer,2826.2,Yes,0.7067456794090237,70.67,High,99.87
CUST-00903,47,Male,30,84.68,Month-to-month,5,DSL,Bank transfer,2540.4,Yes,0.6478187195882568,64.78,Medium,54.86
CUST-00904,67,Female,19,20.84,Month-to-month,1,Fiber optic,Electronic check,395.96,No,0.4229114561915402,42.29,Medium,8.81
CUST-00905,62,Female,53,34.27,Two year,3,DSL,Electronic check,1816.31,No,0.17023267410243922,17.02,Low,5.83
CUST-00906,22,Female,56,94.49,Month-to-month,1,No,Mailed check,5291.44,No,0.41464908952612123,41.46,Medium,39.18
CUST-00907,72,Female,23,23.09,Two year,1,Fiber optic,Mailed check,531.07,No,0.19758709566928637,19.76,Low,4.56
CUST-00908,73,Female,62,71.6,Month-to-month,2,Fiber optic,Mailed check,4439.2,No,0.5412246709666355,54.12,Medium,38.75
CUST-00909,50,Female,33,59.44,One year,1,DSL,Electronic check,1961.52,No,0.17842787066477012,17.84,Low,10.61
CUST-00910,71,Male,18,112.87,Month-to-month,3,Fiber optic,Bank transfer,2031.66,Yes,0.6487635112013074,64.88,Medium,73.23
CUST-00911,18,Female,33,27.23,One year,3,Fiber optic,Bank transfer,898.59,No,0.3184207661383321,31.84,Low,8.67
CUST-00912,35,Male,32,83.54,Month-to-month,2,Fiber optic,Mailed check,2673.28,No,0.5339213343811233,53.39,Medium,44.6
CUST-00913,49,Female,61,95.28,Month-to-month,3,Fiber optic,Mailed check,5812.08,Yes,0.5296815137610862,52.97,Medium,50.47
CUST-00914,64,Male,54,100.25,Two year,4,Fiber optic,Credit card,5413.5,No,0.3290132496771828,32.9,Low,32.98
CUST-00915,66,Female,17,72.67,Month-to-month,2,Fiber optic,Mailed check,1235.39,No,0.5732248501760685,57.32,Medium,41.66
CUST-00916,28,Female,19,59.57,Month-to-month,1,DSL,Electronic check,1131.83,No,0.4161747602370008,41.62,Medium,24.79
CUST-00917,38,Male,70,108.72,Month-to-month,2,DSL,Electronic check,7610.4,No,0.47716995017500097,47.72,Medium,51.88
CUST-00918,43,Female,34,130.18,Two year,4,Fiber optic,Mailed check,4426.12,No,0.3984315260567011,39.84,Low,51.87
CUST-00919,42,Female,25,110.17,Month-to-month,1,Fiber optic,Mailed check,2754.25,Yes,0.6431784969325837,64.32,Medium,70.86
CUST-00920,39,Female,68,141.17,One year,2,DSL,Credit card,9599.56,No,0.36403713693001616,36.4,Low,51.39
CUST-00921,44,Male,11,113.24,Month-to-month,3,DSL,Credit card,1245.64,Yes,0.7363098055489999,73.63,High,83.38
CUST-00922,66,Female,16,119.4,Month-to-month,3,Fiber optic,Credit card,1910.4,No,0.6293967976954004,62.94,Medium,75.15
CUST-00923,30,Male,61,41.83,Two year,3,DSL,Electronic check,2551.63,No,0.26228981484764147,26.23,Low,10.97
CUST-00924,50,Female,7,74.54,Month-to-month,3,No,Credit card,521.78,Yes,0.6794057053538969,67.94,Medium,50.64
CUST-00925,51,Female,16,83.06,One year,3,Fiber optic,Bank transfer,1328.96,No,0.38501015769714236,38.5,Low,31.98
CUST-00926,58,Male,16,53.32,Month-to-month,2,Fiber optic,Bank transfer,853.12,No,0.4823296234234895,48.23,Medium,25.72
CUST-00927,52,Female,40,88.71,Month-to-month,2,Fiber optic,Bank transfer,3548.4,No,0.49195718533955085,49.2,Medium,43.64
CUST-00928,18,Female,12,57.8,Month-to-month,2,Fiber optic,Credit card,693.6,Yes,0.6196746977405616,61.97,Medium,35.82
CUST-00929,38,Male,35,109.38,One year,3,Fiber optic,Electronic check,3828.3,No,0.31171027871957535,31.17,Low,34.09
CUST-00930,65,Female,21,81.14,One year,2,Fiber optic,Electronic check,1703.94,No,0.33905136231228117,33.91,Low,27.51
CUST-00931,72,Male,50,79.64,One year,2,Fiber optic,Credit card,3982.0,Yes,0.5399330441638256,53.99,Medium,43.0
CUST-00932,23,Male,43,147.87,Month-to-month,5,Fiber optic,Mailed check,6358.41,No,0.43724264096206866,43.72,Medium,64.66
CUST-00933,45,Male,17,71.02,Month-to-month,3,DSL,Mailed check,1207.34,Yes,0.6237313178271516,62.37,Medium,44.3
CUST-00934,34,Female,32,67.1,Month-to-month,4,Fiber optic,Credit card,2147.2,No,0.500771787327527,50.08,Medium,33.6
CUST-00935,22,Male,41,61.42,One year,1,Fiber optic,Electronic check,2518.22,No,0.14140399652578167,14.14,Low,8.69
CUST-00936,48,Male,6,136.32,Two year,1,DSL,Bank transfer,817.92,No,0.31833294112382227,31.83,Low,43.4
CUST-00937,22,Female,27,84.57,Month-to-month,2,Fiber optic,Mailed check,2283.39,Yes,0.5642326367886449,56.42,Medium,47.72
CUST-00938,55,Male,20,98.0,Month-to-month,1,DSL,Bank transfer,1960.0,Yes,0.5343885771524332,53.44,Medium,52.37
CUST-00939,20,Female,25,43.51,Month-to-month,7,Fiber optic,Electronic check,1087.75,No,0.40375688462859666,40.38,Medium,17.57
CUST-00940,70,Female,66,90.32,Two year,2,DSL,Mailed check,5961.12,No,0.2612439862425995,26.12,Low,23.6
CUST-00941,40,Female,9,55.7,Two year,3,Fiber optic,Credit card,501.3,No,0.2638762469451126,26.39,Low,14.7
CUST-00942,54,Female,53,114.98,Month-to-month,2,Fiber optic,Bank transfer,6093.94,Yes,0.5948137876822408,59.48,Medium,68.39
CUST-00943,70,Male,61,128.23,Month-to-month,0,No,Bank transfer,7822.03,No,0.32456221672538754,32.46,Low,41.62
CUST-00944,54,Male,38,112.93,Month-to-month,5,Fiber optic,Bank transfer,4291.34,Yes,0.6380414544336671,63.8,Medium,72.05
CUST-00945,27,Male,3,114.93,One year,1,Fiber optic,Credit card,344.79,No,0.4100685860770878,41.01,Medium,47.13
CUST-00946,27,Male,70,86.62,One year,1,Fiber optic,Credit card,6063.4,No,0.21752855278705094,21.75,Low,18.84
CUST-00947,36,Male,55,112.58,Month-to-month,5,DSL,Bank transfer,6191.9,Yes,0.6910774056839454,69.11,Medium,77.8
CUST-00948,34,Female,1,74.95,Two year,2,Fiber optic,Credit card,74.95,No,0.26387413035096596,26.39,Low,19.78
CUST-00949,38,Male,70,104.69,Month-to-month,2,Fiber optic,Mailed check,7328.3,No,0.487917065649819,48.79,Medium,51.08
CUST-00950,31,Male,45,53.68,Month-to-month,1,Fiber optic,Electronic check,2415.6,No,0.35524962298365725,35.52,Low,19.07
CUST-00951,26,Male,47,29.07,One year,2,Fiber optic,Mailed check,1366.29,No,0.23075289259818385,23.08,Low,6.71
CUST-00952,63,Female,26,73.75,Month-to-month,3,DSL,Credit card,1917.5,No,0.5825874106447163,58.26,Medium,42.97
CUST-00953,18,Female,14,80.03,Two year,2,DSL,Electronic check,1120.42,No,0.19743858148066037,19.74,Low,15.8
CUST-00954,68,Male,54,53.33,Month-to-month,3,Fiber optic,Bank transfer,2879.82,Yes,0.530343209267107,53.03,Medium,28.28
CUST-00955,62,Female,71,114.6,Month-to-month,2,Fiber optic,Bank transfer,8136.6,Yes,0.6563100038271004,65.63,Medium,75.21
CUST-00956,30,Male,46,29.56,One year,2,Fiber optic,Electronic check,1359.76,No,0.19877951633871538,19.88,Low,5.88
CUST-00957,21,Male,31,48.96,Month-to-month,2,Fiber optic,Mailed check,1517.76,No,0.45200311425386064,45.2,Medium,22.13
CUST-00958,18,Female,59,117.31,Month-to-month,2,Fiber optic,Bank transfer,6921.29,No,0.3857121845612255,38.57,Low,45.25
CUST-00959,66,Female,29,76.83,Two year,1,DSL,Bank transfer,2228.07,Yes,0.4381916450719055,43.82,Medium,33.67
CUST-00960,57,Male,17,111.69,Month-to-month,2,DSL,Bank transfer,1898.73,No,0.5419871954336614,54.2,Medium,60.53
CUST-00961,49,Male,14,93.77,Month-to-month,4,DSL,Credit card,1312.78,No,0.5573345544805363,55.73,Medium,52.26
CUST-00962,51,Female,36,143.59,Two year,2,No,Mailed check,5169.24,Yes,0.7125053699551696,71.25,High,102.31
CUST-00963,45,Male,58,97.71,Month-to-month,3,Fiber optic,Credit card,5667.18,No,0.45673109104067694,45.67,Medium,44.63
CUST-00964,48,Female,24,21.93,Month-to-month,3,Fiber optic,Electronic check,526.32,No,0.47564568361370835,47.56,Medium,10.43
CUST-00965,25,Male,63,65.87,One year,4,DSL,Electronic check,4149.81,Yes,0.45173728805276936,45.17,Medium,29.76
CUST-00966,56,Female,25,38.6,Month-to-month,1,Fiber optic,Credit card,965.0,No,0.4954777087717384,49.55,Medium,19.13
CUST-00967,43,Male,59,140.2,Two year,3,Fiber optic,Bank transfer,8271.8,No,0.3880291477979517,38.8,Low,54.4
CUST-00968,75,Male,32,33.52,Month-to-month,3,Fiber optic,Credit card,1072.64,Yes,0.637302811231442,63.73,Medium,21.36
CUST-00969,51,Female,18,70.4,One year,4,Fiber optic,Mailed check,1267.2,Yes,0.5259142900510405,52.59,Medium,37.02
CUST-00970,71,Male,37,49.39,Month-to-month,4,No,Bank transfer,1827.43,No,0.5816354979469093,58.16,Medium,28.73
CUST-00971,71,Male,26,130.07,Month-to-month,0,Fiber optic,Electronic check,3381.82,No,0.43861510831674744,43.86,Medium,57.05
CUST-00972,20,Female,9,60.11,One year,1,DSL,Mailed check,540.99,No,0.25829389489957266,25.83,Low,15.53
CUST-00973,67,Male,64,148.95,Month-to-month,2,Fiber optic,Electronic check,9532.8,Yes,0.7199080122735744,71.99,High,107.23
CUST-00974,29,Male,72,25.02,One year,2,DSL,Mailed check,1801.44,Yes,0.6117418393230576,61.17,Medium,15.31
CUST-00975,18,Male,20,36.68,Month-to-month,0,DSL,Mailed check,733.6,No,0.37039230213813584,37.04,Low,13.59
CUST-00976,71,Female,54,49.2,One year,3,No,Mailed check,2656.8,Yes,0.5503583085171583,55.04,Medium,27.08
CUST-00977,61,Female,30,125.44,Month-to-month,1,Fiber optic,Electronic check,3763.2,Yes,0.6663712388380717,66.64,Medium,83.59
CUST-00978,22,Female,53,134.21,One year,5,DSL,Credit card,7113.13,No,0.2813896564787433,28.14,Low,37.77
CUST-00979,47,Male,63,29.29,One year,3,Fiber optic,Credit card,1845.27,No,0.25428179397515266,25.43,Low,7.45
CUST-00980,47,Male,11,24.22,Month-to-month,2,Fiber optic,Bank transfer,266.42,Yes,0.6478535572587912,64.79,Medium,15.69
CUST-00981,74,Male,31,116.79,Month-to-month,1,Fiber optic,Electronic check,3620.49,No,0.4640848874148741,46.41,Medium,54.2
CUST-00982,34,Male,49,37.34,Month-to-month,1,Fiber optic,Bank transfer,1829.66,Yes,0.45793854632669045,45.79,Medium,17.1
CUST-00983,65,Female,19,37.29,Month-to-month,6,DSL,Bank transfer,708.51,Yes,0.7122670317414254,71.23,High,26.56
CUST-00984,64,Male,12,22.91,One year,5,Fiber optic,Mailed check,274.92,No,0.23010680430532887,23.01,Low,5.27
CUST-00985,40,Male,15,26.48,Month-to-month,2,DSL,Mailed check,397.2,Yes,0.6174027098804239,61.74,Medium,16.35
CUST-00986,32,Male,31,54.28,Two year,1,Fiber optic,Credit card,1682.68,No,0.22941426857569652,22.94,Low,12.45
CUST-00987,54,Female,43,28.45,Month-to-month,3,DSL,Credit card,1223.35,No,0.4772864744590467,47.73,Medium,13.58
CUST-00988,38,Male,37,67.95,Two year,2,DSL,Bank transfer,2514.15,No,0.3716781428904414,37.17,Low,25.26
CUST-00989,31,Male,29,128.26,Month-to-month,0,DSL,Bank transfer,3719.54,No,0.48143307513426975,48.14,Medium,61.75
CUST-00990,19,Male,26,62.42,Two year,1,DSL,Bank transfer,1622.92,Yes,0.5161019579165825,51.61,Medium,32.22
CUST-00991,28,Male,2,114.62,Month-to-month,1,DSL,Credit card,229.24,Yes,0.8031107041057974,80.31,High,92.05
CUST-00992,68,Male,15,32.21,Month-to-month,0,No,Bank transfer,483.15,No,0.3255108843477624,32.55,Low,10.48
CUST-00993,56,Female,4,105.72,Two year,2,Fiber optic,Credit card,422.88,No,0.3270415744833828,32.7,Low,34.57
CUST-00994,55,Male,50,61.18,Month-to-month,1,Fiber optic,Electronic check,3059.0,No,0.3942700704713746,39.43,Low,24.12
CUST-00995,51,Male,38,117.47,Month-to-month,1,Fiber optic,Electronic check,4463.86,No,0.5003838072498084,50.04,Medium,58.78
CUST-00996,55,Male,23,37.71,One year,2,DSL,Bank transfer,867.33,No,0.29337463819942433,29.34,Low,11.06
CUST-00997,67,Male,59,136.72,One year,1,Fiber optic,Credit card,8066.48,Yes,0.583570709114739,58.36,Medium,79.79
CUST-00998,51,Male,28,51.54,Month-to-month,3,No,Electronic check,1443.12,No,0.43252537409825237,43.25,Medium,22.29
CUST-00999,35,Male,66,65.91,Month-to-month,2,DSL,Credit card,4350.06,Yes,0.5438205366586211,54.38,Medium,35.84
CUST-01000,47,Male,8,143.52,One year,1,No,Credit card,1148.16,No,0.22023180083239358,22.02,Low,31.61
CUST-01001,32,Male,29,95.2,Month-to-month,3,No,Electronic check,2760.8,No,0.4923576711939297,49.24,Medium,46.87
CUST-01002,44,Male,11,67.55,Two year,4,No,Bank transfer,743.05,No,0.2600822395131628,26.01,Low,17.57
CUST-01003,68,Male,18,143.45,One year,4,DSL,Bank transfer,2582.1,No,0.3347960010431375,33.48,Low,48.03
CUST-01004,51,Female,55,62.78,One year,2,Fiber optic,Electronic check,3452.9,No,0.2212566312993483,22.13,Low,13.89
CUST-01005,69,Female,50,32.33,Month-to-month,2,Fiber optic,Mailed check,1616.5,Yes,0.5735931469771243,57.36,Medium,18.54
CUST-01006,74,Female,14,149.59,Two year,4,DSL,Credit card,2094.26,No,0.3166768755006709,31.67,Low,47.37
CUST-01007,55,Female,9,54.82,Month-to-month,2,Fiber optic,Mailed check,493.38,No,0.5956723254592283,59.57,Medium,32.65
CUST-01008,50,Male,11,130.66,Two year,3,Fiber optic,Bank transfer,1437.26,Yes,0.6160648774869825,61.61,Medium,80.5
CUST-01009,41,Female,63,41.52,Month-to-month,1,No,Credit card,2615.76,No,0.40641499648138335,40.64,Medium,16.87
CUST-01010,32,Female,67,115.08,One year,1,DSL,Electronic check,7710.36,No,0.2262077832649838,22.62,Low,26.03
CUST-01011,47,Male,53,88.18,One year,3,DSL,Bank transfer,4673.54,No,0.36724648764336404,36.72,Low,32.38
CUST-01012,72,Female,39,147.52,Month-to-month,6,DSL,Bank transfer,5753.28,No,0.4580315225635174,45.8,Medium,67.57
CUST-01013,59,Female,56,91.87,Month-to-month,3,DSL,Bank transfer,5144.72,No,0.5112105635459985,51.12,Medium,46.96
CUST-01014,68,Male,28,23.25,Month-to-month,2,Fiber optic,Electronic check,651.0,No,0.4390263319633933,43.9,Medium,10.21
CUST-01015,34,Male,39,98.5,Month-to-month,4,Fiber optic,Electronic check,3841.5,No,0.48394992473611353,48.39,Medium,47.67
CUST-01016,22,Male,25,38.89,Month-to-month,5,Fiber optic,Mailed check,972.25,No,0.5222451728513868,52.22,Medium,20.31
CUST-01017,46,Female,21,123.81,Month-to-month,1,No,Electronic check,2600.01,Yes,0.6703260186353467,67.03,Medium,82.99
CUST-01018,21,Female,10,131.35,One year,0,Fiber optic,Mailed check,1313.5,No,0.2354970973530338,23.55,Low,30.93
CUST-01019,27,Male,43,82.67,One year,4,Fiber optic,Credit card,3554.81,No,0.2985741082679841,29.86,Low,24.68
CUST-01020,73,Male,15,121.82,Month-to-month,2,Fiber optic,Credit card,1827.3,No,0.5501114725610582,55.01,Medium,67.01
CUST-01021,34,Female,48,38.86,One year,7,No,Credit card,1865.28,Yes,0.7677235614375068,76.77,High,29.83
CUST-01022,27,Male,21,83.97,Two year,2,No,Bank transfer,1763.37,No,0.21915968724796936,21.92,Low,18.4
CUST-01023,34,Female,60,71.21,Month-to-month,2,Fiber optic,Bank transfer,4272.6,Yes,0.47798394531087496,47.8,Medium,34.04
CUST-01024,37,Male,50,99.47,Month-to-month,1,No,Bank transfer,4973.5,No,0.46233957626830924,46.23,Medium,45.99
CUST-01025,41,Male,23,25.78,Month-to-month,0,Fiber optic,Electronic check,592.94,Yes,0.4483270175676669,44.83,Medium,11.56
CUST-01026,22,Female,13,117.78,One year,3,No,Electronic check,1531.14,No,0.24302244164675357,24.3,Low,28.62
CUST-01027,51,Male,69,30.29,One year,2,Fiber optic,Mailed check,2090.01,No,0.24444654238253583,24.44,Low,7.4
CUST-01028,23,Male,4,105.34,One year,2,DSL,Bank transfer,421.36,No,0.37671305410474,37.67,Low,39.68
CUST-01029,70,Male,72,22.4,Month-to-month,2,No,Electronic check,1612.8,No,0.37774496486421705,37.77,Low,8.46
CUST-01030,19,Female,9,128.15,Two year,1,DSL,Credit card,1153.35,No,0.2345923073211344,23.46,Low,30.06
CUST-01031,30,Male,35,42.71,Month-to-month,2,No,Credit card,1494.85,Yes,0.5174640002926263,51.75,Medium,22.1
CUST-01032,60,Male,21,87.01,Month-to-month,3,Fiber optic,Electronic check,1827.21,No,0.467687817302436,46.77,Medium,40.69
CUST-01033,60,Male,58,53.99,Month-to-month,4,Fiber optic,Credit card,3131.42,Yes,0.6442314818380865,64.42,Medium,34.78
CUST-01034,65,Male,18,113.94,Month-to-month,1,DSL,Credit card,2050.92,No,0.5967722402152738,59.68,Medium,68.0
CUST-01035,28,Male,72,61.78,One year,3,DSL,Mailed check,4448.16,No,0.4069602000304793,40.7,Medium,25.14
CUST-01036,68,Male,43,114.2,One year,1,No,Credit card,4910.6,No,0.2854886557049511,28.55,Low,32.6
CUST-01037,64,Female,6,57.03,Two year,2,Fiber optic,Bank transfer,342.18,No,0.3642295237158222,36.42,Low,20.77
CUST-01038,74,Female,67,117.82,Month-to-month,1,Fiber optic,Electronic check,7893.94,No,0.5019256557101649,50.19,Medium,59.14
CUST-01039,40,Male,12,23.98,Two year,3,Fiber optic,Electronic check,287.76,No,0.29258620177374733,29.26,Low,7.02
CUST-01040,72,Female,12,56.83,One year,3,Fiber optic,Bank transfer,681.96,Yes,0.6047815374247774,60.48,Medium,34.37
CUST-01041,33,Female,66,84.82,Month-to-month,2,Fiber optic,Credit card,5598.12,No,0.4293797766775981,42.94,Medium,36.42
CUST-01042,48,Male,2,25.86,Two year,2,DSL,Mailed check,51.72,No,0.24262236946107382,24.26,Low,6.27
CUST-01043,28,Female,15,44.18,One year,4,Fiber optic,Mailed check,662.7,No,0.3904330544400127,39.04,Low,17.25
CUST-01044,71,Female,23,141.49,Month-to-month,3,Fiber optic,Bank transfer,3254.27,No,0.5976078559338021,59.76,Medium,84.56
CUST-01045,33,Female,29,146.99,Two year,2,No,Credit card,4262.71,Yes,0.6655400892710167,66.55,Medium,97.83
CUST-01046,25,Female,7,116.17,One year,8,Fiber optic,Bank transfer,813.19,Yes,0.797174660554759,79.72,High,92.61
CUST-01047,21,Female,28,52.79,One year,2,DSL,Mailed check,1478.12,Yes,0.4250753247773596,42.51,Medium,22.44
CUST-01048,57,Female,14,53.87,Two year,4,No,Credit card,754.18,No,0.22733456123008405,22.73,Low,12.25
CUST-01049,21,Female,44,103.95,Month-to-month,2,Fiber optic,Bank transfer,4573.8,Yes,0.45232851550490255,45.23,Medium,47.02
CUST-01050,73,Female,30,35.29,One year,7,Fiber optic,Bank transfer,1058.7,No,0.3246292880359052,32.46,Low,11.46
CUST-01051,42,Male,32,143.28,One year,2,Fiber optic,Credit card,4584.96,No,0.38677672595138746,38.68,Low,55.42
CUST-01052,20,Male,70,49.23,Month-to-month,5,Fiber optic,Mailed check,3446.1,Yes,0.7342183415715041,73.42,High,36.15
CUST-01053,49,Female,6,149.95,Month-to-month,2,Fiber optic,Credit card,899.7,Yes,0.787515389278979,78.75,High,118.09
CUST-01054,20,Female,27,84.45,One year,2,Fiber optic,Mailed check,2280.15,No,0.29795881063539,29.8,Low,25.16
CUST-01055,44,Male,24,120.29,Month-to-month,6,DSL,Electronic check,2886.96,Yes,0.6920548180325474,69.21,Medium,83.25
CUST-01056,46,Female,34,20.28,One year,4,Fiber optic,Mailed check,689.52,Yes,0.629169440408518,62.92,Medium,12.76
CUST-01057,49,Female,40,135.54,Two year,4,DSL,Mailed check,5421.6,Yes,0.7149195829516253,71.49,High,96.9
CUST-01058,67,Male,47,55.1,Month-to-month,3,Fiber optic,Electronic check,2589.7,Yes,0.5485381824843784,54.85,Medium,30.22
CUST-01059,75,Male,24,106.83,Month-to-month,2,DSL,Bank transfer,2563.92,No,0.5279678388406368,52.8,Medium,56.4
CUST-01060,68,Male,65,124.83,Month-to-month,2,DSL,Bank transfer,8113.95,No,0.5355274955467204,53.55,Medium,66.85
CUST-01061,36,Female,18,41.34,One year,4,Fiber optic,Mailed check,744.12,Yes,0.5810114749361734,58.1,Medium,24.02
CUST-01062,38,Female,44,77.53,Two year,2,Fiber optic,Electronic check,3411.32,Yes,0.38824658492806047,38.82,Low,30.1
CUST-01063,22,Male,57,84.2,Month-to-month,1,Fiber optic,Electronic check,4799.4,No,0.3825693550100193,38.26,Low,32.21
CUST-01064,35,Male,28,60.58,Month-to-month,2,Fiber optic,Credit card,1696.24,Yes,0.49878640506380784,49.88,Medium,30.22
CUST-01065,45,Female,71,82.63,One year,0,Fiber optic,Mailed check,5866.73,No,0.21562365905450898,21.56,Low,17.82
CUST-01066,59,Male,23,61.28,One year,4,Fiber optic,Electronic check,1409.44,Yes,0.5198291078666795,51.98,Medium,31.86
CUST-01067,39,Female,34,66.9,Month-to-month,4,Fiber optic,Bank transfer,2274.6,No,0.5220664140629762,52.21,Medium,34.93
CUST-01068,38,Female,11,107.01,One year,8,DSL,Electronic check,1177.11,Yes,0.8880724711931179,88.81,High,95.03
CUST-01069,23,Male,35,102.24,Month-to-month,3,Fiber optic,Electronic check,3578.4,No,0.42382155800508453,42.38,Medium,43.33
CUST-01070,18,Male,42,50.19,One year,1,DSL,Electronic check,2107.98,No,0.20819901718662387,20.82,Low,10.45
CUST-01071,22,Female,28,136.67,Month-to-month,3,Fiber optic,Electronic check,3826.76,Yes,0.6472563939344829,64.73,Medium,88.46
CUST-01072,58,Male,24,132.16,Month-to-month,1,No,Bank transfer,3171.84,No,0.4846776274974585,48.47,Medium,64.05
CUST-01073,29,Male,8,86.18,Two year,6,Fiber optic,Electronic check,689.44,Yes,0.7493146978680634,74.93,High,64.58
CUST-01074,43,Male,53,76.32,Month-to-month,2,Fiber optic,Mailed check,4044.96,Yes,0.5342269033659456,53.42,Medium,40.77
CUST-01075,63,Male,72,68.99,Month-to-month,5,DSL,Electronic check,4967.28,Yes,0.7487036927476746,74.87,High,51.65
CUST-01076,51,Female,4,111.94,Two year,4,Fiber optic,Bank transfer,447.76,No,0.41412572330074154,41.41,Medium,46.36
CUST-01077,66,Female,5,107.32,One year,4,Fiber optic,Mailed check,536.6,Yes,0.7565697217164762,75.66,High,81.2
CUST-01078,31,Female,49,45.5,Month-to-month,7,DSL,Electronic check,2229.5,Yes,0.7059276172774742,70.59,High,32.12
CUST-01079,43,Female,30,107.29,One year,3,Fiber optic,Bank transfer,3218.7,No,0.3931112564782818,39.31,Low,42.18
CUST-01080,62,Male,72,52.82,Two year,3,Fiber optic,Mailed check,3803.04,No,0.27424551043141354,27.42,Low,14.49
CUST-01081,44,Male,63,22.41,One year,4,DSL,Electronic check,1411.83,No,0.33331179016692347,33.33,Low,7.47
CUST-01082,26,Female,47,110.9,Month-to-month,1,Fiber optic,Electronic check,5212.3,No,0.3647368187313669,36.47,Low,40.45
CUST-01083,43,Female,26,103.82,One year,0,DSL,Electronic check,2699.32,No,0.1597541451467167,15.98,Low,16.59
CUST-01084,74,Male,57,73.41,One year,2,DSL,Mailed check,4184.37,Yes,0.5416088301455967,54.16,Medium,39.76
CUST-01085,64,Female,37,88.34,Two year,3,Fiber optic,Credit card,3268.58,No,0.3249247708197337,32.49,Low,28.7
CUST-01086,74,Female,7,143.13,Month-to-month,1,DSL,Electronic check,1001.91,Yes,0.8360428739340958,83.6,High,119.66
CUST-01087,39,Male,40,97.38,One year,1,Fiber optic,Bank transfer,3895.2,No,0.2014221204080649,20.14,Low,19.61
CUST-01088,64,Female,39,105.52,Month-to-month,5,Fiber optic,Credit card,4115.28,Yes,0.7152898792319439,71.53,High,75.48
CUST-01089,73,Male,62,28.31,One year,2,No,Electronic check,1755.22,No,0.26041556435875857,26.04,Low,7.37
CUST-01090,47,Male,53,41.58,Two year,3,Fiber optic,Bank transfer,2203.74,No,0.3069817610382437,30.7,Low,12.76
CUST-01091,60,Female,4,59.12,Month-to-month,2,DSL,Electronic check,236.48,No,0.49046470582192436,49.05,Medium,29.0
CUST-01092,65,Male,25,90.12,Month-to-month,1,Fiber optic,Bank transfer,2253.0,No,0.49518303256327184,49.52,Medium,44.63
CUST-01093,34,Female,7,120.96,One year,3,Fiber optic,Electronic check,846.72,No,0.4234538045764715,42.35,Medium,51.22
CUST-01094,43,Male,28,61.76,One year,2,Fiber optic,Bank transfer,1729.28,No,0.2785008572826792,27.85,Low,17.2
CUST-01095,53,Female,69,66.33,Month-to-month,4,Fiber optic,Bank transfer,4576.77,No,0.49133213475882154,49.13,Medium,32.59
CUST-01096,18,Female,67,53.3,One year,1,Fiber optic,Credit card,3571.1,No,0.2280516585760775,22.81,Low,12.16
CUST-01097,25,Female,20,53.1,Two year,3,DSL,Credit card,1062.0,No,0.19050221297034503,19.05,Low,10.12
CUST-01098,66,Male,11,143.35,One year,2,DSL,Mailed check,1576.85,No,0.2964721186709452,29.65,Low,42.5
CUST-01099,52,Male,67,102.61,One year,2,DSL,Bank transfer,6874.87,Yes,0.41521855510683164,41.52,Medium,42.61
CUST-01100,69,Female,7,40.27,Month-to-month,4,Fiber optic,Bank transfer,281.89,Yes,0.8110274218462753,81.1,High,32.66
CUST-01101,32,Male,23,113.89,Two year,0,DSL,Credit card,2619.47,No,0.22293988250733549,22.29,Low,25.39
CUST-01102,64,Female,61,113.86,Month-to-month,1,Fiber optic,Mailed check,6945.46,Yes,0.6770415486591969,67.7,Medium,77.09
CUST-01103,73,Female,71,106.64,Month-to-month,0,Fiber optic,Bank transfer,7571.44,Yes,0.6244287869928911,62.44,Medium,66.59
CUST-01104,39,Male,34,37.51,Month-to-month,3,Fiber optic,Electronic check,1275.34,No,0.430580755707854,43.06,Medium,16.15
CUST-01105,31,Female,19,73.04,One year,1,DSL,Electronic check,1387.76,No,0.2037430157105405,20.37,Low,14.88
CUST-01106,43,Male,58,33.88,Two year,3,Fiber optic,Mailed check,1965.04,No,0.26640166838151574,26.64,Low,9.03
CUST-01107,45,Female,9,126.16,Month-to-month,2,Fiber optic,Bank transfer,1135.44,Yes,0.7829274048871918,78.29,High,98.77
CUST-01108,40,Male,48,105.17,Two year,4,No,Bank transfer,5048.16,No,0.25135062116656837,25.14,Low,26.43
CUST-01109,31,Female,41,85.94,Two year,4,Fiber optic,Credit card,3523.54,No,0.3009262146198914,30.09,Low,25.86
CUST-01110,41,Female,48,64.59,One year,2,DSL,Credit card,3100.32,No,0.450080230682735,45.01,Medium,29.07
CUST-01111,19,Male,45,43.95,One year,6,DSL,Bank transfer,1977.75,Yes,0.662887948733336,66.29,Medium,29.13
CUST-01112,62,Female,25,33.84,Month-to-month,3,Fiber optic,Electronic check,846.0,No,0.48809214352823793,48.81,Medium,16.52
CUST-01113,43,Female,25,146.0,Month-to-month,5,Fiber optic,Credit card,3650.0,No,0.489030657968388,48.9,Medium,71.4
CUST-01114,31,Male,19,45.95,Two year,0,DSL,Electronic check,873.05,No,0.1676913768455621,16.77,Low,7.71
CUST-01115,73,Female,39,27.78,Month-to-month,3,Fiber optic,Electronic check,1083.42,Yes,0.6083350900886755,60.83,Medium,16.9
CUST-01116,68,Male,27,145.02,Month-to-month,4,DSL,Electronic check,3915.54,No,0.4781130830436433,47.81,Medium,69.34
CUST-01117,24,Female,63,91.36,One year,5,Fiber optic,Electronic check,5755.68,No,0.23802353704771428,23.8,Low,21.75
CUST-01118,20,Male,68,123.57,Two year,2,Fiber optic,Mailed check,8402.76,Yes,0.6128261936143584,61.28,Medium,75.73
CUST-01119,64,Female,19,25.69,One year,3,Fiber optic,Mailed check,488.11,No,0.3730485733236369,37.3,Low,9.58
CUST-01120,40,Female,28,93.7,Month-to-month,4,DSL,Credit card,2623.6,No,0.5327318697970865,53.27,Medium,49.92
CUST-01121,63,Female,33,71.77,Month-to-month,5,Fiber optic,Bank transfer,2368.41,Yes,0.6625502698282885,66.26,Medium,47.55
CUST-01122,60,Male,10,120.36,One year,3,Fiber optic,Mailed check,1203.6,Yes,0.6400916720121674,64.01,Medium,77.04
CUST-01123,64,Male,30,25.0,Month-to-month,1,DSL,Bank transfer,750.0,Yes,0.520914163497654,52.09,Medium,13.02
CUST-01124,62,Male,22,72.22,Month-to-month,2,No,Credit card,1588.84,No,0.5061429801917846,50.61,Medium,36.55
CUST-01125,35,Male,3,123.88,Month-to-month,1,Fiber optic,Electronic check,371.64,Yes,0.7810249866359783,78.1,High,96.75
CUST-01126,75,Female,48,87.95,One year,2,DSL,Bank transfer,4221.6,No,0.3912182175329875,39.12,Low,34.41
CUST-01127,55,Female,2,91.51,Month-to-month,4,Fiber optic,Mailed check,183.02,Yes,0.7997004256641278,79.97,High,73.18
CUST-01128,52,Male,54,32.63,Month-to-month,0,No,Bank transfer,1762.02,No,0.33896447869153234,33.9,Low,11.06
CUST-01129,68,Male,6,37.2,Month-to-month,7,No,Mailed check,223.2,Yes,0.8681929846448617,86.82,High,32.3
CUST-01130,32,Male,40,108.01,Month-to-month,1,Fiber optic,Bank transfer,4320.4,No,0.4888823470869619,48.89,Medium,52.8
CUST-01131,42,Female,2,107.76,Month-to-month,1,Fiber optic,Mailed check,215.52,Yes,0.8296540373349175,82.97,High,89.4
CUST-01132,72,Male,2,147.28,Month-to-month,2,DSL,Electronic check,294.56,No,0.5348197768305764,53.48,Medium,78.77
CUST-01133,54,Male,55,112.55,One year,1,No,Bank transfer,6190.25,No,0.24189370199699936,24.19,Low,27.23
CUST-01134,45,Female,72,84.12,Month-to-month,2,DSL,Credit card,6056.64,Yes,0.5575798592513099,55.76,Medium,46.9
CUST-01135,27,Female,60,131.45,Month-to-month,0,DSL,Bank transfer,7887.0,Yes,0.5733035584886046,57.33,Medium,75.36
CUST-01136,56,Male,6,33.58,Month-to-month,4,No,Mailed check,201.48,Yes,0.8159079286353179,81.59,High,27.4
CUST-01137,74,Female,19,78.41,Month-to-month,4,DSL,Bank transfer,1489.79,Yes,0.7141637695671343,71.42,High,56.0
CUST-01138,34,Male,27,57.32,Month-to-month,4,Fiber optic,Credit card,1547.64,No,0.487646140851793,48.76,Medium,27.95
CUST-01139,56,Female,1,33.6,Month-to-month,6,Fiber optic,Electronic check,33.6,Yes,0.8885388105249584,88.85,High,29.85
CUST-01140,39,Male,33,119.26,Month-to-month,1,Fiber optic,Bank transfer,3935.58,No,0.5108268100292186,51.08,Medium,60.92
CUST-01141,43,Male,40,86.4,Two year,4,Fiber optic,Electronic check,3456.0,No,0.35230394416575467,35.23,Low,30.44
CUST-01142,61,Male,32,92.38,Month-to-month,2,Fiber optic,Electronic check,2956.16,No,0.48694571975072565,48.69,Medium,44.98
CUST-01143,42,Male,69,73.46,Two year,4,DSL,Electronic check,5068.74,Yes,0.5037862763938803,50.38,Medium,37.01
CUST-01144,34,Female,17,79.84,Month-to-month,1,DSL,Mailed check,1357.28,Yes,0.606586076658467,60.66,Medium,48.43
CUST-01145,30,Female,8,35.08,Month-to-month,2,Fiber optic,Bank transfer,280.64,Yes,0.7019536351782174,70.2,High,24.62
CUST-01146,37,Female,57,107.48,One year,0,Fiber optic,Bank transfer,6126.36,No,0.2210654871395185,22.11,Low,23.76
CUST-01147,42,Female,42,76.22,Month-to-month,4,DSL,Credit card,3201.24,Yes,0.5738429127952032,57.38,Medium,43.74
CUST-01148,21,Male,9,126.18,Month-to-month,1,Fiber optic,Electronic check,1135.62,No,0.4905730752136331,49.06,Medium,61.9
CUST-01149,27,Male,35,45.52,Two year,6,DSL,Mailed check,1593.2,No,0.28399901148995715,28.4,Low,12.93
CUST-01150,20,Female,71,46.66,Month-to-month,3,Fiber optic,Mailed check,3312.86,No,0.40133568553095667,40.13,Medium,18.73
CUST-01151,58,Female,53,103.95,Month-to-month,1,DSL,Credit card,5509.35,No,0.5037845792846234,50.38,Medium,52.37
CUST-01152,62,Female,54,129.98,Month-to-month,8,DSL,Bank transfer,7018.92,No,0.44058769431726724,44.06,Medium,57.27
CUST-01153,35,Female,25,81.39,Two year,2,Fiber optic,Bank transfer,2034.75,No,0.2770225715483281,27.7,Low,22.55
CUST-01154,64,Female,67,114.5,Two year,2,No,Mailed check,7671.5,No,0.28952929050840603,28.95,Low,33.15
CUST-01155,53,Male,62,149.91,Month-to-month,0,Fiber optic,Mailed check,9294.42,No,0.3217647128373288,32.18,Low,48.24
CUST-01156,64,Male,55,148.73,Month-to-month,3,Fiber optic,Credit card,8180.15,Yes,0.6943480008170054,69.43,Medium,103.27
CUST-01157,39,Male,46,116.76,Two year,4,DSL,Mailed check,5370.96,No,0.36190812592855437,36.19,Low,42.26
CUST-01158,51,Female,24,116.15,Month-to-month,0,Fiber optic,Mailed check,2787.6,Yes,0.6580233456252982,65.8,Medium,76.43
CUST-01159,64,Female,46,52.19,Month-to-month,2,No,Credit card,2400.74,No,0.5089607294707371,50.9,Medium,26.56
CUST-01160,25,Female,22,128.36,One year,3,Fiber optic,Electronic check,2823.92,No,0.2920153854589343,29.2,Low,37.48
CUST-01161,57,Female,11,72.66,Month-to-month,2,DSL,Mailed check,799.26,No,0.5452358260233787,54.52,Medium,39.62
CUST-01162,66,Male,48,145.06,One year,3,No,Bank transfer,6962.88,No,0.3398996596333207,33.99,Low,49.31
CUST-01163,61,Male,8,30.59,Two year,2,Fiber optic,Electronic check,244.72,Yes,0.6011653092037709,60.12,Medium,18.39
CUST-01164,36,Female,39,76.66,One year,2,Fiber optic,Mailed check,2989.74,No,0.37175497517562245,37.18,Low,28.5
CUST-01165,59,Male,35,92.26,Month-to-month,3,Fiber optic,Electronic check,3229.1,No,0.4780962796719167,47.81,Medium,44.11
CUST-01166,58,Male,49,72.67,Month-to-month,0,DSL,Mailed check,3560.83,No,0.3758050494884221,37.58,Low,27.31
CUST-01167,54,Female,46,47.38,Month-to-month,2,DSL,Bank transfer,2179.48,No,0.47943841158190054,47.94,Medium,22.72
CUST-01168,23,Female,38,97.09,Month-to-month,3,No,Mailed check,3689.42,No,0.4901035600492005,49.01,Medium,47.58
CUST-01169,69,Female,8,118.27,Month-to-month,1,Fiber optic,Bank transfer,946.16,Yes,0.7447992518592611,74.48,High,88.09
CUST-01170,43,Female,54,103.83,Month-to-month,2,Fiber optic,Mailed check,5606.82,No,0.517163047386299,51.72,Medium,53.7
CUST-01171,51,Female,37,50.48,Month-to-month,0,No,Mailed check,1867.76,No,0.3911406849527498,39.11,Low,19.74
CUST-01172,73,Female,40,115.11,Month-to-month,3,Fiber optic,Electronic check,4604.4,Yes,0.6709609543775833,67.1,Medium,77.23
CUST-01173,62,Male,34,53.4,Month-to-month,4,Fiber optic,Credit card,1815.6,No,0.5806078423324941,58.06,Medium,31.0
CUST-01174,23,Male,17,42.78,One year,4,No,Bank transfer,727.26,No,0.33827351865514066,33.83,Low,14.47
CUST-01175,54,Female,33,109.79,One year,0,Fiber optic,Electronic check,3623.07,No,0.20185517872978595,20.19,Low,22.16
CUST-01176,74,Male,47,129.56,Month-to-month,2,Fiber optic,Credit card,6089.32,No,0.5068636031009817,50.69,Medium,65.67
CUST-01177,50,Female,52,82.6,One year,1,No,Electronic check,4295.2,No,0.13810641603990292,13.81,Low,11.41
CUST-01178,70,Female,9,89.08,One year,2,DSL,Bank transfer,801.72,Yes,0.6555197739785749,65.55,Medium,58.39
CUST-01179,39,Female,33,59.36,Month-to-month,0,DSL,Credit card,1958.88,Yes,0.5641909190651603,56.42,Medium,33.49
CUST-01180,38,Female,60,84.3,Month-to-month,1,Fiber optic,Credit card,5058.0,No,0.422431136727285,42.24,Medium,35.61
CUST-01181,23,Male,21,37.16,Month-to-month,2,Fiber optic,Credit card,780.36,No,0.41574402535333216,41.57,Medium,15.45
CUST-01182,23,Female,58,144.26,Month-to-month,3,No,Bank transfer,8367.08,Yes,0.6655425632836318,66.55,Medium,96.01
CUST-01183,72,Male,69,124.05,Month-to-month,5,Fiber optic,Bank transfer,8559.45,Yes,0.7487959683247529,74.88,High,92.89
CUST-01184,65,Female,10,106.84,Two year,5,DSL,Electronic check,1068.4,No,0.3500304524662643,35.0,Low,37.4
CUST-01185,21,Female,6,89.97,Month-to-month,2,Fiber optic,Mailed check,539.82,Yes,0.7932676728121052,79.33,High,71.37
CUST-01186,47,Female,13,122.98,One year,2,Fiber optic,Mailed check,1598.74,Yes,0.6320900111819292,63.21,Medium,77.73
CUST-01187,28,Male,65,84.32,Month-to-month,1,DSL,Mailed check,5480.8,No,0.4501649420700946,45.02,Medium,37.96
CUST-01188,47,Female,20,59.0,Month-to-month,1,Fiber optic,Mailed check,1180.0,No,0.5707012599508529,57.07,Medium,33.67
CUST-01189,48,Female,57,40.85,Month-to-month,2,Fiber optic,Electronic check,2328.45,Yes,0.5198961286587359,51.99,Medium,21.24
CUST-01190,41,Female,46,104.19,One year,0,Fiber optic,Bank transfer,4792.74,No,0.21074477554478882,21.07,Low,21.96
CUST-01191,72,Male,8,140.83,Month-to-month,1,Fiber optic,Electronic check,1126.64,Yes,0.7660898242322883,76.61,High,107.89
CUST-01192,26,Male,10,39.97,Month-to-month,2,DSL,Credit card,399.7,Yes,0.647326545004577,64.73,Medium,25.87
CUST-01193,72,Male,67,43.4,Two year,3,Fiber optic,Bank transfer,2907.8,No,0.23759414219665856,23.76,Low,10.31
CUST-01194,20,Female,11,76.37,Month-to-month,4,DSL,Bank transfer,840.07,No,0.5359444586076836,53.59,Medium,40.93
CUST-01195,68,Male,12,124.9,Month-to-month,0,Fiber optic,Mailed check,1498.8,No,0.39405586690998884,39.41,Low,49.22
CUST-01196,48,Female,10,58.21,Month-to-month,2,Fiber optic,Electronic check,582.1,Yes,0.657092041249095,65.71,Medium,38.25
CUST-01197,57,Male,25,53.01,One year,3,DSL,Mailed check,1325.25,Yes,0.4110514849012177,41.11,Medium,21.79
CUST-01198,54,Male,49,100.6,Month-to-month,1,DSL,Bank transfer,4929.4,Yes,0.48903689703282166,48.9,Medium,49.2
CUST-01199,53,Female,49,89.63,Month-to-month,1,DSL,Mailed check,4391.87,Yes,0.5085572545541759,50.86,Medium,45.58
CUST-01200,41,Male,11,27.83,Month-to-month,5,Fiber optic,Credit card,306.13,No,0.5356856372560352,53.57,Medium,14.91
CUST-01201,48,Female,62,30.59,Month-to-month,0,DSL,Bank transfer,1896.58,No,0.38551415547119505,38.55,Low,11.79
CUST-01202,23,Female,36,103.59,One year,4,DSL,Credit card,3729.24,No,0.2684364742490746,26.84,Low,27.81
CUST-01203,19,Male,39,80.47,One year,4,DSL,Bank transfer,3138.33,No,0.34670669955028716,34.67,Low,27.9
CUST-01204,37,Female,53,146.23,Month-to-month,4,Fiber optic,Mailed check,7750.19,No,0.49515078009875035,49.52,Medium,72.41
CUST-01205,45,Female,56,108.21,Month-to-month,4,Fiber optic,Bank transfer,6059.76,Yes,0.6130129767922944,61.3,Medium,66.33
CUST-01206,28,Male,1,21.31,Month-to-month,6,Fiber optic,Bank transfer,21.31,Yes,0.835159311659862,83.52,High,17.8
CUST-01207,21,Male,56,82.53,One year,2,Fiber optic,Electronic check,4621.68,No,0.19709038601707532,19.71,Low,16.27
CUST-01208,32,Female,4,73.88,Month-to-month,3,Fiber optic,Electronic check,295.52,Yes,0.8100212917489968,81.0,High,59.84
CUST-01209,23,Male,30,33.87,Month-to-month,0,No,Credit card,1016.1,No,0.3006160894335553,30.06,Low,10.18
CUST-01210,71,Female,12,140.02,Two year,1,DSL,Electronic check,1680.24,No,0.2283058458706788,22.83,Low,31.97
CUST-01211,66,Female,35,124.65,Month-to-month,3,Fiber optic,Bank transfer,4362.75,Yes,0.6689056463776739,66.89,Medium,83.38
CUST-01212,47,Male,52,49.91,Two year,3,Fiber optic,Electronic check,2595.32,Yes,0.4428219166495684,44.28,Medium,22.1
CUST-01213,73,Male,31,53.28,Month-to-month,2,Fiber optic,Mailed check,1651.68,No,0.47882112773122554,47.88,Medium,25.51
CUST-01214,55,Male,68,24.16,Month-to-month,2,Fiber optic,Electronic check,1642.88,No,0.4612184786981611,46.12,Medium,11.14
CUST-01215,68,Male,52,58.57,Month-to-month,4,No,Credit card,3045.64,No,0.5941783772221602,59.42,Medium,34.8
CUST-01216,74,Female,7,96.0,Month-to-month,3,No,Bank transfer,672.0,No,0.5955694489420434,59.56,Medium,57.17
CUST-01217,19,Female,22,74.71,Month-to-month,3,Fiber optic,Mailed check,1643.62,Yes,0.567941875508865,56.79,Medium,42.43
CUST-01218,32,Male,56,146.0,Month-to-month,2,Fiber optic,Mailed check,8176.0,Yes,0.5936305053243588,59.36,Medium,86.67
CUST-01219,28,Male,58,27.29,Two year,1,Fiber optic,Credit card,1582.82,No,0.18377133507270346,18.38,Low,5.02
CUST-01220,25,Female,64,96.89,Month-to-month,1,Fiber optic,Electronic check,6200.96,No,0.3467684587248407,34.68,Low,33.6
CUST-01221,43,Female,12,131.58,One year,3,No,Bank transfer,1578.96,Yes,0.6371143233604368,63.71,Medium,83.83
CUST-01222,68,Female,7,82.5,One year,2,Fiber optic,Credit card,577.5,No,0.5655749741150009,56.56,Medium,46.66
CUST-01223,62,Female,55,20.39,One year,2,DSL,Mailed check,1121.45,Yes,0.7026662630253397,70.27,High,14.33
CUST-01224,61,Male,62,51.56,One year,1,Fiber optic,Mailed check,3196.72,No,0.19933261948884448,19.93,Low,10.28
CUST-01225,22,Female,55,62.09,Month-to-month,1,Fiber optic,Mailed check,3414.95,No,0.39340811156193434,39.34,Low,24.43
CUST-01226,23,Female,36,145.58,Month-to-month,1,Fiber optic,Credit card,5240.88,No,0.5438698509053037,54.39,Medium,79.18
CUST-01227,43,Male,24,138.53,Month-to-month,3,Fiber optic,Mailed check,3324.72,Yes,0.5903659534479168,59.04,Medium,81.78
CUST-01228,71,Female,44,143.39,Month-to-month,3,No,Bank transfer,6309.16,Yes,0.6409492083100709,64.09,Medium,91.91
CUST-01229,21,Female,17,127.35,Month-to-month,1,Fiber optic,Mailed check,2164.95,Yes,0.609546400442543,60.95,Medium,77.63
CUST-01230,36,Male,2,65.71,Month-to-month,6,DSL,Credit card,131.42,Yes,0.8648819760920429,86.49,High,56.83
CUST-01231,37,Male,13,137.76,Two year,1,Fiber optic,Credit card,1790.88,No,0.21380322423516418,21.38,Low,29.45
CUST-01232,50,Male,31,147.62,Two year,3,DSL,Mailed check,4576.22,Yes,0.7382178736260816,73.82,High,108.98
CUST-01233,37,Female,28,65.51,Month-to-month,1,No,Credit card,1834.28,No,0.49298878277142355,49.3,Medium,32.3
CUST-01234,66,Female,60,53.87,Month-to-month,3,Fiber optic,Electronic check,3232.2,No,0.5170707737420679,51.71,Medium,27.85
CUST-01235,29,Male,27,91.1,Month-to-month,3,No,Credit card,2459.7,No,0.4572837434270855,45.73,Medium,41.66
CUST-01236,64,Male,15,44.33,Month-to-month,0,Fiber optic,Electronic check,664.95,No,0.3321400007115545,33.21,Low,14.72
CUST-01237,18,Female,33,24.24,Month-to-month,5,DSL,Credit card,799.92,Yes,0.7516222810520177,75.16,High,18.22
CUST-01238,43,Male,20,142.96,Two year,0,Fiber optic,Credit card,2859.2,No,0.17879134696254276,17.88,Low,25.56
CUST-01239,31,Male,42,140.35,Month-to-month,2,DSL,Credit card,5894.7,No,0.5344427290493937,53.44,Medium,75.01
CUST-01240,55,Male,12,41.15,Month-to-month,5,Fiber optic,Mailed check,493.8,Yes,0.6708801359504618,67.09,Medium,27.61
CUST-01241,54,Female,23,73.01,Month-to-month,2,Fiber optic,Credit card,1679.23,No,0.5239877454613363,52.4,Medium,38.26
CUST-01242,28,Female,72,128.03,Two year,0,Fiber optic,Bank transfer,9218.16,No,0.2966288396220777,29.66,Low,37.98
CUST-01243,53,Female,14,105.93,Two year,3,DSL,Mailed check,1483.02,No,0.24536746528125614,24.54,Low,25.99
CUST-01244,30,Female,25,71.32,One year,5,Fiber optic,Electronic check,1783.0,No,0.23484482192209422,23.48,Low,16.75
CUST-01245,60,Female,31,116.74,Month-to-month,2,Fiber optic,Bank transfer,3618.94,No,0.6090806738934773,60.91,Medium,71.1
CUST-01246,20,Female,54,136.62,Month-to-month,3,No,Bank transfer,7377.48,Yes,0.6432356187419184,64.32,Medium,87.88
CUST-01247,50,Male,5,140.4,Month-to-month,1,DSL,Bank transfer,702.0,Yes,0.7517201012013554,75.17,High,105.54
CUST-01248,23,Female,13,69.25,Month-to-month,2,DSL,Bank transfer,900.25,Yes,0.5778411992435317,57.78,Medium,40.02
CUST-01249,67,Female,28,42.56,One year,2,No,Credit card,1191.68,No,0.4226650973525316,42.27,Medium,17.99
CUST-01250,73,Male,43,138.67,Month-to-month,4,Fiber optic,Credit card,5962.81,No,0.5014348774891889,50.14,Medium,69.53
CUST-01251,27,Female,47,32.03,Month-to-month,0,Fiber optic,Bank transfer,1505.41,No,0.3398152760275979,33.98,Low,10.88
CUST-01252,22,Female,71,113.82,One year,3,No,Mailed check,8081.22,Yes,0.5566245143937661,55.66,Medium,63.36
CUST-01253,40,Male,38,38.26,Month-to-month,0,Fiber optic,Bank transfer,1453.88,Yes,0.4871738839659478,48.72,Medium,18.64
CUST-01254,27,Male,67,70.62,One year,2,DSL,Electronic check,4731.54,Yes,0.4539880580521995,45.4,Medium,32.06
CUST-01255,61,Male,62,73.5,Month-to-month,3,DSL,Bank transfer,4557.0,No,0.5160405473655044,51.6,Medium,37.93
CUST-01256,19,Female,39,40.64,Month-to-month,1,Fiber optic,Credit card,1584.96,Yes,0.5422716336429384,54.23,Medium,22.04
CUST-01257,30,Male,37,139.95,Month-to-month,0,Fiber optic,Electronic check,5178.15,No,0.3775576881935845,37.76,Low,52.84
CUST-01258,57,Female,8,20.35,Two year,3,DSL,Mailed check,162.8,Yes,0.6897423945646224,68.97,Medium,14.04
CUST-01259,19,Female,52,136.2,Month-to-month,3,Fiber optic,Bank transfer,7082.4,No,0.46921120589161625,46.92,Medium,63.91
CUST-01260,37,Female,33,134.9,Month-to-month,4,Fiber optic,Electronic check,4451.7,Yes,0.5723602306344326,57.24,Medium,77.21
CUST-01261,18,Female,42,61.21,Month-to-month,4,No,Bank transfer,2570.82,No,0.5513534080347184,55.14,Medium,33.75
CUST-01262,54,Male,27,111.56,One year,1,DSL,Mailed check,3012.12,No,0.31944080956314075,31.94,Low,35.64
CUST-01263,26,Male,8,52.87,Two year,3,Fiber optic,Mailed check,422.96,No,0.22110703019486777,22.11,Low,11.69
CUST-01264,34,Female,23,118.64,Month-to-month,4,No,Electronic check,2728.72,No,0.5441305565938056,54.41,Medium,64.56
CUST-01265,26,Male,64,92.95,Month-to-month,0,Fiber optic,Mailed check,5948.8,Yes,0.47719438271040276,47.72,Medium,44.36
CUST-01266,28,Female,20,59.03,Two year,1,Fiber optic,Electronic check,1180.6,Yes,0.43692555360664614,43.69,Medium,25.79
CUST-01267,32,Female,16,72.03,One year,2,DSL,Mailed check,1152.48,No,0.4004936629640137,40.05,Medium,28.85
CUST-01268,41,Female,17,109.69,One year,4,DSL,Credit card,1864.73,No,0.37071445604996006,37.07,Low,40.66
CUST-01269,55,Male,19,137.79,Month-to-month,0,Fiber optic,Electronic check,2618.01,Yes,0.5770777154733968,57.71,Medium,79.52
CUST-01270,72,Female,8,36.99,Month-to-month,4,DSL,Bank transfer,295.92,No,0.6378437140031349,63.78,Medium,23.59
CUST-01271,52,Female,38,94.28,One year,2,Fiber optic,Electronic check,3582.64,No,0.226850742544248,22.69,Low,21.39
CUST-01272,47,Male,38,52.98,Month-to-month,2,No,Mailed check,2013.24,Yes,0.6155767506637984,61.56,Medium,32.61
CUST-01273,48,Male,53,124.18,Month-to-month,3,DSL,Mailed check,6581.54,Yes,0.6385793009987646,63.86,Medium,79.3
CUST-01274,66,Male,31,29.13,Month-to-month,3,Fiber optic,Mailed check,903.03,Yes,0.558373990100344,55.84,Medium,16.27
CUST-01275,22,Male,44,109.56,Month-to-month,3,No,Bank transfer,4820.64,Yes,0.5833090345943055,58.33,Medium,63.91
CUST-01276,61,Female,60,42.74,Two year,10,Fiber optic,Bank transfer,2564.4,No,0.24838465528627707,24.84,Low,10.62
CUST-01277,67,Male,17,97.53,Two year,0,Fiber optic,Mailed check,1658.01,No,0.15830592795370568,15.83,Low,15.44
CUST-01278,31,Female,39,128.64,Month-to-month,1,Fiber optic,Credit card,5016.96,No,0.6070308976203674,60.7,Medium,78.09
CUST-01279,70,Male,42,118.16,One year,1,DSL,Electronic check,4962.72,No,0.21884577683529646,21.88,Low,25.86
CUST-01280,73,Male,48,117.88,One year,2,No,Mailed check,5658.24,No,0.3229264459219373,32.29,Low,38.07
CUST-01281,28,Male,12,87.32,Two year,3,Fiber optic,Credit card,1047.84,No,0.23638958086806952,23.64,Low,20.64
CUST-01282,26,Male,18,135.8,One year,4,DSL,Bank transfer,2444.4,No,0.32024538323542534,32.02,Low,43.49
CUST-01283,51,Male,6,96.45,Two year,2,DSL,Mailed check,578.7,No,0.24580299553500395,24.58,Low,23.71
CUST-01284,29,Male,43,139.28,Two year,1,No,Electronic check,5989.04,No,0.18696286518558014,18.7,Low,26.04
CUST-01285,52,Female,35,91.05,Month-to-month,3,Fiber optic,Electronic check,3186.75,Yes,0.5049166600154145,50.49,Medium,45.97
CUST-01286,52,Male,54,85.78,One year,1,DSL,Bank transfer,4632.12,No,0.23193908009280093,23.19,Low,19.9
CUST-01287,18,Male,62,48.91,Month-to-month,3,DSL,Mailed check,3032.42,Yes,0.5669036750005199,56.69,Medium,27.73
CUST-01288,57,Male,69,90.82,Month-to-month,3,DSL,Mailed check,6266.58,Yes,0.5432058180733854,54.32,Medium,49.33
CUST-01289,39,Male,16,38.28,Month-to-month,1,No,Mailed check,612.48,No,0.44491161810643737,44.49,Medium,17.03
CUST-01290,46,Female,8,133.06,Month-to-month,3,Fiber optic,Credit card,1064.48,Yes,0.807037114906986,80.7,High,107.38
CUST-01291,25,Male,31,107.87,One year,1,Fiber optic,Credit card,3343.97,No,0.21662627651877794,21.66,Low,23.37
CUST-01292,28,Male,10,149.17,Month-to-month,5,No,Mailed check,1491.7,Yes,0.8120398319692855,81.2,High,121.13
CUST-01293,58,Male,56,31.97,Two year,3,Fiber optic,Electronic check,1790.32,No,0.25911008052238177,25.91,Low,8.28
CUST-01294,54,Male,70,51.29,One year,5,Fiber optic,Credit card,3590.3,No,0.26480704812160927,26.48,Low,13.58
CUST-01295,31,Female,20,134.03,One year,1,No,Electronic check,2680.6,No,0.37941690896840996,37.94,Low,50.85
CUST-01296,47,Male,5,71.38,Month-to-month,3,DSL,Credit card,356.9,No,0.5722790043762651,57.23,Medium,40.85
CUST-01297,52,Female,23,80.62,Month-to-month,3,No,Bank transfer,1854.26,Yes,0.5435598613783202,54.36,Medium,43.82
CUST-01298,38,Male,9,131.88,Month-to-month,2,DSL,Bank transfer,1186.92,Yes,0.7305754616419972,73.06,High,96.35
CUST-01299,54,Female,58,87.84,Month-to-month,1,Fiber optic,Bank transfer,5094.72,Yes,0.47109280164251593,47.11,Medium,41.38
CUST-01300,22,Female,59,45.15,Two year,0,Fiber optic,Electronic check,2663.85,No,0.10613180140627732,10.61,Low,4.79
CUST-01301,36,Male,54,135.96,One year,3,No,Electronic check,7341.84,No,0.3222141445733338,32.22,Low,43.81
CUST-01302,31,Male,46,24.04,Month-to-month,3,Fiber optic,Mailed check,1105.84,No,0.44437459856218026,44.44,Medium,10.68
CUST-01303,43,Female,22,136.4,Two year,3,DSL,Mailed check,3000.8,No,0.4471155723730116,44.71,Medium,60.99
CUST-01304,21,Female,64,26.57,Month-to-month,1,DSL,Bank transfer,1700.48,Yes,0.47715628954520534,47.72,Medium,12.68
CUST-01305,42,Male,8,106.56,Month-to-month,1,Fiber optic,Bank transfer,852.48,Yes,0.7332104230298,73.32,High,78.13
CUST-01306,62,Female,20,29.32,One year,2,Fiber optic,Credit card,586.4,No,0.3345223468957046,33.45,Low,9.81
CUST-01307,59,Female,51,111.81,Month-to-month,3,Fiber optic,Bank transfer,5702.31,No,0.5762368532721092,57.62,Medium,64.43
CUST-01308,42,Female,39,24.42,One year,4,Fiber optic,Bank transfer,952.38,Yes,0.45840374054073485,45.84,Medium,11.19
CUST-01309,35,Male,37,129.52,One year,7,Fiber optic,Bank transfer,4792.24,Yes,0.6459413740094021,64.59,Medium,83.66
CUST-01310,57,Female,50,80.57,One year,1,Fiber optic,Electronic check,4028.5,No,0.2167073160430203,21.67,Low,17.46
CUST-01311,25,Female,34,32.15,Month-to-month,0,Fiber optic,Electronic check,1093.1,No,0.3318093095925708,33.18,Low,10.67
CUST-01312,56,Female,33,111.89,Month-to-month,2,DSL,Bank transfer,3692.37,No,0.5821102615668454,58.21,Medium,65.13
CUST-01313,57,Male,31,83.61,Month-to-month,4,No,Credit card,2591.91,No,0.5513187177292241,55.13,Medium,46.1
CUST-01314,31,Male,54,44.82,Two year,1,DSL,Credit card,2420.28,Yes,0.44561440597911334,44.56,Medium,19.97
CUST-01315,49,Female,44,22.04,Month-to-month,1,Fiber optic,Mailed check,969.76,No,0.4438551681856499,44.39,Medium,9.78
CUST-01316,68,Male,34,74.34,Month-to-month,1,Fiber optic,Bank transfer,2527.56,Yes,0.54763576526766,54.76,Medium,40.71
CUST-01317,55,Female,71,31.13,Two year,2,No,Electronic check,2210.23,No,0.1989277596989484,19.89,Low,6.19
CUST-01318,50,Male,62,32.24,One year,2,Fiber optic,Bank transfer,1998.88,No,0.221551562803732,22.16,Low,7.14
CUST-01319,40,Male,23,54.75,Two year,5,No,Credit card,1259.25,No,0.23816840494550603,23.82,Low,13.04
CUST-01320,32,Female,46,101.96,Two year,1,DSL,Electronic check,4690.16,Yes,0.4833884680766633,48.34,Medium,49.29
CUST-01321,50,Male,56,88.89,Month-to-month,3,Fiber optic,Electronic check,4977.84,No,0.4639344212568636,46.39,Medium,41.24
CUST-01322,42,Male,7,28.97,Month-to-month,4,Fiber optic,Electronic check,202.79,Yes,0.7932639311236236,79.33,High,22.98
CUST-01323,34,Male,61,145.9,Month-to-month,1,Fiber optic,Mailed check,8899.9,Yes,0.5653547615604566,56.54,Medium,82.49
CUST-01324,50,Female,3,135.33,Month-to-month,2,Fiber optic,Bank transfer,405.99,Yes,0.838238959764369,83.82,High,113.44
CUST-01325,64,Male,38,53.7,One year,3,Fiber optic,Bank transfer,2040.6,No,0.3711018120780609,37.11,Low,19.93
CUST-01326,72,Male,34,35.9,Month-to-month,6,DSL,Bank transfer,1220.6,Yes,0.7749264285738249,77.49,High,27.82
CUST-01327,19,Female,44,142.51,One year,1,Fiber optic,Credit card,6270.44,Yes,0.6859727393890249,68.6,Medium,97.76
CUST-01328,31,Male,30,79.95,Month-to-month,3,DSL,Electronic check,2398.5,Yes,0.47635842159117514,47.64,Medium,38.08
CUST-01329,70,Male,17,60.45,Month-to-month,2,DSL,Electronic check,1027.65,Yes,0.5615675220343955,56.16,Medium,33.95
CUST-01330,57,Male,59,83.75,One year,1,DSL,Credit card,4941.25,No,0.22389929874141085,22.39,Low,18.75
CUST-01331,57,Male,10,120.46,Month-to-month,3,Fiber optic,Mailed check,1204.6,Yes,0.7474237305260684,74.74,High,90.03
CUST-01332,68,Male,18,41.89,One year,2,DSL,Credit card,754.02,No,0.39911465872268365,39.91,Low,16.72
CUST-01333,56,Female,45,119.77,Two year,3,DSL,Electronic check,5389.65,No,0.25544172470065535,25.54,Low,30.59
CUST-01334,68,Female,59,117.43,One year,1,DSL,Mailed check,6928.37,No,0.263442534502043,26.34,Low,30.94
CUST-01335,23,Male,62,90.12,Month-to-month,3,Fiber optic,Mailed check,5587.44,No,0.441346911302676,44.13,Medium,39.77
CUST-01336,23,Male,59,132.56,Two year,5,Fiber optic,Electronic check,7821.04,No,0.18145401677029221,18.15,Low,24.05
CUST-01337,20,Male,49,37.18,Month-to-month,1,Fiber optic,Credit card,1821.82,No,0.38272025904671886,38.27,Low,14.23
CUST-01338,24,Female,63,97.41,One year,1,Fiber optic,Bank transfer,6136.83,No,0.21567617316480053,21.57,Low,21.01
CUST-01339,68,Female,32,78.41,Month-to-month,1,DSL,Bank transfer,2509.12,Yes,0.5715515863311876,57.16,Medium,44.82
CUST-01340,25,Male,10,74.9,Month-to-month,0,Fiber optic,Bank transfer,749.0,No,0.4369842262084326,43.7,Medium,32.73
CUST-01341,59,Male,11,52.83,Two year,4,DSL,Credit card,581.13,No,0.3180639363870517,31.81,Low,16.8
CUST-01342,69,Female,70,68.4,Month-to-month,2,Fiber optic,Electronic check,4788.0,Yes,0.559323838436951,55.93,Medium,38.26
CUST-01343,32,Male,62,34.06,Two year,1,Fiber optic,Credit card,2111.72,No,0.1837084800699479,18.37,Low,6.26
CUST-01344,64,Female,47,52.71,Month-to-month,0,Fiber optic,Bank transfer,2477.37,No,0.42265751634204873,42.27,Medium,22.28
CUST-01345,46,Female,34,55.36,Two year,6,Fiber optic,Bank transfer,1882.24,No,0.3189420052726384,31.89,Low,17.66
CUST-01346,50,Male,17,113.69,Two year,3,No,Bank transfer,1932.73,No,0.26577542704182106,26.58,Low,30.22
CUST-01347,69,Female,54,26.31,Month-to-month,2,DSL,Credit card,1420.74,Yes,0.6204670117719367,62.05,Medium,16.32
CUST-01348,47,Male,40,104.66,One year,3,No,Credit card,4186.4,No,0.3538040196648789,35.38,Low,37.03
CUST-01349,56,Male,19,48.78,One year,5,Fiber optic,Bank transfer,926.82,No,0.331604659245641,33.16,Low,16.18
CUST-01350,44,Male,67,30.64,Two year,4,No,Mailed check,2052.88,No,0.28309264982224347,28.31,Low,8.67
CUST-01351,53,Male,53,59.1,Month-to-month,6,Fiber optic,Bank transfer,3132.3,No,0.6156051105040555,61.56,Medium,36.38
CUST-01352,46,Male,64,49.18,One year,1,Fiber optic,Electronic check,3147.52,No,0.19349435737295564,19.35,Low,9.52
CUST-01353,55,Male,47,91.76,Month-to-month,3,Fiber optic,Credit card,4312.72,No,0.45175915918535187,45.18,Medium,41.45
CUST-01354,74,Female,6,66.46,Month-to-month,2,Fiber optic,Mailed check,398.76,Yes,0.7499881368225955,75.0,High,49.84
CUST-01355,50,Female,16,145.58,Month-to-month,0,Fiber optic,Mailed check,2329.28,Yes,0.6171118410490085,61.71,Medium,89.84
CUST-01356,54,Female,72,145.26,One year,4,Fiber optic,Electronic check,10458.72,No,0.3745742411176488,37.46,Low,54.41
CUST-01357,44,Female,18,77.68,Two year,2,Fiber optic,Bank transfer,1398.24,No,0.2965399207134172,29.65,Low,23.04
CUST-01358,72,Male,52,123.36,Month-to-month,6,Fiber optic,Bank transfer,6414.72,Yes,0.7644373079232947,76.44,High,94.3
CUST-01359,50,Female,48,21.72,One year,2,Fiber optic,Bank transfer,1042.56,Yes,0.5339821175778896,53.4,Medium,11.6
CUST-01360,21,Female,43,91.22,One year,3,DSL,Electronic check,3922.46,No,0.25221652243472625,25.22,Low,23.01
CUST-01361,39,Female,39,116.63,Month-to-month,2,DSL,Credit card,4548.57,Yes,0.630941592416488,63.09,Medium,73.59
CUST-01362,19,Male,49,48.2,Two year,5,Fiber optic,Credit card,2361.8,No,0.23893761778857192,23.89,Low,11.52
CUST-01363,27,Female,12,27.95,Month-to-month,8,Fiber optic,Electronic check,335.4,No,0.41438594607078993,41.44,Medium,11.58
CUST-01364,22,Male,10,40.27,Month-to-month,3,Fiber optic,Credit card,402.7,No,0.4550673358011704,45.51,Medium,18.33
CUST-01365,27,Female,71,77.44,Month-to-month,4,Fiber optic,Electronic check,5498.24,No,0.49733929728969317,49.73,Medium,38.51
CUST-01366,50,Male,55,85.83,Two year,3,Fiber optic,Electronic check,4720.65,No,0.3417559139935281,34.18,Low,29.33
CUST-01367,71,Male,1,69.52,Two year,4,DSL,Mailed check,69.52,Yes,0.717147096512602,71.71,High,49.86
CUST-01368,55,Female,49,77.2,Month-to-month,3,Fiber optic,Mailed check,3782.8,No,0.5160925277133044,51.61,Medium,39.84
CUST-01369,30,Male,36,81.13,Month-to-month,5,Fiber optic,Credit card,2920.68,No,0.5571513944113156,55.72,Medium,45.2
CUST-01370,48,Male,21,120.03,Month-to-month,5,Fiber optic,Mailed check,2520.63,No,0.5246265208848747,52.46,Medium,62.97
CUST-01371,64,Female,37,33.68,One year,2,Fiber optic,Credit card,1246.16,No,0.39137243723400783,39.14,Low,13.18
CUST-01372,53,Female,24,119.96,One year,4,DSL,Electronic check,2879.04,No,0.34801474813200095,34.8,Low,41.75
CUST-01373,62,Female,55,109.52,Two year,1,Fiber optic,Credit card,6023.6,No,0.3937449595572367,39.37,Low,43.12
CUST-01374,41,Male,25,116.42,Two year,4,Fiber optic,Mailed check,2910.5,No,0.3102383319847961,31.02,Low,36.12
CUST-01375,69,Male,7,115.48,Two year,3,Fiber optic,Credit card,808.36,No,0.33529706374034507,33.53,Low,38.72
CUST-01376,73,Male,71,81.18,Month-to-month,1,DSL,Mailed check,5763.78,No,0.3566487426192201,35.66,Low,28.95
CUST-01377,32,Female,71,47.48,Month-to-month,5,Fiber optic,Electronic check,3371.08,Yes,0.637920542356662,63.79,Medium,30.29
CUST-01378,46,Male,24,89.76,One year,3,Fiber optic,Bank transfer,2154.24,No,0.35529540646261815,35.53,Low,31.89
CUST-01379,25,Male,11,144.54,Month-to-month,2,No,Electronic check,1589.94,Yes,0.7438053887330256,74.38,High,107.51
CUST-01380,22,Male,12,96.51,Month-to-month,3,DSL,Mailed check,1158.12,No,0.45496738103206363,45.5,Medium,43.91
CUST-01381,46,Male,35,21.44,Month-to-month,4,DSL,Credit card,750.4,Yes,0.6760305725333948,67.6,Medium,14.49
CUST-01382,64,Male,63,27.76,Month-to-month,3,DSL,Mailed check,1748.88,No,0.548960012884728,54.9,Medium,15.24
CUST-01383,21,Male,68,149.07,One year,1,Fiber optic,Mailed check,10136.76,No,0.259209587667882,25.92,Low,38.64
CUST-01384,29,Male,57,29.35,One year,1,DSL,Bank transfer,1672.95,No,0.1986157881467295,19.86,Low,5.83
CUST-01385,62,Female,13,25.99,Month-to-month,2,No,Credit card,337.87,Yes,0.6447637716568413,64.48,Medium,16.76
CUST-01386,19,Female,23,65.89,One year,0,DSL,Mailed check,1515.47,No,0.2452330592855655,24.52,Low,16.16
CUST-01387,44,Female,39,146.01,Month-to-month,1,Fiber optic,Electronic check,5694.39,No,0.5530233854236312,55.3,Medium,80.75
CUST-01388,48,Male,12,61.43,One year,2,Fiber optic,Electronic check,737.16,No,0.24199789355253623,24.2,Low,14.87
CUST-01389,68,Male,34,73.28,Month-to-month,2,Fiber optic,Mailed check,2491.52,No,0.5128018513819581,51.28,Medium,37.58
CUST-01390,68,Female,71,102.43,Two year,5,No,Mailed check,7272.53,No,0.23507988759120035,23.51,Low,24.08
CUST-01391,53,Male,31,23.13,One year,5,Fiber optic,Mailed check,717.03,No,0.24174235871697317,24.17,Low,5.59
CUST-01392,53,Female,62,136.71,One year,5,Fiber optic,Mailed check,8476.02,No,0.28201292423248875,28.2,Low,38.55
CUST-01393,43,Male,13,87.53,One year,1,DSL,Electronic check,1137.89,No,0.20327716050357297,20.33,Low,17.79
CUST-01394,60,Male,31,80.69,One year,0,No,Bank transfer,2501.39,No,0.28797391352346885,28.8,Low,23.24
CUST-01395,44,Female,2,131.89,Month-to-month,2,No,Mailed check,263.78,Yes,0.823990024940844,82.4,High,108.68
CUST-01396,22,Female,15,143.9,One year,3,DSL,Credit card,2158.5,No,0.3274829521295714,32.75,Low,47.12
CUST-01397,37,Female,57,75.05,Month-to-month,5,Fiber optic,Bank transfer,4277.85,No,0.5854396458244938,58.54,Medium,43.94
CUST-01398,28,Female,34,42.42,Month-to-month,3,Fiber optic,Electronic check,1442.28,Yes,0.4856237852776034,48.56,Medium,20.6
CUST-01399,27,Female,68,126.04,Month-to-month,3,Fiber optic,Mailed check,8570.72,No,0.4741226320889139,47.41,Medium,59.76
CUST-01400,57,Male,29,72.42,Two year,3,No,Mailed check,2100.18,No,0.2772671683361726,27.73,Low,20.08
CUST-01401,55,Male,66,141.62,Month-to-month,4,DSL,Mailed check,9346.92,No,0.4336231141347013,43.36,Medium,61.41
CUST-01402,23,Male,16,143.49,Month-to-month,6,Fiber optic,Mailed check,2295.84,No,0.40871105361388604,40.87,Medium,58.65
CUST-01403,25,Female,39,34.93,Two year,3,Fiber optic,Credit card,1362.27,No,0.18333284821647214,18.33,Low,6.4
CUST-01404,40,Female,37,144.35,Two year,4,Fiber optic,Mailed check,5340.95,Yes,0.7639953834027389,76.4,High,110.28
CUST-01405,64,Female,21,67.88,Month-to-month,5,Fiber optic,Electronic check,1425.48,No,0.4955144448830884,49.55,Medium,33.64
CUST-01406,43,Female,44,104.01,Two year,3,Fiber optic,Credit card,4576.44,No,0.2803623584003411,28.04,Low,29.16
CUST-01407,63,Female,19,24.52,Month-to-month,5,Fiber optic,Bank transfer,465.88,No,0.4873178415401503,48.73,Medium,11.95
CUST-01408,60,Female,71,135.55,One year,6,Fiber optic,Bank transfer,9624.05,Yes,0.6741346007768214,67.41,Medium,91.38
CUST-01409,29,Male,8,103.41,One year,5,Fiber optic,Bank transfer,827.28,No,0.4414282471064674,44.14,Medium,45.65
CUST-01410,43,Male,66,103.66,Month-to-month,2,DSL,Mailed check,6841.56,No,0.5402597693409577,54.03,Medium,56.0
CUST-01411,30,Male,41,137.28,One year,3,Fiber optic,Bank transfer,5628.48,No,0.3696453175140411,36.96,Low,50.74
CUST-01412,57,Male,70,86.09,Month-to-month,1,Fiber optic,Credit card,6026.3,Yes,0.5270521809961136,52.71,Medium,45.37
CUST-01413,35,Male,61,73.37,Month-to-month,1,DSL,Credit card,4475.57,No,0.48261422316572283,48.26,Medium,35.41
CUST-01414,42,Female,26,132.6,One year,6,Fiber optic,Bank transfer,3447.6,No,0.4779209058589861,47.79,Medium,63.37
CUST-01415,50,Female,71,116.51,Month-to-month,3,Fiber optic,Bank transfer,8272.21,No,0.5567401850095582,55.67,Medium,64.87
CUST-01416,64,Female,70,143.37,Two year,3,DSL,Credit card,10035.9,No,0.4121626821699335,41.22,Medium,59.09
CUST-01417,57,Female,29,142.22,Month-to-month,2,Fiber optic,Electronic check,4124.38,No,0.5766506113419435,57.67,Medium,82.01
CUST-01418,60,Female,66,69.7,Month-to-month,2,Fiber optic,Bank transfer,4600.2,No,0.5009174582546777,50.09,Medium,34.91
CUST-01419,29,Female,19,78.11,One year,4,Fiber optic,Credit card,1484.09,No,0.31934001789219785,31.93,Low,24.94
CUST-01420,61,Male,68,53.28,Month-to-month,1,DSL,Bank transfer,3623.04,No,0.42832634641081835,42.83,Medium,22.82
CUST-01421,53,Female,58,105.88,Month-to-month,5,No,Credit card,6141.04,No,0.5438229946084957,54.38,Medium,57.58
CUST-01422,65,Female,70,67.39,Month-to-month,1,Fiber optic,Mailed check,4717.3,Yes,0.5405700080284503,54.06,Medium,36.43
CUST-01423,21,Female,57,122.19,Two year,2,DSL,Bank transfer,6964.83,No,0.2884322695430585,28.84,Low,35.24
CUST-01424,22,Female,37,35.8,Month-to-month,4,Fiber optic,Bank transfer,1324.6,No,0.4822953251399755,48.23,Medium,17.27
CUST-01425,73,Male,61,35.13,Month-to-month,2,Fiber optic,Electronic check,2142.93,Yes,0.5516181126940728,55.16,Medium,19.38
CUST-01426,54,Male,30,46.58,Month-to-month,3,Fiber optic,Electronic check,1397.4,No,0.4512814937543817,45.13,Medium,21.02
CUST-01427,25,Female,71,30.96,Month-to-month,4,No,Electronic check,2198.16,Yes,0.6641182196519148,66.41,Medium,20.56
CUST-01428,59,Male,25,100.6,Month-to-month,4,DSL,Electronic check,2515.0,Yes,0.5941834523796898,59.42,Medium,59.77
CUST-01429,66,Male,65,39.16,Two year,1,Fiber optic,Bank transfer,2545.4,No,0.2323365920039006,23.23,Low,9.1
CUST-01430,45,Female,6,40.8,Two year,0,No,Bank transfer,244.8,No,0.11636195503171191,11.64,Low,4.75
CUST-01431,48,Female,18,21.85,Month-to-month,3,Fiber optic,Electronic check,393.3,Yes,0.5359710435807014,53.6,Medium,11.71
CUST-01432,75,Female,10,121.67,Month-to-month,3,Fiber optic,Electronic check,1216.7,Yes,0.7905062972816308,79.05,High,96.18
CUST-01433,26,Female,11,125.6,Two year,3,Fiber optic,Bank transfer,1381.6,Yes,0.7255725189004861,72.56,High,91.13
CUST-01434,71,Female,65,41.06,Month-to-month,2,Fiber optic,Mailed check,2668.9,Yes,0.590201140771899,59.02,Medium,24.23
CUST-01435,68,Male,65,116.14,Month-to-month,1,Fiber optic,Credit card,7549.1,Yes,0.5575493512830654,55.75,Medium,64.75
CUST-01436,46,Female,52,76.36,Two year,3,No,Electronic check,3970.72,No,0.15947774504397053,15.95,Low,12.18
CUST-01437,31,Female,67,51.15,One year,2,DSL,Credit card,3427.05,Yes,0.5300223110398349,53.0,Medium,27.11
CUST-01438,57,Female,31,100.78,Month-to-month,2,Fiber optic,Mailed check,3124.18,Yes,0.588381089652687,58.84,Medium,59.3
CUST-01439,58,Male,17,43.2,Month-to-month,3,No,Mailed check,734.4,No,0.4975162203091603,49.75,Medium,21.49
CUST-01440,39,Female,55,118.39,Month-to-month,0,DSL,Mailed check,6511.45,No,0.486496712564555,48.65,Medium,57.6
CUST-01441,28,Female,36,26.19,Month-to-month,5,Fiber optic,Bank transfer,942.84,Yes,0.6153942874159974,61.54,Medium,16.12
CUST-01442,40,Female,26,144.69,One year,0,Fiber optic,Credit card,3761.94,Yes,0.6122401046706265,61.22,Medium,88.59
CUST-01443,18,Male,53,29.34,One year,1,Fiber optic,Mailed check,1555.02,No,0.16318486189643808,16.32,Low,4.79
CUST-01444,63,Female,17,95.33,One year,3,DSL,Electronic check,1620.61,No,0.3636848913322121,36.37,Low,34.67
CUST-01445,54,Female,25,137.29,Month-to-month,3,DSL,Mailed check,3432.25,Yes,0.6449433823023607,64.49,Medium,88.54
CUST-01446,38,Female,2,21.55,Month-to-month,1,Fiber optic,Electronic check,43.1,No,0.4803861011117055,48.04,Medium,10.35
CUST-01447,43,Male,5,84.81,Month-to-month,2,Fiber optic,Electronic check,424.05,Yes,0.7325010736758376,73.25,High,62.12
CUST-01448,63,Female,4,65.5,Two year,0,Fiber optic,Mailed check,262.0,No,0.18140628817613766,18.14,Low,11.88
CUST-01449,53,Female,36,95.44,One year,2,DSL,Electronic check,3435.84,No,0.23462921711437762,23.46,Low,22.39
CUST-01450,71,Female,6,49.31,Month-to-month,2,Fiber optic,Electronic check,295.86,No,0.5815070752098909,58.15,Medium,28.67
CUST-01451,40,Male,21,28.44,Month-to-month,4,No,Bank transfer,597.24,Yes,0.6407426755838523,64.07,Medium,18.22
CUST-01452,74,Female,26,101.37,Two year,4,Fiber optic,Credit card,2635.62,Yes,0.6405355555166234,64.05,Medium,64.93
CUST-01453,18,Female,55,74.19,Month-to-month,1,Fiber optic,Bank transfer,4080.45,No,0.37969823483329074,37.97,Low,28.17
CUST-01454,71,Female,39,100.92,Month-to-month,2,DSL,Bank transfer,3935.88,No,0.529500685257246,52.95,Medium,53.44
CUST-01455,72,Male,33,47.37,Month-to-month,2,Fiber optic,Bank transfer,1563.21,No,0.5073362927297561,50.73,Medium,24.03
CUST-01456,68,Male,14,64.04,Month-to-month,1,Fiber optic,Credit card,896.56,No,0.4500339853391922,45.0,Medium,28.82
CUST-01457,57,Female,56,93.02,Two year,1,Fiber optic,Credit card,5209.12,Yes,0.4071268001291162,40.71,Medium,37.87
CUST-01458,32,Male,21,97.1,One year,5,Fiber optic,Mailed check,2039.1,No,0.33148512960336507,33.15,Low,32.19
CUST-01459,38,Male,46,68.4,One year,3,Fiber optic,Bank transfer,3146.4,Yes,0.39076110733375646,39.08,Low,26.73
CUST-01460,64,Male,16,56.41,Two year,1,DSL,Credit card,902.56,No,0.266117033071762,26.61,Low,15.01
CUST-01461,26,Female,16,55.58,Two year,1,Fiber optic,Mailed check,889.28,No,0.1762756367835922,17.63,Low,9.8
CUST-01462,70,Female,29,42.71,Month-to-month,1,Fiber optic,Bank transfer,1238.59,Yes,0.5558773459282212,55.59,Medium,23.74
CUST-01463,26,Male,8,62.3,Month-to-month,3,Fiber optic,Bank transfer,498.4,No,0.5477311643184583,54.77,Medium,34.12
CUST-01464,27,Male,3,45.93,Month-to-month,1,Fiber optic,Electronic check,137.79,Yes,0.6850967837395997,68.51,Medium,31.47
CUST-01465,69,Male,19,102.4,Month-to-month,2,Fiber optic,Credit card,1945.6,No,0.509245735650784,50.92,Medium,52.15
CUST-01466,74,Female,66,93.98,One year,3,DSL,Electronic check,6202.68,No,0.34785967584999483,34.79,Low,32.69
CUST-01467,70,Female,22,69.74,Two year,3,Fiber optic,Bank transfer,1534.28,No,0.310654550778937,31.07,Low,21.67
CUST-01468,43,Male,46,62.36,One year,2,Fiber optic,Bank transfer,2868.56,No,0.2966631942947057,29.67,Low,18.5
CUST-01469,58,Male,13,50.89,Month-to-month,5,Fiber optic,Bank transfer,661.57,No,0.4979414779729593,49.79,Medium,25.34
CUST-01470,52,Male,33,89.61,Month-to-month,4,Fiber optic,Mailed check,2957.13,No,0.5307414421057862,53.07,Medium,47.56
CUST-01471,69,Male,5,139.46,Month-to-month,3,No,Electronic check,697.3,Yes,0.7873459213474535,78.73,High,109.8
CUST-01472,42,Female,27,109.14,Two year,0,No,Electronic check,2946.78,Yes,0.6619753377950552,66.2,Medium,72.25
CUST-01473,43,Male,24,116.77,Month-to-month,2,Fiber optic,Bank transfer,2802.48,No,0.5045428869964895,50.45,Medium,58.92
CUST-01474,28,Female,67,128.47,Month-to-month,2,Fiber optic,Electronic check,8607.49,No,0.483244160116627,48.32,Medium,62.08
CUST-01475,55,Male,63,65.71,Month-to-month,2,Fiber optic,Bank transfer,4139.73,Yes,0.4869326815918454,48.69,Medium,32.0
CUST-01476,19,Male,48,28.17,Two year,1,Fiber optic,Bank transfer,1352.16,No,0.21754915551576426,21.75,Low,6.13
CUST-01477,24,Male,63,100.93,One year,6,No,Electronic check,6358.59,Yes,0.657230507859412,65.72,Medium,66.33
CUST-01478,35,Male,12,44.53,Two year,4,Fiber optic,Credit card,534.36,No,0.32965653185049887,32.97,Low,14.68
CUST-01479,44,Male,28,93.98,One year,2,DSL,Bank transfer,2631.44,No,0.3642145110632787,36.42,Low,34.23
CUST-01480,51,Female,44,116.14,Month-to-month,2,No,Bank transfer,5110.16,Yes,0.6036645738645858,60.37,Medium,70.11
CUST-01481,44,Male,43,121.87,Month-to-month,5,Fiber optic,Electronic check,5240.41,Yes,0.621246260281865,62.12,Medium,75.71
CUST-01482,34,Male,17,59.24,Month-to-month,4,Fiber optic,Electronic check,1007.08,No,0.4121594492084485,41.22,Medium,24.42
CUST-01483,60,Male,40,86.62,One year,6,No,Electronic check,3464.8,No,0.3079366639405637,30.79,Low,26.67
CUST-01484,61,Female,49,100.73,Two year,1,No,Bank transfer,4935.77,No,0.2452048417800196,24.52,Low,24.7
CUST-01485,68,Female,57,126.53,Month-to-month,1,DSL,Credit card,7212.21,No,0.5510102968261001,55.1,Medium,69.72
CUST-01486,71,Female,64,118.98,Month-to-month,3,Fiber optic,Credit card,7614.72,Yes,0.6179211542045924,61.79,Medium,73.52
CUST-01487,41,Female,57,148.44,One year,1,Fiber optic,Credit card,8461.08,No,0.34208317042124886,34.21,Low,50.78
CUST-01488,42,Male,70,21.05,Month-to-month,4,Fiber optic,Bank transfer,1473.5,No,0.5083426147054939,50.83,Medium,10.7
CUST-01489,24,Male,43,76.87,One year,2,Fiber optic,Electronic check,3305.41,No,0.2060686124684306,20.61,Low,15.84
CUST-01490,69,Male,23,53.29,Month-to-month,3,DSL,Credit card,1225.67,Yes,0.5851135454211035,58.51,Medium,31.18
CUST-01491,23,Female,27,35.59,Month-to-month,4,DSL,Credit card,960.93,Yes,0.6440101526222297,64.4,Medium,22.92
CUST-01492,70,Male,58,138.5,Month-to-month,2,DSL,Credit card,8033.0,No,0.5272021757693067,52.72,Medium,73.02
CUST-01493,41,Male,37,149.74,One year,2,DSL,Bank transfer,5540.38,No,0.32743436208494536,32.74,Low,49.03
CUST-01494,50,Female,6,43.48,Month-to-month,3,Fiber optic,Electronic check,260.88,Yes,0.7087168510768945,70.87,High,30.82
CUST-01495,66,Female,65,25.0,Month-to-month,4,Fiber optic,Mailed check,1625.0,No,0.5947766293579955,59.48,Medium,14.87
CUST-01496,46,Female,6,55.76,Two year,0,DSL,Electronic check,334.56,No,0.1314820050867666,13.15,Low,7.33
CUST-01497,60,Male,50,128.53,Month-to-month,2,Fiber optic,Electronic check,6426.5,Yes,0.6082506143875511,60.83,Medium,78.18
CUST-01498,39,Male,22,58.21,Month-to-month,1,Fiber optic,Electronic check,1280.62,No,0.3643687375243146,36.44,Low,21.21
CUST-01499,43,Female,25,27.4,One year,4,Fiber optic,Credit card,685.0,No,0.35529847416547194,35.53,Low,9.74
CUST-01500,45,Male,72,26.82,Month-to-month,5,Fiber optic,Electronic check,1931.04,No,0.5115962120177826,51.16,Medium,13.72
CUST-01501,67,Female,51,75.56,Month-to-month,0,DSL,Credit card,3853.56,No,0.45623392760511233,45.62,Medium,34.47
CUST-01502,38,Female,48,141.14,Two year,2,Fiber optic,Bank transfer,6774.72,No,0.45292006385257905,45.29,Medium,63.93
CUST-01503,66,Male,70,57.17,One year,2,Fiber optic,Mailed check,4001.9,No,0.2487706944642009,24.88,Low,14.22
CUST-01504,24,Female,65,75.53,One year,2,DSL,Bank transfer,4909.45,Yes,0.47018846302916756,47.02,Medium,35.51
CUST-01505,34,Female,60,33.25,One year,2,DSL,Bank transfer,1995.0,No,0.3673957912286121,36.74,Low,12.22
CUST-01506,37,Female,46,84.16,Month-to-month,3,Fiber optic,Mailed check,3871.36,No,0.5150591998421048,51.51,Medium,43.35
CUST-01507,58,Male,36,110.55,Month-to-month,2,Fiber optic,Electronic check,3979.8,No,0.5134371410562816,51.34,Medium,56.76
CUST-01508,66,Female,58,55.25,Month-to-month,2,No,Electronic check,3204.5,No,0.452879341685972,45.29,Medium,25.02
CUST-01509,37,Female,38,58.57,Two year,0,No,Credit card,2225.66,Yes,0.531680670266531,53.17,Medium,31.14
CUST-01510,71,Female,11,129.46,Month-to-month,3,Fiber optic,Electronic check,1424.06,Yes,0.7818830453477245,78.19,High,101.22
CUST-01511,39,Female,12,21.35,Month-to-month,2,Fiber optic,Mailed check,256.2,Yes,0.6770333577124393,67.7,Medium,14.45
CUST-01512,45,Female,42,102.74,Two year,2,DSL,Bank transfer,4315.08,No,0.3340086962862792,33.4,Low,34.32
CUST-01513,57,Female,39,71.21,One year,3,DSL,Electronic check,2777.19,No,0.2914287703293991,29.14,Low,20.75
CUST-01514,66,Female,71,58.79,Two year,2,No,Credit card,4174.09,Yes,0.5300568252160472,53.01,Medium,31.16
CUST-01515,24,Male,11,105.49,One year,1,Fiber optic,Bank transfer,1160.39,Yes,0.5823297017987218,58.23,Medium,61.43
CUST-01516,18,Male,36,128.51,Month-to-month,3,DSL,Bank transfer,4626.36,No,0.4344776667213487,43.45,Medium,55.83
CUST-01517,49,Female,52,92.59,Two year,0,No,Credit card,4814.68,No,0.25857747978618173,25.86,Low,23.94
CUST-01518,30,Male,31,24.04,Month-to-month,2,DSL,Bank transfer,745.24,Yes,0.5347122595919968,53.47,Medium,12.85
CUST-01519,47,Male,33,79.98,Month-to-month,0,Fiber optic,Credit card,2639.34,Yes,0.5072670933015908,50.73,Medium,40.57
CUST-01520,40,Female,13,80.16,One year,3,DSL,Credit card,1042.08,No,0.4424757785902519,44.25,Medium,35.47
CUST-01521,68,Male,18,90.69,One year,2,Fiber optic,Mailed check,1632.42,No,0.4036632330350909,40.37,Medium,36.61
CUST-01522,73,Female,41,107.22,Two year,3,Fiber optic,Mailed check,4396.02,No,0.3138023665951063,31.38,Low,33.65
CUST-01523,36,Female,58,22.51,Two year,0,Fiber optic,Electronic check,1305.58,No,0.12287135241555952,12.29,Low,2.77
CUST-01524,49,Female,56,85.26,Two year,5,No,Mailed check,4774.56,No,0.25964695510374664,25.96,Low,22.14
CUST-01525,47,Female,24,96.48,Month-to-month,2,Fiber optic,Bank transfer,2315.52,Yes,0.5505698999285464,55.06,Medium,53.12
CUST-01526,46,Female,31,64.64,One year,0,DSL,Electronic check,2003.84,No,0.1466523190181147,14.67,Low,9.48
CUST-01527,66,Male,55,106.89,One year,8,No,Electronic check,5878.95,Yes,0.6963380770091625,69.63,Medium,74.43
CUST-01528,62,Female,10,49.66,Two year,5,Fiber optic,Credit card,496.6,Yes,0.7548701221683525,75.49,High,37.49
CUST-01529,46,Male,60,61.26,Month-to-month,1,Fiber optic,Mailed check,3675.6,No,0.3992293020395339,39.92,Low,24.46
CUST-01530,47,Female,2,145.16,Month-to-month,1,DSL,Credit card,290.32,Yes,0.7778752707229544,77.79,High,112.92
CUST-01531,33,Female,15,65.25,Two year,3,DSL,Electronic check,978.75,No,0.21521126659285164,21.52,Low,14.04
CUST-01532,57,Female,3,65.05,Month-to-month,3,Fiber optic,Credit card,195.15,No,0.6212987593498557,62.13,Medium,40.42
CUST-01533,36,Male,43,97.44,One year,3,Fiber optic,Bank transfer,4189.92,No,0.3417761316853815,34.18,Low,33.3
CUST-01534,35,Female,31,146.23,Month-to-month,1,DSL,Bank transfer,4533.13,Yes,0.6546583267177414,65.47,Medium,95.73
CUST-01535,18,Female,70,147.8,Month-to-month,4,DSL,Electronic check,10346.0,No,0.45305055120237103,45.31,Medium,66.96
CUST-01536,31,Female,67,95.36,One year,4,DSL,Bank transfer,6389.12,Yes,0.45965662494984105,45.97,Medium,43.83
CUST-01537,68,Female,56,20.14,Month-to-month,4,DSL,Mailed check,1127.84,No,0.5253343978350581,52.53,Medium,10.58
CUST-01538,64,Male,63,137.09,One year,4,DSL,Electronic check,8636.67,No,0.3463628069478756,34.64,Low,47.48
CUST-01539,67,Female,15,94.13,Month-to-month,2,Fiber optic,Mailed check,1411.95,No,0.5340878780172706,53.41,Medium,50.27
CUST-01540,19,Male,10,67.58,Month-to-month,1,Fiber optic,Bank transfer,675.8,No,0.39212969730909764,39.21,Low,26.5
CUST-01541,71,Female,38,127.8,Month-to-month,2,Fiber optic,Credit card,4856.4,Yes,0.6709994822607455,67.1,Medium,85.75
CUST-01542,45,Male,47,71.98,One year,0,Fiber optic,Mailed check,3383.06,No,0.17545827345389664,17.55,Low,12.63
CUST-01543,66,Male,57,24.43,Month-to-month,5,DSL,Mailed check,1392.51,Yes,0.7902156630103194,79.02,High,19.3
CUST-01544,67,Female,50,126.74,One year,0,DSL,Bank transfer,6337.0,No,0.2175109129866079,21.75,Low,27.57
CUST-01545,47,Female,71,90.96,One year,5,Fiber optic,Mailed check,6458.16,No,0.3123183421305428,31.23,Low,28.41
CUST-01546,55,Male,15,63.96,One year,1,Fiber optic,Mailed check,959.4,No,0.3149580678419194,31.5,Low,20.14
CUST-01547,68,Female,18,52.62,One year,3,No,Credit card,947.16,No,0.38172829002834274,38.17,Low,20.09
CUST-01548,21,Female,2,97.19,Month-to-month,6,DSL,Electronic check,194.38,Yes,0.8919555613198841,89.2,High,86.69
CUST-01549,18,Female,43,47.05,Month-to-month,1,Fiber optic,Bank transfer,2023.15,Yes,0.47930862389866813,47.93,Medium,22.55
CUST-01550,25,Male,26,62.1,One year,2,Fiber optic,Credit card,1614.6,No,0.24014554923609382,24.01,Low,14.91
CUST-01551,46,Female,71,102.75,Month-to-month,3,Fiber optic,Credit card,7295.25,No,0.4020193223466151,40.2,Medium,41.31
CUST-01552,72,Female,38,134.6,Two year,3,Fiber optic,Electronic check,5114.8,No,0.2571411756428623,25.71,Low,34.61
CUST-01553,56,Female,42,89.28,Two year,2,Fiber optic,Electronic check,3749.76,No,0.2921899231170002,29.22,Low,26.09
CUST-01554,20,Male,5,118.68,Month-to-month,1,Fiber optic,Bank transfer,593.4,No,0.5290748150253819,52.91,Medium,62.79
CUST-01555,49,Female,11,119.2,One year,4,Fiber optic,Bank transfer,1311.2,No,0.5572806034842156,55.73,Medium,66.43
CUST-01556,27,Male,65,106.37,Two year,0,No,Bank transfer,6914.05,No,0.1697410758758449,16.97,Low,18.06
CUST-01557,27,Female,34,51.96,Month-to-month,3,Fiber optic,Credit card,1766.64,No,0.4820149222760842,48.2,Medium,25.05
CUST-01558,36,Male,1,132.68,One year,3,Fiber optic,Mailed check,132.68,No,0.47349410727372326,47.35,Medium,62.82
CUST-01559,63,Female,2,76.72,Month-to-month,4,DSL,Electronic check,153.44,Yes,0.8517929514007091,85.18,High,65.35
CUST-01560,51,Female,20,25.75,Month-to-month,1,DSL,Bank transfer,515.0,No,0.43532968684745704,43.53,Medium,11.21
CUST-01561,50,Male,61,51.8,Two year,2,Fiber optic,Bank transfer,3159.8,No,0.2648831568330978,26.49,Low,13.72
CUST-01562,40,Male,21,119.52,One year,3,Fiber optic,Credit card,2509.92,Yes,0.5134021202512788,51.34,Medium,61.36
CUST-01563,72,Male,68,28.99,One year,4,Fiber optic,Bank transfer,1971.32,No,0.3050406764211671,30.5,Low,8.84
CUST-01564,45,Female,12,39.16,Two year,3,DSL,Credit card,469.92,No,0.271201581463812,27.12,Low,10.62
CUST-01565,49,Female,22,110.25,One year,3,Fiber optic,Mailed check,2425.5,No,0.4269596679310136,42.7,Medium,47.07
CUST-01566,67,Female,20,136.04,One year,1,DSL,Credit card,2720.8,No,0.4161494704242336,41.61,Medium,56.61
CUST-01567,24,Female,1,102.39,One year,3,No,Electronic check,102.39,No,0.25504678467237757,25.5,Low,26.11
CUST-01568,46,Male,30,48.9,One year,2,Fiber optic,Credit card,1467.0,No,0.32781339669855664,32.78,Low,16.03
CUST-01569,25,Female,24,26.94,Two year,4,DSL,Mailed check,646.56,Yes,0.5436484206823159,54.36,Medium,14.65
CUST-01570,18,Female,14,99.97,Two year,1,DSL,Mailed check,1399.58,No,0.17784685029645073,17.78,Low,17.78
CUST-01571,74,Female,36,26.16,One year,2,No,Electronic check,941.76,Yes,0.7112482069787552,71.12,High,18.61
CUST-01572,72,Female,69,99.65,One year,5,Fiber optic,Credit card,6875.85,Yes,0.6451741766741977,64.52,Medium,64.29
CUST-01573,20,Female,24,49.33,Month-to-month,4,Fiber optic,Electronic check,1183.92,No,0.4286046807205017,42.86,Medium,21.14
CUST-01574,41,Female,60,137.61,Two year,2,Fiber optic,Mailed check,8256.6,Yes,0.7111806932551433,71.12,High,97.87
CUST-01575,40,Female,55,81.76,One year,4,No,Credit card,4496.8,Yes,0.5368816319265949,53.69,Medium,43.9
CUST-01576,25,Male,24,49.11,One year,1,Fiber optic,Bank transfer,1178.64,No,0.17679709926272386,17.68,Low,8.68
CUST-01577,71,Female,24,130.91,Month-to-month,2,DSL,Mailed check,3141.84,No,0.592684178345188,59.27,Medium,77.59
CUST-01578,74,Female,54,53.02,Two year,0,Fiber optic,Mailed check,2863.08,No,0.18519528087803563,18.52,Low,9.82
CUST-01579,64,Female,26,59.86,Month-to-month,7,Fiber optic,Electronic check,1556.36,No,0.47902905824601333,47.9,Medium,28.67
CUST-01580,54,Female,66,128.46,Month-to-month,2,DSL,Mailed check,8478.36,Yes,0.622515446046433,62.25,Medium,79.97
CUST-01581,20,Male,38,60.14,One year,0,Fiber optic,Electronic check,2285.32,No,0.12085903049058394,12.09,Low,7.27
CUST-01582,68,Male,65,73.32,One year,1,Fiber optic,Credit card,4765.8,No,0.31443190956008,31.44,Low,23.05
CUST-01583,50,Male,51,65.2,Month-to-month,1,Fiber optic,Bank transfer,3325.2,No,0.42501481721699663,42.5,Medium,27.71
CUST-01584,45,Male,35,35.13,One year,2,No,Bank transfer,1229.55,No,0.29147461427845683,29.15,Low,10.24
CUST-01585,64,Male,43,25.06,Month-to-month,3,Fiber optic,Electronic check,1077.58,No,0.47230653820453955,47.23,Medium,11.84
CUST-01586,25,Male,29,114.19,Month-to-month,4,Fiber optic,Bank transfer,3311.51,No,0.46908556408081303,46.91,Medium,53.56
CUST-01587,51,Female,37,103.87,Month-to-month,2,DSL,Bank transfer,3843.19,No,0.498405531288145,49.84,Medium,51.77
CUST-01588,52,Male,58,56.71,Two year,1,Fiber optic,Mailed check,3289.18,No,0.17766938151765654,17.77,Low,10.08
CUST-01589,49,Male,54,58.43,Month-to-month,1,DSL,Mailed check,3155.22,No,0.4323878802337927,43.24,Medium,25.26
CUST-01590,41,Female,39,142.85,Month-to-month,1,No,Credit card,5571.15,Yes,0.665512237353328,66.55,Medium,95.07
CUST-01591,31,Male,42,148.4,One year,1,Fiber optic,Mailed check,6232.8,No,0.3566502572260379,35.67,Low,52.93
CUST-01592,49,Female,28,81.55,Month-to-month,1,Fiber optic,Mailed check,2283.4,Yes,0.6228128864448556,62.28,Medium,50.79
CUST-01593,73,Female,29,124.32,One year,6,Fiber optic,Mailed check,3605.28,No,0.27423563183355704,27.42,Low,34.09
CUST-01594,63,Male,43,115.77,Two year,3,No,Mailed check,4978.11,No,0.2658700523612021,26.59,Low,30.78
CUST-01595,60,Female,3,58.65,Two year,2,No,Bank transfer,175.95,No,0.166486443694759,16.65,Low,9.76
CUST-01596,33,Male,10,27.61,Month-to-month,2,No,Bank transfer,276.1,Yes,0.6706118877051153,67.06,Medium,18.52
CUST-01597,21,Male,59,38.53,Month-to-month,2,Fiber optic,Bank transfer,2273.27,Yes,0.44958538977985946,44.96,Medium,17.32
CUST-01598,69,Female,14,128.98,One year,1,DSL,Mailed check,1805.72,No,0.3609318823074156,36.09,Low,46.55
CUST-01599,54,Female,47,115.06,Month-to-month,1,Fiber optic,Bank transfer,5407.82,No,0.572478680450461,57.25,Medium,65.87
CUST-01600,71,Male,42,106.36,Month-to-month,4,DSL,Credit card,4467.12,Yes,0.734984371101908,73.5,High,78.17
CUST-01601,38,Female,32,36.98,Month-to-month,2,Fiber optic,Credit card,1183.36,No,0.4929031630866442,49.29,Medium,18.23
CUST-01602,31,Female,32,103.19,Month-to-month,4,Fiber optic,Mailed check,3302.08,No,0.46934714854966625,46.93,Medium,48.43
CUST-01603,48,Male,42,120.38,Two year,2,Fiber optic,Bank transfer,5055.96,Yes,0.45260221004188084,45.26,Medium,54.48
CUST-01604,72,Male,32,131.88,One year,6,DSL,Credit card,4220.16,Yes,0.6609080938534208,66.09,Medium,87.16
CUST-01605,65,Female,26,21.72,Month-to-month,1,Fiber optic,Electronic check,564.72,No,0.40787339980872184,40.79,Medium,8.86
CUST-01606,35,Male,1,108.98,Month-to-month,2,No,Mailed check,108.98,Yes,0.8007513467741212,80.08,High,87.27
CUST-01607,24,Male,56,22.48,Two year,2,Fiber optic,Credit card,1258.88,No,0.17983193276939136,17.98,Low,4.04
CUST-01608,27,Male,2,111.89,Month-to-month,4,No,Credit card,223.78,Yes,0.9077261183006302,90.77,High,101.57
CUST-01609,24,Male,30,102.63,One year,1,Fiber optic,Credit card,3078.9,No,0.18895050865054036,18.9,Low,19.39
CUST-01610,50,Male,71,39.29,Month-to-month,6,DSL,Electronic check,2789.59,Yes,0.7375467938335877,73.75,High,28.98
CUST-01611,40,Male,52,119.6,Two year,3,No,Electronic check,6219.2,No,0.19738903218507717,19.74,Low,23.61
CUST-01612,38,Male,9,28.89,One year,2,DSL,Electronic check,260.01,No,0.26312748268268477,26.31,Low,7.6
CUST-01613,36,Female,22,127.43,Month-to-month,1,DSL,Credit card,2803.46,Yes,0.685217953785989,68.52,Medium,87.32
CUST-01614,65,Male,34,54.05,Month-to-month,1,DSL,Electronic check,1837.7,No,0.4556580049924231,45.57,Medium,24.63
CUST-01615,36,Female,49,109.55,One year,3,Fiber optic,Mailed check,5367.95,Yes,0.4765787121290243,47.66,Medium,52.21
CUST-01616,53,Female,1,140.08,Two year,3,Fiber optic,Electronic check,140.08,No,0.36166982445588053,36.17,Low,50.66
CUST-01617,46,Female,53,64.18,Month-to-month,5,DSL,Mailed check,3401.54,Yes,0.6977497843021109,69.77,Medium,44.78
CUST-01618,35,Male,40,85.38,One year,5,No,Credit card,3415.2,No,0.35849000740322867,35.85,Low,30.61
CUST-01619,19,Male,45,80.21,Month-to-month,7,No,Bank transfer,3609.45,Yes,0.75123115980761,75.12,High,60.26
CUST-01620,18,Female,68,40.49,Two year,1,DSL,Mailed check,2753.32,No,0.18669083556299226,18.67,Low,7.56
CUST-01621,64,Male,9,96.74,One year,3,Fiber optic,Mailed check,870.66,No,0.5067844892186208,50.68,Medium,49.03
CUST-01622,22,Female,22,116.59,Month-to-month,6,No,Mailed check,2564.98,No,0.4531187698448983,45.31,Medium,52.83
CUST-01623,37,Male,18,139.19,Month-to-month,1,Fiber optic,Credit card,2505.42,Yes,0.6007609771888708,60.08,Medium,83.62
CUST-01624,28,Male,43,130.6,Month-to-month,0,DSL,Mailed check,5615.8,Yes,0.5620812849000584,56.21,Medium,73.41
CUST-01625,59,Female,39,86.3,One year,6,DSL,Credit card,3365.7,Yes,0.6466300922506375,64.66,Medium,55.8
CUST-01626,19,Female,6,113.47,Month-to-month,1,Fiber optic,Mailed check,680.82,Yes,0.796787537817781,79.68,High,90.41
CUST-01627,20,Female,48,124.1,Month-to-month,4,Fiber optic,Credit card,5956.8,Yes,0.6310297078999068,63.1,Medium,78.31
CUST-01628,40,Male,7,84.15,Two year,2,Fiber optic,Bank transfer,589.05,No,0.3514152481390718,35.14,Low,29.57
CUST-01629,72,Female,69,35.01,Month-to-month,3,Fiber optic,Credit card,2415.69,Yes,0.6043054180979133,60.43,Medium,21.16
CUST-01630,29,Male,16,76.93,One year,2,Fiber optic,Credit card,1230.88,Yes,0.44637257337224007,44.64,Medium,34.34
CUST-01631,37,Male,1,129.52,Month-to-month,3,DSL,Bank transfer,129.52,No,0.6027922146615304,60.28,Medium,78.07
CUST-01632,22,Male,37,97.56,Month-to-month,3,DSL,Credit card,3609.72,No,0.4143782061652157,41.44,Medium,40.43
CUST-01633,54,Female,37,114.18,Month-to-month,1,DSL,Credit card,4224.66,No,0.6130557256421542,61.31,Medium,70.0
CUST-01634,55,Female,64,44.08,One year,3,DSL,Mailed check,2821.12,No,0.2827877635418292,28.28,Low,12.47
CUST-01635,47,Female,62,145.36,Month-to-month,0,DSL,Credit card,9012.32,No,0.46223595038171167,46.22,Medium,67.19
CUST-01636,26,Male,72,72.53,Two year,1,Fiber optic,Mailed check,5222.16,No,0.22660990930308264,22.66,Low,16.44
CUST-01637,51,Male,61,104.97,Month-to-month,1,DSL,Bank transfer,6403.17,No,0.4768051873371769,47.68,Medium,50.05
CUST-01638,70,Female,33,22.45,Month-to-month,1,Fiber optic,Credit card,740.85,No,0.5166576899323343,51.67,Medium,11.6
CUST-01639,61,Male,66,36.55,Two year,0,DSL,Bank transfer,2412.3,No,0.2256065931883136,22.56,Low,8.25
CUST-01640,52,Male,30,121.66,Month-to-month,1,Fiber optic,Bank transfer,3649.8,Yes,0.5614885579505057,56.15,Medium,68.31
CUST-01641,69,Female,20,145.84,Month-to-month,1,Fiber optic,Electronic check,2916.8,No,0.566190804400855,56.62,Medium,82.57
CUST-01642,75,Female,60,61.61,Month-to-month,3,DSL,Credit card,3696.6,No,0.5405924771013695,54.06,Medium,33.31
CUST-01643,39,Female,24,24.83,One year,3,Fiber optic,Credit card,595.92,No,0.33465761734771343,33.47,Low,8.31
CUST-01644,61,Male,4,66.91,Two year,4,Fiber optic,Mailed check,267.64,No,0.30693754528656003,30.69,Low,20.54
CUST-01645,41,Male,37,22.27,Month-to-month,2,Fiber optic,Mailed check,823.99,No,0.5038784666659822,50.39,Medium,11.22
CUST-01646,34,Male,4,45.01,Month-to-month,0,DSL,Electronic check,180.04,No,0.5457930042747147,54.58,Medium,24.57
CUST-01647,27,Male,18,117.82,One year,0,Fiber optic,Electronic check,2120.76,No,0.20142531588504403,20.14,Low,23.73
CUST-01648,47,Male,66,141.82,Two year,4,DSL,Credit card,9360.12,Yes,0.6197003885488133,61.97,Medium,87.89
CUST-01649,73,Female,48,31.37,Month-to-month,4,Fiber optic,Credit card,1505.76,No,0.6019149429714742,60.19,Medium,18.88
CUST-01650,63,Male,33,92.53,Two year,2,DSL,Electronic check,3053.49,No,0.25534576361635414,25.53,Low,23.63
CUST-01651,40,Male,58,53.0,Month-to-month,0,Fiber optic,Credit card,3074.0,Yes,0.498769860200965,49.88,Medium,26.43
CUST-01652,49,Male,28,38.08,Month-to-month,3,Fiber optic,Credit card,1066.24,No,0.4692098223023325,46.92,Medium,17.87
CUST-01653,34,Female,35,48.47,Month-to-month,0,Fiber optic,Credit card,1696.45,No,0.4637383089573338,46.37,Medium,22.48
CUST-01654,67,Female,10,95.11,Month-to-month,2,No,Electronic check,951.1,Yes,0.7209407319774496,72.09,High,68.57
CUST-01655,68,Female,65,28.47,Month-to-month,3,Fiber optic,Electronic check,1850.55,No,0.5063189128687582,50.63,Medium,14.41
CUST-01656,34,Male,42,76.45,Two year,2,No,Bank transfer,3210.9,No,0.27677418332402,27.68,Low,21.16
CUST-01657,31,Female,9,37.58,Month-to-month,3,Fiber optic,Mailed check,338.22,Yes,0.7621044758645887,76.21,High,28.64
CUST-01658,26,Female,60,55.45,Month-to-month,3,Fiber optic,Bank transfer,3327.0,No,0.4228103985159721,42.28,Medium,23.44
CUST-01659,57,Female,15,44.8,Month-to-month,5,No,Credit card,672.0,No,0.525219498737703,52.52,Medium,23.53
CUST-01660,19,Male,57,134.79,One year,6,Fiber optic,Credit card,7683.03,No,0.2794082453577099,27.94,Low,37.66
CUST-01661,62,Female,69,112.04,Two year,5,Fiber optic,Bank transfer,7730.76,No,0.3169830410307962,31.7,Low,35.51
CUST-01662,42,Male,22,132.9,Month-to-month,4,DSL,Bank transfer,2923.8,No,0.5122932696500131,51.23,Medium,68.08
CUST-01663,56,Male,64,69.85,Month-to-month,0,Fiber optic,Bank transfer,4470.4,No,0.3571807026351533,35.72,Low,24.95
CUST-01664,26,Female,41,60.74,Month-to-month,2,DSL,Credit card,2490.34,No,0.4498702276105729,44.99,Medium,27.33
CUST-01665,71,Male,71,69.48,Month-to-month,3,DSL,Credit card,4933.08,No,0.48861242388580023,48.86,Medium,33.95
CUST-01666,39,Female,56,22.41,Month-to-month,1,No,Bank transfer,1254.96,No,0.37112491344797477,37.11,Low,8.32
CUST-01667,60,Male,23,114.21,Month-to-month,0,DSL,Electronic check,2626.83,Yes,0.6044229181444777,60.44,Medium,69.03
CUST-01668,63,Female,25,65.47,One year,2,Fiber optic,Mailed check,1636.75,No,0.3060047281848528,30.6,Low,20.03
CUST-01669,21,Female,6,60.73,One year,0,No,Mailed check,364.38,No,0.20584232491771726,20.58,Low,12.5
CUST-01670,43,Female,34,97.76,Month-to-month,3,Fiber optic,Bank transfer,3323.84,No,0.48956038723303946,48.96,Medium,47.86
CUST-01671,75,Male,63,76.71,Month-to-month,2,Fiber optic,Electronic check,4832.73,Yes,0.585599916731303,58.56,Medium,44.92
CUST-01672,46,Female,9,147.51,One year,1,Fiber optic,Mailed check,1327.59,Yes,0.7292629186984161,72.93,High,107.57
CUST-01673,62,Male,60,66.31,One year,3,DSL,Electronic check,3978.6,No,0.2683158019354513,26.83,Low,17.79
CUST-01674,51,Female,49,99.81,Month-to-month,3,No,Mailed check,4890.69,No,0.5242910258230706,52.43,Medium,52.33
CUST-01675,40,Male,51,60.51,Two year,3,DSL,Mailed check,3086.01,Yes,0.4731201635841493,47.31,Medium,28.63
CUST-01676,54,Male,60,148.78,Month-to-month,1,Fiber optic,Credit card,8926.8,No,0.5426303797502153,54.26,Medium,80.73
CUST-01677,28,Female,70,77.86,Month-to-month,2,DSL,Electronic check,5450.2,No,0.4117934365381067,41.18,Medium,32.06
CUST-01678,23,Female,37,102.44,Month-to-month,4,DSL,Mailed check,3790.28,No,0.4960086692945026,49.6,Medium,50.81
CUST-01679,35,Female,31,36.47,Two year,4,DSL,Electronic check,1130.57,No,0.2280995145433422,22.81,Low,8.32
CUST-01680,38,Female,41,115.29,Month-to-month,2,DSL,Bank transfer,4726.89,No,0.5550063036943363,55.5,Medium,63.99
CUST-01681,59,Female,62,55.0,Two year,3,Fiber optic,Bank transfer,3410.0,No,0.2823247130092979,28.23,Low,15.53
CUST-01682,53,Male,58,78.32,Month-to-month,2,Fiber optic,Electronic check,4542.56,Yes,0.5016454546778922,50.16,Medium,39.29
CUST-01683,58,Female,14,134.81,Month-to-month,3,Fiber optic,Mailed check,1887.34,No,0.5921113775460924,59.21,Medium,79.82
CUST-01684,55,Female,36,146.17,One year,4,DSL,Bank transfer,5262.12,Yes,0.5789853024416746,57.9,Medium,84.63
CUST-01685,51,Male,36,75.19,Month-to-month,1,Fiber optic,Bank transfer,2706.84,Yes,0.49784472990055784,49.78,Medium,37.43
CUST-01686,34,Female,8,128.52,Month-to-month,3,DSL,Mailed check,1028.16,Yes,0.8082594532351827,80.83,High,103.88
CUST-01687,54,Female,26,26.94,Month-to-month,5,Fiber optic,Bank transfer,700.44,No,0.5078689155847532,50.79,Medium,13.68
CUST-01688,42,Male,36,130.18,Two year,4,Fiber optic,Bank transfer,4686.48,No,0.34111692682493017,34.11,Low,44.41
CUST-01689,55,Female,48,101.84,Month-to-month,3,Fiber optic,Mailed check,4888.32,Yes,0.525808830509964,52.58,Medium,53.55
CUST-01690,75,Female,28,83.53,Month-to-month,4,Fiber optic,Electronic check,2338.84,No,0.5287390061191988,52.87,Medium,44.17
CUST-01691,29,Female,68,135.7,Month-to-month,2,Fiber optic,Electronic check,9227.6,No,0.4871055997165598,48.71,Medium,66.1
CUST-01692,40,Male,62,129.89,One year,1,Fiber optic,Mailed check,8053.18,No,0.24636511511253067,24.64,Low,32.0
CUST-01693,70,Female,51,58.6,Month-to-month,3,Fiber optic,Mailed check,2988.6,Yes,0.5716705119782424,57.17,Medium,33.5
CUST-01694,59,Male,42,122.89,Month-to-month,1,DSL,Electronic check,5161.38,Yes,0.5992928665763687,59.93,Medium,73.65
CUST-01695,39,Female,29,32.93,Month-to-month,5,Fiber optic,Mailed check,954.97,Yes,0.6954843432433347,69.55,Medium,22.9
CUST-01696,38,Male,10,126.96,One year,1,No,Electronic check,1269.6,No,0.25711465523013016,25.71,Low,32.64
CUST-01697,44,Female,39,107.81,Month-to-month,4,DSL,Electronic check,4204.59,Yes,0.6261126109922253,62.61,Medium,67.5
CUST-01698,74,Male,1,31.42,Month-to-month,2,Fiber optic,Credit card,31.42,Yes,0.7711303874327584,77.11,High,24.23
CUST-01699,48,Male,39,108.8,One year,6,Fiber optic,Bank transfer,4243.2,Yes,0.5783286787815514,57.83,Medium,62.92
CUST-01700,23,Male,21,95.47,Two year,6,Fiber optic,Mailed check,2004.87,No,0.23612542150429286,23.61,Low,22.54
CUST-01701,44,Male,65,97.29,One year,1,No,Credit card,6323.85,No,0.16072212677442385,16.07,Low,15.64
CUST-01702,57,Male,15,57.81,Month-to-month,1,No,Electronic check,867.15,No,0.38944654643730253,38.94,Low,22.51
CUST-01703,51,Male,4,54.64,One year,0,DSL,Mailed check,218.56,No,0.32708316879273297,32.71,Low,17.87
CUST-01704,29,Female,60,119.13,Two year,1,Fiber optic,Bank transfer,7147.8,No,0.28670428790428126,28.67,Low,34.16
CUST-01705,62,Female,61,53.39,Month-to-month,4,Fiber optic,Electronic check,3256.79,Yes,0.6389615075860621,63.9,Medium,34.11
CUST-01706,74,Male,20,78.01,Month-to-month,2,Fiber optic,Credit card,1560.2,No,0.5223180135373582,52.23,Medium,40.75
CUST-01707,70,Male,10,110.32,Month-to-month,4,Fiber optic,Electronic check,1103.2,Yes,0.8043041585054616,80.43,High,88.73
CUST-01708,24,Male,34,30.35,Two year,3,No,Mailed check,1031.9,Yes,0.6372020897549039,63.72,Medium,19.34
CUST-01709,27,Male,48,97.29,Month-to-month,2,Fiber optic,Bank transfer,4669.92,No,0.4570716000515339,45.71,Medium,44.47
CUST-01710,62,Female,33,96.62,Month-to-month,1,No,Electronic check,3188.46,No,0.4327823121056606,43.28,Medium,41.82
CUST-01711,34,Male,61,108.95,Month-to-month,2,Fiber optic,Mailed check,6645.95,No,0.4972453916602312,49.72,Medium,54.17
CUST-01712,43,Female,10,68.09,Two year,5,Fiber optic,Mailed check,680.9,Yes,0.6563030741320514,65.63,Medium,44.69
CUST-01713,38,Female,54,78.37,Month-to-month,3,Fiber optic,Electronic check,4231.98,No,0.4601934078073005,46.02,Medium,36.07
CUST-01714,45,Male,65,62.9,One year,4,Fiber optic,Bank transfer,4088.5,Yes,0.41244974058730915,41.24,Medium,25.94
CUST-01715,75,Male,1,125.06,Two year,2,Fiber optic,Mailed check,125.06,Yes,0.7931141454214449,79.31,High,99.19
CUST-01716,63,Female,5,36.98,Month-to-month,3,Fiber optic,Credit card,184.9,No,0.6125397763988002,61.25,Medium,22.65
CUST-01717,19,Female,15,145.18,One year,3,Fiber optic,Credit card,2177.7,No,0.4847852652089896,48.48,Medium,70.38
CUST-01718,71,Male,28,102.53,Month-to-month,4,Fiber optic,Bank transfer,2870.84,Yes,0.6662117802924274,66.62,Medium,68.31
CUST-01719,60,Male,23,135.3,Two year,3,Fiber optic,Bank transfer,3111.9,No,0.43478322892683857,43.48,Medium,58.83
CUST-01720,18,Male,17,75.41,One year,4,DSL,Credit card,1281.97,No,0.3605820514959473,36.06,Low,27.19
CUST-01721,68,Female,13,63.2,Two year,3,Fiber optic,Bank transfer,821.6,No,0.3383263520568527,33.83,Low,21.38
CUST-01722,70,Female,14,137.09,Month-to-month,2,Fiber optic,Credit card,1919.26,Yes,0.7019645617467426,70.2,High,96.23
CUST-01723,53,Male,11,32.85,Month-to-month,2,DSL,Electronic check,361.35,Yes,0.6327980406605405,63.28,Medium,20.79
CUST-01724,68,Female,28,35.22,Month-to-month,2,Fiber optic,Credit card,986.16,Yes,0.5749638871078495,57.5,Medium,20.25
CUST-01725,43,Female,42,58.92,Month-to-month,5,No,Bank transfer,2474.64,No,0.5655787492468867,56.56,Medium,33.32
CUST-01726,46,Male,61,144.77,Two year,3,Fiber optic,Electronic check,8830.97,No,0.26974323203650513,26.97,Low,39.05
CUST-01727,38,Male,64,102.3,Month-to-month,3,No,Bank transfer,6547.2,Yes,0.5741064818806914,57.41,Medium,58.73
CUST-01728,28,Female,31,92.05,Month-to-month,1,Fiber optic,Credit card,2853.55,No,0.5033353001937396,50.33,Medium,46.33
CUST-01729,57,Female,10,111.7,Month-to-month,6,DSL,Electronic check,1117.0,Yes,0.8623633928777548,86.24,High,96.33
CUST-01730,28,Male,8,74.27,Month-to-month,2,Fiber optic,Mailed check,594.16,No,0.5952545167464989,59.53,Medium,44.21
CUST-01731,53,Male,21,118.55,Month-to-month,0,Fiber optic,Credit card,2489.55,No,0.41244104223351397,41.24,Medium,48.89
CUST-01732,66,Male,59,71.12,Month-to-month,3,No,Electronic check,4196.08,No,0.4818701971790398,48.19,Medium,34.27
CUST-01733,56,Male,50,127.43,Two year,5,DSL,Mailed check,6371.5,Yes,0.5739238664120776,57.39,Medium,73.14
CUST-01734,57,Male,69,54.75,Month-to-month,5,DSL,Bank transfer,3777.75,Yes,0.6695046012837804,66.95,Medium,36.66
CUST-01735,52,Female,70,56.08,One year,1,DSL,Credit card,3925.6,No,0.19538773721774516,19.54,Low,10.96
CUST-01736,71,Female,30,87.91,Month-to-month,3,DSL,Electronic check,2637.3,No,0.5326912417515415,53.27,Medium,46.83
CUST-01737,51,Female,17,76.0,One year,2,Fiber optic,Mailed check,1292.0,No,0.3715091953301622,37.15,Low,28.23
CUST-01738,72,Female,20,104.26,Month-to-month,3,DSL,Electronic check,2085.2,No,0.5210894969550753,52.11,Medium,54.33
CUST-01739,64,Male,48,67.36,Two year,3,Fiber optic,Electronic check,3233.28,Yes,0.4813071048807679,48.13,Medium,32.42
CUST-01740,41,Male,2,49.97,One year,4,Fiber optic,Credit card,99.94,No,0.5110589902193413,51.11,Medium,25.54
CUST-01741,71,Male,37,81.08,Month-to-month,2,DSL,Bank transfer,2999.96,No,0.5403150943386361,54.03,Medium,43.81
CUST-01742,39,Female,1,92.92,Month-to-month,2,Fiber optic,Mailed check,92.92,No,0.49658204937503714,49.66,Medium,46.14
CUST-01743,22,Female,4,38.54,Month-to-month,5,DSL,Bank transfer,154.16,Yes,0.8124009700071412,81.24,High,31.31
CUST-01744,73,Female,54,92.37,One year,3,DSL,Mailed check,4987.98,No,0.3244970581190648,32.45,Low,29.97
CUST-01745,50,Male,25,61.5,One year,1,Fiber optic,Electronic check,1537.5,No,0.19542086367850514,19.54,Low,12.02
CUST-01746,75,Female,3,71.02,Month-to-month,3,DSL,Mailed check,213.06,Yes,0.7753168064849415,77.53,High,55.06
CUST-01747,53,Male,9,56.31,Month-to-month,0,Fiber optic,Mailed check,506.79,Yes,0.6340872366718283,63.41,Medium,35.71
CUST-01748,64,Male,34,141.08,Two year,2,DSL,Bank transfer,4796.72,No,0.4084425987409924,40.84,Medium,57.62
CUST-01749,37,Male,43,108.83,Two year,3,No,Mailed check,4679.69,No,0.2870362025794989,28.7,Low,31.24
CUST-01750,36,Male,22,54.12,One year,2,Fiber optic,Credit card,1190.64,No,0.32635003473872776,32.64,Low,17.66
CUST-01751,52,Male,70,103.85,Month-to-month,4,DSL,Bank transfer,7269.5,Yes,0.5994628588927046,59.95,Medium,62.25
CUST-01752,69,Male,2,130.31,Two year,5,Fiber optic,Bank transfer,260.62,Yes,0.8477920707338048,84.78,High,110.48
CUST-01753,60,Female,66,72.21,One year,0,DSL,Credit card,4765.86,No,0.16674539348899528,16.67,Low,12.04
CUST-01754,34,Male,32,127.89,Month-to-month,2,DSL,Credit card,4092.48,Yes,0.5870129539151295,58.7,Medium,75.07
CUST-01755,62,Male,16,40.07,Month-to-month,0,Fiber optic,Bank transfer,641.12,No,0.38747540073346554,38.75,Low,15.53
CUST-01756,60,Female,1,126.96,One year,1,Fiber optic,Bank transfer,126.96,No,0.3108936380364296,31.09,Low,39.47
CUST-01757,51,Male,72,90.24,Month-to-month,2,DSL,Bank transfer,6497.28,No,0.45050829884642224,45.05,Medium,40.65
CUST-01758,26,Female,48,48.99,Month-to-month,3,Fiber optic,Electronic check,2351.52,No,0.4205700441483148,42.06,Medium,20.6
CUST-01759,43,Female,50,72.93,Two year,2,No,Mailed check,3646.5,Yes,0.46795123718280907,46.8,Medium,34.13
CUST-01760,19,Female,13,148.44,One year,3,Fiber optic,Credit card,1929.72,Yes,0.6625479653383286,66.25,Medium,98.35
CUST-01761,70,Male,15,121.86,Two year,8,No,Electronic check,1827.9,No,0.24398322379353446,24.4,Low,29.73
CUST-01762,26,Male,53,94.76,Month-to-month,2,No,Electronic check,5022.28,No,0.44705933069702286,44.71,Medium,42.36
CUST-01763,26,Female,44,34.97,Two year,4,Fiber optic,Electronic check,1538.68,Yes,0.5460405460278156,54.6,Medium,19.1
CUST-01764,57,Male,8,74.32,Month-to-month,4,Fiber optic,Mailed check,594.56,No,0.6067674461217828,60.68,Medium,45.09
CUST-01765,34,Male,46,54.2,One year,0,Fiber optic,Electronic check,2493.2,No,0.16252187731244397,16.25,Low,8.81
CUST-01766,18,Female,69,29.23,Month-to-month,1,No,Bank transfer,2016.87,No,0.38338077457336533,38.34,Low,11.21
CUST-01767,42,Female,19,90.49,Month-to-month,3,Fiber optic,Credit card,1719.31,No,0.5157494869331667,51.57,Medium,46.67
CUST-01768,60,Male,38,135.59,Month-to-month,1,DSL,Mailed check,5152.42,Yes,0.6213687864579531,62.14,Medium,84.25
CUST-01769,57,Female,11,107.83,One year,5,Fiber optic,Mailed check,1186.13,Yes,0.7801860026784406,78.02,High,84.13
CUST-01770,59,Female,43,52.46,Month-to-month,2,No,Bank transfer,2255.78,No,0.4440053669311242,44.4,Medium,23.29
CUST-01771,42,Female,20,94.57,Month-to-month,2,Fiber optic,Credit card,1891.4,Yes,0.5310787457682061,53.11,Medium,50.22
CUST-01772,56,Male,20,142.62,Month-to-month,2,Fiber optic,Electronic check,2852.4,Yes,0.594542530888661,59.45,Medium,84.79
CUST-01773,52,Male,21,113.98,Month-to-month,8,Fiber optic,Mailed check,2393.58,No,0.4367500399405707,43.68,Medium,49.78
CUST-01774,20,Male,57,109.63,One year,2,DSL,Credit card,6248.91,No,0.27447191917177705,27.45,Low,30.09
CUST-01775,67,Female,50,145.86,Two year,3,Fiber optic,Mailed check,7293.0,No,0.45883136880852704,45.88,Medium,66.93
CUST-01776,54,Male,26,123.85,Month-to-month,3,DSL,Credit card,3220.1,No,0.5818293529862566,58.18,Medium,72.06
CUST-01777,61,Female,30,37.76,One year,5,Fiber optic,Credit card,1132.8,Yes,0.5473434323851986,54.73,Medium,20.67
CUST-01778,61,Male,31,65.19,Two year,0,Fiber optic,Credit card,2020.89,No,0.22887660954013805,22.89,Low,14.92
CUST-01779,68,Male,42,145.47,One year,2,DSL,Bank transfer,6109.74,No,0.34275191772547253,34.28,Low,49.86
CUST-01780,47,Female,68,83.66,One year,3,DSL,Mailed check,5688.88,No,0.3231361049022608,32.31,Low,27.03
CUST-01781,55,Male,61,34.51,Month-to-month,6,DSL,Electronic check,2105.11,Yes,0.7325970191148943,73.26,High,25.28
CUST-01782,51,Female,61,79.62,Month-to-month,2,Fiber optic,Bank transfer,4856.82,No,0.46994958115311725,46.99,Medium,37.42
CUST-01783,29,Male,70,110.61,Month-to-month,4,DSL,Electronic check,7742.7,No,0.5216166251535651,52.16,Medium,57.7
CUST-01784,36,Male,68,149.68,Month-to-month,5,DSL,Bank transfer,10178.24,No,0.4356660208960913,43.57,Medium,65.21
CUST-01785,54,Female,17,62.11,Two year,1,No,Bank transfer,1055.87,No,0.21555504324493616,21.56,Low,13.39
CUST-01786,61,Female,19,86.83,Month-to-month,2,Fiber optic,Bank transfer,1649.77,No,0.5300352223560069,53.0,Medium,46.02
CUST-01787,66,Female,51,134.36,Month-to-month,2,Fiber optic,Credit card,6852.36,Yes,0.6670842575185675,66.71,Medium,89.63
CUST-01788,34,Male,70,66.18,Two year,5,Fiber optic,Mailed check,4632.6,Yes,0.5939260194866267,59.39,Medium,39.31
CUST-01789,27,Male,63,34.2,Month-to-month,4,DSL,Credit card,2154.6,Yes,0.6395380958231256,63.95,Medium,21.87
CUST-01790,74,Male,30,143.36,Two year,2,DSL,Credit card,4300.8,No,0.40231967789037076,40.23,Medium,57.68
CUST-01791,72,Female,25,83.5,One year,0,Fiber optic,Credit card,2087.5,No,0.22616351357783407,22.62,Low,18.88
CUST-01792,66,Female,71,85.36,Month-to-month,0,Fiber optic,Bank transfer,6060.56,No,0.4381081554165515,43.81,Medium,37.4
CUST-01793,64,Female,26,100.76,One year,1,Fiber optic,Bank transfer,2619.76,No,0.2961390285434612,29.61,Low,29.84
CUST-01794,29,Male,56,20.46,One year,2,Fiber optic,Electronic check,1145.76,No,0.2565275133900759,25.65,Low,5.25
CUST-01795,33,Male,22,141.05,Month-to-month,1,Fiber optic,Mailed check,3103.1,No,0.5231310763698254,52.31,Medium,73.79
CUST-01796,41,Female,19,66.99,Month-to-month,2,DSL,Credit card,1272.81,No,0.5505136876651453,55.05,Medium,36.88
CUST-01797,36,Male,31,71.6,Month-to-month,4,Fiber optic,Credit card,2219.6,No,0.4916454442855054,49.16,Medium,35.2
CUST-01798,25,Female,26,42.63,One year,3,Fiber optic,Credit card,1108.38,No,0.25743971390886733,25.74,Low,10.97
CUST-01799,48,Male,42,69.16,Month-to-month,3,No,Mailed check,2904.72,Yes,0.6194363943659,61.94,Medium,42.84
CUST-01800,38,Male,41,124.51,One year,2,No,Mailed check,5104.91,Yes,0.5386029654944796,53.86,Medium,67.06
CUST-01801,34,Female,23,124.0,Month-to-month,1,DSL,Mailed check,2852.0,No,0.619079275887097,61.91,Medium,76.77
CUST-01802,40,Male,47,141.65,Month-to-month,2,No,Credit card,6657.55,No,0.4993708367246874,49.94,Medium,70.74
CUST-01803,54,Male,13,72.42,Month-to-month,2,No,Mailed check,941.46,Yes,0.6084723813098009,60.85,Medium,44.07
CUST-01804,71,Female,66,112.13,Month-to-month,1,No,Credit card,7400.58,Yes,0.6454471061974767,64.54,Medium,72.37
CUST-01805,33,Female,66,85.94,Month-to-month,1,Fiber optic,Credit card,5672.04,No,0.4138952058469896,41.39,Medium,35.57
CUST-01806,23,Male,16,124.52,Month-to-month,3,No,Mailed check,1992.32,No,0.4527420136310145,45.27,Medium,56.38
CUST-01807,25,Female,28,112.63,Month-to-month,4,Fiber optic,Bank transfer,3153.64,No,0.4843786059566662,48.44,Medium,54.56
CUST-01808,42,Male,35,67.83,Two year,5,No,Credit card,2374.05,No,0.2348980181320635,23.49,Low,15.93
CUST-01809,35,Female,41,63.77,Month-to-month,3,Fiber optic,Credit card,2614.57,No,0.44821428168303346,44.82,Medium,28.58
CUST-01810,42,Male,31,52.82,One year,3,No,Bank transfer,1637.42,No,0.30519411094721394,30.52,Low,16.12
CUST-01811,29,Male,32,94.95,Two year,3,Fiber optic,Mailed check,3038.4,No,0.2640397890156315,26.4,Low,25.07
CUST-01812,32,Female,54,145.3,Two year,3,Fiber optic,Electronic check,7846.2,No,0.23386070349847932,23.39,Low,33.98
CUST-01813,43,Male,72,46.01,Two year,1,No,Bank transfer,3312.72,No,0.24513866040455146,24.51,Low,11.28
CUST-01814,58,Male,59,32.38,Month-to-month,1,Fiber optic,Mailed check,1910.42,No,0.37513551739289613,37.51,Low,12.15
CUST-01815,62,Female,41,35.52,One year,1,DSL,Credit card,1456.32,No,0.2720152046758101,27.2,Low,9.66
CUST-01816,43,Female,66,121.8,Two year,2,DSL,Bank transfer,8038.8,Yes,0.48340888914141344,48.34,Medium,58.88
CUST-01817,64,Male,54,65.51,Two year,5,No,Credit card,3537.54,No,0.26020650415059227,26.02,Low,17.05
CUST-01818,49,Female,40,49.17,One year,1,No,Bank transfer,1966.8,No,0.16860481111666986,16.86,Low,8.29
CUST-01819,27,Female,28,65.87,Month-to-month,3,Fiber optic,Electronic check,1844.36,Yes,0.514915549073341,51.49,Medium,33.92
CUST-01820,33,Male,37,103.89,Two year,3,No,Credit card,3843.93,No,0.2388594270607184,23.89,Low,24.82
CUST-01821,24,Male,65,91.08,Month-to-month,4,DSL,Mailed check,5920.2,Yes,0.6219426019070514,62.19,Medium,56.65
CUST-01822,34,Female,55,116.67,Month-to-month,1,DSL,Bank transfer,6416.85,Yes,0.5767444420750837,57.67,Medium,67.29
CUST-01823,40,Female,4,64.08,Month-to-month,1,Fiber optic,Bank transfer,256.32,Yes,0.7504950109675467,75.05,High,48.09
CUST-01824,43,Female,10,78.76,Month-to-month,2,Fiber optic,Bank transfer,787.6,No,0.6119975463217796,61.2,Medium,48.2
CUST-01825,38,Male,47,33.26,Month-to-month,1,Fiber optic,Credit card,1563.22,No,0.4086934247681138,40.87,Medium,13.59
CUST-01826,39,Male,14,29.5,Month-to-month,6,Fiber optic,Mailed check,413.0,Yes,0.6514062111157777,65.14,Medium,19.22
CUST-01827,75,Male,38,80.09,Two year,1,DSL,Bank transfer,3043.42,No,0.3270445037916282,32.7,Low,26.19
CUST-01828,24,Male,12,59.21,Month-to-month,8,Fiber optic,Credit card,710.52,Yes,0.7500761532588293,75.01,High,44.41
CUST-01829,31,Male,45,99.66,Month-to-month,5,Fiber optic,Credit card,4484.7,No,0.4905840727451104,49.06,Medium,48.89
CUST-01830,32,Male,17,25.59,Two year,1,No,Electronic check,435.03,No,0.15911220467194062,15.91,Low,4.07
CUST-01831,70,Male,35,35.83,Month-to-month,3,Fiber optic,Mailed check,1254.05,No,0.5108724748679471,51.09,Medium,18.3
CUST-01832,24,Female,66,132.47,Month-to-month,4,Fiber optic,Electronic check,8743.02,No,0.5011460179645785,50.11,Medium,66.39
CUST-01833,26,Female,41,93.62,Month-to-month,2,DSL,Bank transfer,3838.42,No,0.4580665102966701,45.81,Medium,42.88
CUST-01834,68,Male,67,112.57,Month-to-month,2,No,Credit card,7542.19,Yes,0.6594619452854906,65.95,Medium,74.24
CUST-01835,65,Male,29,129.46,Month-to-month,2,DSL,Bank transfer,3754.34,Yes,0.5970474731047468,59.7,Medium,77.29
CUST-01836,25,Male,18,80.3,One year,0,DSL,Credit card,1445.4,No,0.18912282667875158,18.91,Low,15.19
CUST-01837,67,Female,20,118.94,Two year,4,DSL,Credit card,2378.8,No,0.31566008787982064,31.57,Low,37.54
CUST-01838,40,Male,14,88.2,One year,2,No,Mailed check,1234.8,Yes,0.6407388017790926,64.07,Medium,56.51
CUST-01839,46,Female,34,48.96,Month-to-month,2,No,Bank transfer,1664.64,No,0.4840972838021406,48.41,Medium,23.7
CUST-01840,35,Female,49,63.9,Month-to-month,2,No,Mailed check,3131.1,Yes,0.6009902282529063,60.1,Medium,38.4
CUST-01841,48,Female,54,83.75,Month-to-month,3,Fiber optic,Credit card,4522.5,No,0.45815747317866157,45.82,Medium,38.37
CUST-01842,47,Female,31,61.2,Month-to-month,2,DSL,Bank transfer,1897.2,Yes,0.5706249590241734,57.06,Medium,34.92
CUST-01843,69,Female,58,63.62,Month-to-month,2,No,Credit card,3689.96,No,0.479903557577616,47.99,Medium,30.53
CUST-01844,56,Male,42,63.86,Two year,4,Fiber optic,Bank transfer,2682.12,Yes,0.4715616252274752,47.16,Medium,30.11
CUST-01845,52,Male,58,35.97,Month-to-month,2,Fiber optic,Bank transfer,2086.26,No,0.45228728530256934,45.23,Medium,16.27
CUST-01846,35,Female,30,31.0,Month-to-month,1,DSL,Electronic check,930.0,No,0.38460425479467736,38.46,Low,11.92
CUST-01847,59,Male,25,26.04,Month-to-month,1,DSL,Electronic check,651.0,No,0.3899982299268131,39.0,Low,10.16
CUST-01848,56,Female,63,34.42,Month-to-month,1,Fiber optic,Mailed check,2168.46,No,0.3969449324851866,39.69,Low,13.66
CUST-01849,34,Female,19,64.68,One year,5,DSL,Credit card,1228.92,Yes,0.6155797658318269,61.56,Medium,39.82
CUST-01850,31,Male,72,97.2,Two year,3,DSL,Mailed check,6998.4,Yes,0.5196531455720114,51.97,Medium,50.51
CUST-01851,48,Male,8,44.46,Month-to-month,6,Fiber optic,Bank transfer,355.68,No,0.6113601716300093,61.14,Medium,27.18
CUST-01852,41,Male,3,135.44,Month-to-month,4,DSL,Mailed check,406.32,Yes,0.8517846524312356,85.18,High,115.37
CUST-01853,52,Male,67,125.09,Two year,3,DSL,Bank transfer,8381.03,No,0.37797073510997486,37.8,Low,47.28
CUST-01854,61,Male,17,87.67,One year,4,No,Mailed check,1490.39,Yes,0.6121137805005766,61.21,Medium,53.66
CUST-01855,62,Female,14,114.15,Two year,0,Fiber optic,Mailed check,1598.1,No,0.17996552337230848,18.0,Low,20.54
CUST-01856,51,Male,9,67.62,Month-to-month,4,Fiber optic,Bank transfer,608.58,Yes,0.752955000114418,75.3,High,50.91
CUST-01857,20,Male,62,24.78,Month-to-month,1,Fiber optic,Bank transfer,1536.36,No,0.3486090770507065,34.86,Low,8.64
CUST-01858,54,Male,21,137.56,Month-to-month,2,DSL,Mailed check,2888.76,No,0.5670655836348996,56.71,Medium,78.01
CUST-01859,60,Female,37,36.61,Month-to-month,2,Fiber optic,Bank transfer,1354.57,No,0.5088891782353823,50.89,Medium,18.63
CUST-01860,57,Male,11,143.23,One year,2,DSL,Mailed check,1575.53,No,0.3407773420834155,34.08,Low,48.81
CUST-01861,43,Female,20,94.34,Month-to-month,2,DSL,Credit card,1886.8,No,0.5414268475045041,54.14,Medium,51.08
CUST-01862,72,Male,35,59.72,Month-to-month,4,DSL,Electronic check,2090.2,Yes,0.7198381893898989,71.98,High,42.99
CUST-01863,40,Male,53,84.42,Month-to-month,1,DSL,Bank transfer,4474.26,No,0.4669882530028811,46.7,Medium,39.42
CUST-01864,61,Female,47,85.21,Two year,3,Fiber optic,Bank transfer,4004.87,No,0.3201094571011746,32.01,Low,27.28
CUST-01865,56,Male,52,23.03,Month-to-month,3,DSL,Mailed check,1197.56,Yes,0.634902185471542,63.49,Medium,14.62
CUST-01866,32,Male,8,66.21,Month-to-month,3,DSL,Bank transfer,529.68,Yes,0.6546893811532906,65.47,Medium,43.35
CUST-01867,73,Female,4,116.18,One year,4,No,Credit card,464.72,No,0.36686624055278066,36.69,Low,42.62
CUST-01868,66,Male,27,86.31,Month-to-month,4,DSL,Electronic check,2330.37,No,0.6064235970346683,60.64,Medium,52.34
CUST-01869,21,Female,44,51.75,Month-to-month,1,DSL,Electronic check,2277.0,No,0.3425290737110299,34.25,Low,17.73
CUST-01870,46,Female,40,63.56,Month-to-month,1,Fiber optic,Bank transfer,2542.4,No,0.4852592789894015,48.53,Medium,30.84
CUST-01871,39,Female,47,132.2,Two year,1,No,Credit card,6213.4,No,0.3355138002261033,33.55,Low,44.35
CUST-01872,42,Female,44,88.32,One year,5,DSL,Electronic check,3886.08,No,0.27982666193978517,27.98,Low,24.71
CUST-01873,30,Female,48,88.69,One year,1,DSL,Electronic check,4257.12,No,0.20488355121926002,20.49,Low,18.17
CUST-01874,35,Male,52,144.99,Two year,6,Fiber optic,Credit card,7539.48,Yes,0.744132563224678,74.41,High,107.89
CUST-01875,50,Male,68,61.71,Two year,1,Fiber optic,Electronic check,4196.28,No,0.2528995353134017,25.29,Low,15.61
CUST-01876,33,Male,11,82.34,One year,3,DSL,Mailed check,905.74,No,0.38095761162714364,38.1,Low,31.37
CUST-01877,62,Female,4,125.52,Month-to-month,4,DSL,Credit card,502.08,Yes,0.772984320845073,77.3,High,97.02
CUST-01878,59,Female,48,118.66,One year,3,DSL,Electronic check,5695.68,No,0.2973629741926441,29.74,Low,35.29
CUST-01879,61,Female,26,54.55,Month-to-month,2,DSL,Credit card,1418.3,Yes,0.5688741267325877,56.89,Medium,31.03
CUST-01880,19,Female,39,39.64,Two year,3,DSL,Bank transfer,1545.96,No,0.24385126270584673,24.39,Low,9.67
CUST-01881,72,Male,58,111.09,One year,3,Fiber optic,Electronic check,6443.22,No,0.32161480345099047,32.16,Low,35.73
CUST-01882,52,Male,19,53.5,Month-to-month,2,DSL,Electronic check,1016.5,No,0.4170129875518723,41.7,Medium,22.31
CUST-01883,59,Female,58,139.95,Month-to-month,3,Fiber optic,Mailed check,8117.1,No,0.5287600448910357,52.88,Medium,74.0
CUST-01884,51,Female,28,36.8,Month-to-month,1,Fiber optic,Mailed check,1030.4,Yes,0.5571334878641544,55.71,Medium,20.5
CUST-01885,47,Male,66,61.38,Month-to-month,1,DSL,Electronic check,4051.08,No,0.3641772166150595,36.42,Low,22.35
CUST-01886,72,Female,10,27.12,Month-to-month,0,Fiber optic,Credit card,271.2,No,0.4711323860042439,47.11,Medium,12.78
CUST-01887,30,Female,58,111.43,Month-to-month,3,No,Electronic check,6462.94,Yes,0.6092341653241745,60.92,Medium,67.89
CUST-01888,30,Female,14,135.86,Month-to-month,4,DSL,Mailed check,1902.04,No,0.49022506736110405,49.02,Medium,66.6
CUST-01889,35,Male,15,102.66,One year,1,DSL,Mailed check,1539.9,No,0.2596868220358821,25.97,Low,26.66
CUST-01890,49,Male,33,141.91,Month-to-month,1,Fiber optic,Electronic check,4683.03,No,0.5020031882084683,50.2,Medium,71.24
CUST-01891,49,Female,17,36.71,Month-to-month,2,DSL,Credit card,624.07,No,0.5259543763033265,52.6,Medium,19.31
CUST-01892,52,Male,24,31.41,Month-to-month,7,No,Electronic check,753.84,Yes,0.7527813998353852,75.28,High,23.64
CUST-01893,56,Female,30,128.99,Two year,3,DSL,Electronic check,3869.7,No,0.22827500408851809,22.83,Low,29.45
CUST-01894,63,Female,62,131.22,Month-to-month,1,Fiber optic,Credit card,8135.64,Yes,0.6617924192834104,66.18,Medium,86.84
CUST-01895,69,Male,13,128.04,Month-to-month,1,DSL,Credit card,1664.52,Yes,0.6771071488145963,67.71,Medium,86.7
CUST-01896,46,Female,62,123.87,One year,2,Fiber optic,Credit card,7679.94,No,0.36642694541951404,36.64,Low,45.39
CUST-01897,66,Female,47,67.09,Month-to-month,3,DSL,Electronic check,3153.23,Yes,0.5610649330013497,56.11,Medium,37.64
CUST-01898,46,Male,16,48.27,Month-to-month,3,Fiber optic,Bank transfer,772.32,Yes,0.47879860308037575,47.88,Medium,23.11
CUST-01899,70,Female,66,140.74,Month-to-month,1,Fiber optic,Credit card,9288.84,No,0.5563960092738544,55.64,Medium,78.31
CUST-01900,61,Female,43,59.91,One year,3,No,Electronic check,2576.13,No,0.23017869893127146,23.02,Low,13.79
CUST-01901,74,Female,8,71.79,One year,3,Fiber optic,Bank transfer,574.32,Yes,0.8110206811439825,81.1,High,58.22
CUST-01902,33,Male,3,110.94,One year,1,Fiber optic,Mailed check,332.82,Yes,0.7758636938088848,77.59,High,86.07
CUST-01903,73,Female,12,58.14,Month-to-month,3,Fiber optic,Bank transfer,697.68,No,0.5705610717725849,57.06,Medium,33.17
CUST-01904,61,Male,16,126.49,One year,2,Fiber optic,Credit card,2023.84,No,0.384471031068935,38.45,Low,48.63
CUST-01905,64,Female,59,29.1,Month-to-month,0,DSL,Credit card,1716.9,Yes,0.5916201050508552,59.16,Medium,17.22
CUST-01906,74,Female,49,122.85,Month-to-month,4,Fiber optic,Credit card,6019.65,Yes,0.7065556252515871,70.66,High,86.8
CUST-01907,27,Female,63,98.24,Month-to-month,1,Fiber optic,Mailed check,6189.12,No,0.41797905414170017,41.8,Medium,41.06
CUST-01908,47,Female,62,94.49,One year,3,No,Credit card,5858.38,No,0.29916504768737373,29.92,Low,28.27
CUST-01909,42,Male,49,79.59,Month-to-month,2,Fiber optic,Credit card,3899.91,Yes,0.4856650560660106,48.57,Medium,38.65
CUST-01910,56,Male,51,56.02,One year,2,DSL,Electronic check,2857.02,No,0.26875361612374177,26.88,Low,15.06
CUST-01911,37,Female,33,80.33,Two year,2,Fiber optic,Electronic check,2650.89,No,0.275927367660867,27.59,Low,22.17
CUST-01912,22,Female,30,78.5,Month-to-month,2,No,Mailed check,2355.0,No,0.538004911034728,53.8,Medium,42.23
CUST-01913,18,Female,59,95.89,Month-to-month,2,Fiber optic,Credit card,5657.51,No,0.35786414251374526,35.79,Low,34.32
CUST-01914,47,Female,15,56.6,Month-to-month,1,No,Electronic check,849.0,Yes,0.5776936553334104,57.77,Medium,32.7
CUST-01915,66,Female,23,30.09,Month-to-month,3,No,Credit card,692.07,Yes,0.6091997070116003,60.92,Medium,18.33
CUST-01916,20,Female,45,38.86,Month-to-month,0,Fiber optic,Credit card,1748.7,No,0.33482802883668006,33.48,Low,13.01
CUST-01917,62,Female,62,110.89,Two year,3,Fiber optic,Bank transfer,6875.18,No,0.3310458362332265,33.1,Low,36.71
CUST-01918,31,Female,71,22.92,Month-to-month,5,Fiber optic,Credit card,1627.32,No,0.48189257168926625,48.19,Medium,11.04
CUST-01919,73,Male,15,131.34,One year,3,Fiber optic,Bank transfer,1970.1,No,0.43438737678798117,43.44,Medium,57.05
CUST-01920,47,Male,46,110.27,Month-to-month,3,DSL,Electronic check,5072.42,Yes,0.6086746293314195,60.87,Medium,67.12
CUST-01921,67,Male,64,119.85,Two year,6,Fiber optic,Credit card,7670.4,No,0.32329276098541376,32.33,Low,38.75
CUST-01922,21,Female,46,128.68,Two year,3,DSL,Bank transfer,5919.28,No,0.29836189735173807,29.84,Low,38.39
CUST-01923,35,Female,56,35.95,One year,1,Fiber optic,Bank transfer,2013.2,No,0.18462232187626473,18.46,Low,6.64
CUST-01924,54,Female,44,126.92,Two year,2,No,Electronic check,5584.48,No,0.24917970808281037,24.92,Low,31.63
CUST-01925,42,Male,29,85.6,Month-to-month,1,Fiber optic,Bank transfer,2482.4,No,0.4990171309446921,49.9,Medium,42.72
CUST-01926,65,Female,62,135.12,Month-to-month,2,DSL,Credit card,8377.44,Yes,0.6676439125554439,66.76,Medium,90.21
CUST-01927,18,Male,52,135.26,One year,3,No,Credit card,7033.52,No,0.27067233405793983,27.07,Low,36.61
CUST-01928,70,Female,54,23.14,One year,0,DSL,Bank transfer,1249.56,No,0.2730232071723324,27.3,Low,6.32
CUST-01929,63,Male,57,69.77,Two year,4,No,Credit card,3976.89,No,0.22773523055570843,22.77,Low,15.89
CUST-01930,32,Male,66,88.43,Month-to-month,5,Fiber optic,Credit card,5836.38,No,0.5298398696365626,52.98,Medium,46.85
CUST-01931,26,Male,22,108.19,Month-to-month,3,Fiber optic,Mailed check,2380.18,No,0.4607878586753873,46.08,Medium,49.85
CUST-01932,32,Female,20,57.2,Month-to-month,3,Fiber optic,Bank transfer,1144.0,Yes,0.5146258167307594,51.46,Medium,29.44
CUST-01933,66,Male,33,52.78,Two year,2,DSL,Electronic check,1741.74,No,0.250676238364449,25.07,Low,13.23
CUST-01934,74,Female,72,69.56,Two year,7,Fiber optic,Electronic check,5008.32,Yes,0.7771327649783463,77.71,High,54.06
CUST-01935,41,Female,25,85.12,One year,4,DSL,Credit card,2128.0,Yes,0.5097317670386092,50.97,Medium,43.39
CUST-01936,21,Female,46,143.65,Month-to-month,2,Fiber optic,Bank transfer,6607.9,Yes,0.6027398854683652,60.27,Medium,86.58
CUST-01937,29,Female,57,119.07,One year,1,Fiber optic,Credit card,6786.99,No,0.3056677575813476,30.57,Low,36.4
CUST-01938,75,Female,5,75.81,One year,2,Fiber optic,Credit card,379.05,Yes,0.7959969546741156,79.6,High,60.34
CUST-01939,54,Male,55,27.07,Month-to-month,3,No,Bank transfer,1488.85,Yes,0.5329627856212579,53.3,Medium,14.43
CUST-01940,54,Female,61,41.91,One year,4,Fiber optic,Electronic check,2556.51,Yes,0.4781902480097011,47.82,Medium,20.04
CUST-01941,60,Female,8,79.27,Month-to-month,5,Fiber optic,Mailed check,634.16,No,0.5595351272993447,55.95,Medium,44.35
CUST-01942,23,Female,16,125.8,Month-to-month,4,No,Mailed check,2012.8,No,0.4446465871461631,44.46,Medium,55.94
CUST-01943,56,Female,48,69.49,Month-to-month,2,DSL,Credit card,3335.52,No,0.5052072979365321,50.52,Medium,35.11
CUST-01944,73,Female,61,90.0,One year,1,Fiber optic,Mailed check,5490.0,No,0.2445051288922673,24.45,Low,22.01
CUST-01945,63,Male,15,135.93,Two year,3,DSL,Electronic check,2038.95,No,0.2361372420995752,23.61,Low,32.1
CUST-01946,41,Male,65,138.79,One year,3,Fiber optic,Credit card,9021.35,No,0.29104375553803064,29.1,Low,40.39
CUST-01947,28,Female,22,48.05,One year,1,No,Bank transfer,1057.1,No,0.19695293747688578,19.7,Low,9.46
CUST-01948,30,Male,3,25.67,Month-to-month,1,No,Mailed check,77.01,Yes,0.723327194944565,72.33,High,18.57
CUST-01949,51,Male,54,59.7,One year,3,Fiber optic,Bank transfer,3223.8,No,0.305049914177669,30.5,Low,18.21
CUST-01950,42,Female,14,110.45,Month-to-month,5,DSL,Electronic check,1546.3,Yes,0.7063341784583727,70.63,High,78.01
CUST-01951,24,Male,36,143.64,One year,2,No,Credit card,5171.04,No,0.2570214082696303,25.7,Low,36.92
CUST-01952,69,Female,67,30.01,Month-to-month,2,No,Bank transfer,2010.67,No,0.5131841535198614,51.32,Medium,15.4
CUST-01953,21,Male,10,23.7,One year,1,Fiber optic,Credit card,237.0,No,0.19055364185284895,19.06,Low,4.52
CUST-01954,25,Male,49,134.94,One year,1,DSL,Mailed check,6612.06,No,0.3093198761973796,30.93,Low,41.74
CUST-01955,37,Male,65,117.26,One year,2,Fiber optic,Credit card,7621.9,No,0.33324774432778925,33.32,Low,39.08
CUST-01956,46,Female,57,148.99,One year,4,DSL,Electronic check,8492.43,No,0.360403946952078,36.04,Low,53.7
CUST-01957,71,Male,27,71.58,Month-to-month,6,No,Credit card,1932.66,No,0.536780393288321,53.68,Medium,38.42
CUST-01958,70,Male,5,74.09,Two year,3,Fiber optic,Credit card,370.45,No,0.34092835202692146,34.09,Low,25.26
CUST-01959,68,Female,71,42.4,Month-to-month,1,Fiber optic,Mailed check,3010.4,No,0.43572455306417196,43.57,Medium,18.47
CUST-01960,62,Female,57,35.06,Two year,4,DSL,Electronic check,1998.42,No,0.17355689838663063,17.36,Low,6.08
CUST-01961,63,Male,15,95.23,One year,4,Fiber optic,Bank transfer,1428.45,Yes,0.5897519324598756,58.98,Medium,56.16
CUST-01962,27,Female,30,67.36,Month-to-month,3,Fiber optic,Credit card,2020.8,Yes,0.5331018016473815,53.31,Medium,35.91
CUST-01963,60,Male,20,30.44,Two year,0,Fiber optic,Credit card,608.8,No,0.1818780870764846,18.19,Low,5.54
CUST-01964,51,Male,37,135.31,One year,4,Fiber optic,Bank transfer,5006.47,No,0.43621079350010983,43.62,Medium,59.02
CUST-01965,74,Female,3,45.79,Two year,0,Fiber optic,Electronic check,137.37,No,0.17497432464534438,17.5,Low,8.01
CUST-01966,43,Female,41,117.32,One year,2,DSL,Bank transfer,4810.12,No,0.3714222922811369,37.14,Low,43.58
CUST-01967,58,Female,39,56.69,Month-to-month,3,Fiber optic,Credit card,2210.91,No,0.5239886836113642,52.4,Medium,29.7
CUST-01968,66,Male,26,125.68,Month-to-month,4,Fiber optic,Credit card,3267.68,No,0.5548690360813897,55.49,Medium,69.74
CUST-01969,75,Female,2,35.39,Month-to-month,1,Fiber optic,Electronic check,70.78,Yes,0.7506487681650761,75.06,High,26.57
CUST-01970,20,Male,23,118.29,Two year,3,Fiber optic,Mailed check,2720.67,No,0.2907955428944953,29.08,Low,34.4
CUST-01971,73,Female,23,32.76,One year,1,DSL,Electronic check,753.48,No,0.3149801339755737,31.5,Low,10.32
CUST-01972,23,Male,16,78.1,Month-to-month,3,Fiber optic,Bank transfer,1249.6,No,0.45060067412306554,45.06,Medium,35.19
CUST-01973,22,Female,9,115.42,One year,3,Fiber optic,Electronic check,1038.78,No,0.3139703807691881,31.4,Low,36.24
CUST-01974,22,Male,13,42.52,One year,6,No,Bank transfer,552.76,Yes,0.7443252538666582,74.43,High,31.65
CUST-01975,71,Female,28,57.14,Month-to-month,6,Fiber optic,Mailed check,1599.92,No,0.5575119473072507,55.75,Medium,31.86
CUST-01976,64,Male,27,132.42,Month-to-month,3,Fiber optic,Mailed check,3575.34,No,0.5958331230095822,59.58,Medium,78.9
CUST-01977,40,Female,51,135.07,Month-to-month,3,Fiber optic,Bank transfer,6888.57,No,0.5833213014979112,58.33,Medium,78.79
CUST-01978,66,Female,64,25.84,Month-to-month,2,Fiber optic,Credit card,1653.76,No,0.5381124825303245,53.81,Medium,13.9
CUST-01979,26,Male,52,41.85,Month-to-month,3,Fiber optic,Bank transfer,2176.2,Yes,0.4794876308732474,47.95,Medium,20.07
CUST-01980,52,Female,38,35.27,Month-to-month,1,DSL,Bank transfer,1340.26,Yes,0.5044357245006312,50.44,Medium,17.79
CUST-01981,37,Male,65,43.36,Two year,1,Fiber optic,Electronic check,2818.4,No,0.19110939877587566,19.11,Low,8.29
CUST-01982,75,Male,18,146.12,Month-to-month,3,DSL,Mailed check,2630.16,Yes,0.6966681428868773,69.67,Medium,101.8
CUST-01983,66,Female,63,91.72,Month-to-month,3,Fiber optic,Electronic check,5778.36,No,0.5184074144831696,51.84,Medium,47.55
CUST-01984,59,Male,51,80.85,Month-to-month,4,Fiber optic,Credit card,4123.35,No,0.5886835230725515,58.87,Medium,47.6
CUST-01985,52,Female,9,147.98,Month-to-month,3,Fiber optic,Credit card,1331.82,Yes,0.8170608619489341,81.71,High,120.91
CUST-01986,67,Female,13,92.4,Month-to-month,3,Fiber optic,Credit card,1201.2,Yes,0.6554935135414848,65.55,Medium,60.57
CUST-01987,35,Male,40,105.95,Month-to-month,4,DSL,Bank transfer,4238.0,Yes,0.6203505781050422,62.04,Medium,65.73
CUST-01988,34,Female,55,63.26,One year,3,Fiber optic,Electronic check,3479.3,No,0.2556484907379923,25.56,Low,16.17
CUST-01989,41,Male,43,69.67,One year,2,Fiber optic,Bank transfer,2995.81,Yes,0.32719389840772395,32.72,Low,22.8
CUST-01990,20,Male,44,97.27,Month-to-month,4,Fiber optic,Credit card,4279.88,No,0.4619340469376372,46.19,Medium,44.93
CUST-01991,49,Female,68,29.07,One year,3,Fiber optic,Mailed check,1976.76,Yes,0.4663263121841789,46.63,Medium,13.56
CUST-01992,52,Female,33,53.26,Month-to-month,3,No,Electronic check,1757.58,No,0.44316111343199033,44.32,Medium,23.6
CUST-01993,55,Male,24,45.59,Month-to-month,4,DSL,Bank transfer,1094.16,No,0.5321627320805746,53.22,Medium,24.26
CUST-01994,30,Male,36,22.07,One year,2,DSL,Electronic check,794.52,No,0.3471893020334292,34.72,Low,7.66
CUST-01995,73,Female,10,89.8,Two year,2,Fiber optic,Bank transfer,898.0,No,0.3584389635901639,35.84,Low,32.19
CUST-01996,64,Female,20,92.94,One year,3,Fiber optic,Mailed check,1858.8,No,0.3454106137762735,34.54,Low,32.1
CUST-01997,42,Female,12,69.91,Month-to-month,2,Fiber optic,Mailed check,838.92,Yes,0.6668605835458946,66.69,Medium,46.62
CUST-01998,26,Female,62,54.93,Two year,4,Fiber optic,Credit card,3405.66,Yes,0.49117104928316574,49.12,Medium,26.98
CUST-01999,21,Male,18,104.77,Month-to-month,4,No,Mailed check,1885.86,Yes,0.687336736787337,68.73,Medium,72.01
CUST-02000,31,Female,63,37.51,Month-to-month,2,DSL,Bank transfer,2363.13,Yes,0.5243093963547687,52.43,Medium,19.67
CUST-02001,54,Male,25,87.42,Month-to-month,3,DSL,Bank transfer,2185.5,No,0.5084420440502283,50.84,Medium,44.45
CUST-02002,51,Male,12,119.85,One year,2,Fiber optic,Credit card,1438.2,No,0.37460087788669,37.46,Low,44.9
CUST-02003,28,Female,21,41.36,Two year,1,DSL,Credit card,868.56,No,0.23338267692213363,23.34,Low,9.65
CUST-02004,58,Male,25,117.92,Month-to-month,2,Fiber optic,Mailed check,2948.0,No,0.5733938475304372,57.34,Medium,67.61
CUST-02005,73,Female,11,118.9,Month-to-month,1,Fiber optic,Mailed check,1307.9,Yes,0.8274669392644318,82.75,High,98.39
CUST-02006,20,Male,64,27.79,One year,1,DSL,Bank transfer,1778.56,No,0.18776017457019875,18.78,Low,5.22
CUST-02007,45,Female,50,22.44,Two year,5,DSL,Bank transfer,1122.0,No,0.26777598539530545,26.78,Low,6.01
CUST-02008,46,Male,62,146.61,Month-to-month,5,Fiber optic,Bank transfer,9089.82,Yes,0.6748739992384855,67.49,Medium,98.94
CUST-02009,26,Male,49,45.14,Two year,6,DSL,Credit card,2211.86,No,0.2989321712552993,29.89,Low,13.49
CUST-02010,20,Female,14,126.88,Month-to-month,1,Fiber optic,Credit card,1776.32,Yes,0.6549719966486198,65.5,Medium,83.1
CUST-02011,42,Female,1,93.04,One year,1,DSL,Credit card,93.04,No,0.26307932028438047,26.31,Low,24.48
CUST-02012,51,Male,25,54.38,Month-to-month,5,DSL,Electronic check,1359.5,No,0.5472915450820117,54.73,Medium,29.76
CUST-02013,29,Male,59,36.9,Month-to-month,1,Fiber optic,Electronic check,2177.1,No,0.34376046363050083,34.38,Low,12.68
CUST-02014,59,Female,72,84.57,One year,4,No,Credit card,6089.04,No,0.2682586041991401,26.83,Low,22.69
CUST-02015,26,Male,69,72.96,Two year,0,No,Mailed check,5034.24,No,0.19922057014096936,19.92,Low,14.54
CUST-02016,32,Female,5,110.86,Month-to-month,4,No,Electronic check,554.3,Yes,0.8443769661835183,84.44,High,93.61
CUST-02017,57,Male,19,137.54,Month-to-month,3,Fiber optic,Mailed check,2613.26,No,0.5651529866085506,56.52,Medium,77.73
CUST-02018,42,Female,23,124.68,Month-to-month,1,DSL,Electronic check,2867.64,Yes,0.6394699522689294,63.95,Medium,79.73
CUST-02019,22,Male,9,55.68,Month-to-month,2,Fiber optic,Bank transfer,501.12,No,0.4168059640254262,41.68,Medium,23.21
CUST-02020,28,Female,50,134.26,One year,1,Fiber optic,Bank transfer,6713.0,Yes,0.6209208769938179,62.09,Medium,83.36
CUST-02021,51,Female,16,128.34,Month-to-month,1,Fiber optic,Bank transfer,2053.44,No,0.6245398392699812,62.45,Medium,80.15
CUST-02022,41,Male,33,140.79,One year,4,DSL,Mailed check,4646.07,No,0.29950367840999276,29.95,Low,42.17
CUST-02023,32,Female,2,79.63,Month-to-month,5,Fiber optic,Electronic check,159.26,Yes,0.901409679072085,90.14,High,71.78
CUST-02024,55,Male,14,119.91,Two year,3,Fiber optic,Electronic check,1678.74,No,0.29537804305191523,29.54,Low,35.42
CUST-02025,25,Female,1,96.92,Month-to-month,5,DSL,Mailed check,96.92,No,0.5038703071646079,50.39,Medium,48.84
CUST-02026,22,Female,58,60.37,Month-to-month,3,Fiber optic,Bank transfer,3501.46,No,0.4214102546847951,42.14,Medium,25.44
CUST-02027,65,Female,16,149.28,Month-to-month,0,Fiber optic,Mailed check,2388.48,No,0.41239416131800066,41.24,Medium,61.56
CUST-02028,43,Male,47,24.98,Two year,1,DSL,Bank transfer,1174.06,No,0.30308797882802824,30.31,Low,7.57
CUST-02029,35,Female,44,41.1,Month-to-month,5,No,Credit card,1808.4,No,0.5350907243424459,53.51,Medium,21.99
CUST-02030,23,Male,14,136.03,Month-to-month,3,Fiber optic,Electronic check,1904.42,Yes,0.5777205019825448,57.77,Medium,78.59
CUST-02031,54,Female,24,27.87,Two year,4,No,Mailed check,668.88,No,0.24537692154308977,24.54,Low,6.84
CUST-02032,65,Male,55,135.29,Two year,3,Fiber optic,Mailed check,7440.95,No,0.351180073961298,35.12,Low,47.51
CUST-02033,30,Male,15,112.98,Two year,2,Fiber optic,Bank transfer,1694.7,No,0.2635250166839096,26.35,Low,29.77
CUST-02034,45,Male,72,24.77,Month-to-month,2,No,Mailed check,1783.44,Yes,0.6835266706259402,68.35,Medium,16.93
CUST-02035,22,Female,34,75.81,Month-to-month,3,Fiber optic,Bank transfer,2577.54,Yes,0.495328016589912,49.53,Medium,37.55
CUST-02036,30,Male,2,118.08,One year,3,DSL,Bank transfer,236.16,No,0.346660965242987,34.67,Low,40.93
CUST-02037,34,Female,27,95.8,Month-to-month,4,DSL,Electronic check,2586.6,No,0.521691775538296,52.17,Medium,49.98
CUST-02038,67,Male,72,141.66,Month-to-month,4,Fiber optic,Bank transfer,10199.52,No,0.4366275392014151,43.66,Medium,61.85
CUST-02039,57,Male,23,132.79,Month-to-month,3,Fiber optic,Bank transfer,3054.17,Yes,0.5839790862669302,58.4,Medium,77.55
CUST-02040,62,Male,68,63.24,Two year,0,Fiber optic,Mailed check,4300.32,Yes,0.5447167532901651,54.47,Medium,34.45
CUST-02041,49,Male,14,31.0,Month-to-month,1,Fiber optic,Mailed check,434.0,No,0.40285534272821766,40.29,Medium,12.49
CUST-02042,46,Female,63,142.75,One year,3,Fiber optic,Bank transfer,8993.25,No,0.39318451550080413,39.32,Low,56.13
CUST-02043,68,Male,65,87.25,Month-to-month,3,Fiber optic,Bank transfer,5671.25,No,0.5129966808387607,51.3,Medium,44.76
CUST-02044,75,Male,68,29.67,One year,2,Fiber optic,Bank transfer,2017.56,No,0.2843412951926979,28.43,Low,8.44
CUST-02045,20,Female,63,126.15,One year,5,Fiber optic,Credit card,7947.45,No,0.2133869105866568,21.34,Low,26.92
CUST-02046,73,Male,64,132.91,Month-to-month,4,Fiber optic,Bank transfer,8506.24,No,0.49148967574972263,49.15,Medium,65.32
CUST-02047,57,Male,32,103.13,Month-to-month,5,Fiber optic,Credit card,3300.16,No,0.530656607327885,53.07,Medium,54.73
CUST-02048,51,Male,13,78.18,One year,0,Fiber optic,Mailed check,1016.34,No,0.27939638917321297,27.94,Low,21.84
CUST-02049,57,Male,66,106.08,Month-to-month,3,No,Electronic check,7001.28,No,0.4452584735101076,44.53,Medium,47.23
CUST-02050,44,Female,19,111.87,One year,4,Fiber optic,Electronic check,2125.53,No,0.32676952005053106,32.68,Low,36.56
CUST-02051,30,Female,24,136.09,One year,3,Fiber optic,Electronic check,3266.16,No,0.3524930067545411,35.25,Low,47.97
CUST-02052,62,Male,11,144.26,One year,3,Fiber optic,Electronic check,1586.86,No,0.4072064148480167,40.72,Medium,58.74
CUST-02053,50,Female,59,86.86,Month-to-month,1,Fiber optic,Mailed check,5124.74,Yes,0.49333644087961515,49.33,Medium,42.85
CUST-02054,23,Female,15,123.8,Month-to-month,2,No,Electronic check,1857.0,No,0.46988875647832484,46.99,Medium,58.17
CUST-02055,41,Male,10,145.39,One year,4,Fiber optic,Mailed check,1453.9,Yes,0.791572049128746,79.16,High,115.09
CUST-02056,36,Female,41,39.66,Month-to-month,7,No,Mailed check,1626.06,Yes,0.7761921066990021,77.62,High,30.78
CUST-02057,33,Male,27,22.37,Two year,5,No,Bank transfer,603.99,No,0.3311018371613044,33.11,Low,7.41
CUST-02058,57,Female,60,132.97,Two year,1,DSL,Bank transfer,7978.2,No,0.3371675687887682,33.72,Low,44.83
CUST-02059,45,Female,52,45.39,Month-to-month,2,No,Electronic check,2360.28,No,0.4288877169021485,42.89,Medium,19.47
CUST-02060,50,Female,28,25.52,Month-to-month,1,DSL,Bank transfer,714.56,No,0.434048435863125,43.4,Medium,11.08
CUST-02061,65,Male,65,40.81,Month-to-month,1,DSL,Credit card,2652.65,Yes,0.5534220992156338,55.34,Medium,22.59
CUST-02062,58,Female,17,69.93,Two year,6,Fiber optic,Credit card,1188.81,No,0.3682286747634365,36.82,Low,25.75
CUST-02063,30,Male,44,48.5,Month-to-month,1,Fiber optic,Mailed check,2134.0,No,0.38263291511188796,38.26,Low,18.56
CUST-02064,60,Male,10,59.68,Month-to-month,2,No,Bank transfer,596.8,No,0.42910946528863936,42.91,Medium,25.61
CUST-02065,62,Female,63,146.79,One year,5,Fiber optic,Electronic check,9247.77,Yes,0.6527784351090461,65.28,Medium,95.82
CUST-02066,42,Male,47,111.57,Month-to-month,2,Fiber optic,Electronic check,5243.79,No,0.45509153348928977,45.51,Medium,50.77
CUST-02067,70,Female,38,112.58,Month-to-month,2,DSL,Credit card,4278.04,Yes,0.6671669237417517,66.72,Medium,75.11
CUST-02068,59,Male,70,32.31,Month-to-month,6,Fiber optic,Bank transfer,2261.7,Yes,0.689370342512387,68.94,Medium,22.27
CUST-02069,53,Male,53,115.17,One year,4,DSL,Credit card,6104.01,No,0.3691726959244851,36.92,Low,42.52
CUST-02070,44,Female,44,116.11,Month-to-month,1,DSL,Bank transfer,5108.84,No,0.5422676235962872,54.23,Medium,62.96
CUST-02071,55,Female,54,105.77,Month-to-month,0,Fiber optic,Electronic check,5711.58,No,0.3901623537670922,39.02,Low,41.27
CUST-02072,24,Female,20,49.7,Two year,1,No,Credit card,994.0,No,0.1670001711409636,16.7,Low,8.3
CUST-02073,22,Female,31,74.99,Month-to-month,1,Fiber optic,Bank transfer,2324.69,No,0.5019200768117781,50.19,Medium,37.64
CUST-02074,60,Male,7,130.02,One year,3,DSL,Electronic check,910.14,No,0.3119372141825614,31.19,Low,40.56
CUST-02075,62,Male,58,107.13,Month-to-month,4,DSL,Bank transfer,6213.54,No,0.5934205857444389,59.34,Medium,63.57
CUST-02076,75,Male,10,115.26,Month-to-month,0,DSL,Electronic check,1152.6,Yes,0.7939943108896031,79.4,High,91.52
CUST-02077,74,Female,10,96.36,Month-to-month,3,DSL,Mailed check,963.6,Yes,0.8026528141839243,80.27,High,77.34
CUST-02078,68,Male,39,78.45,One year,3,Fiber optic,Mailed check,3059.55,Yes,0.44075587788872506,44.08,Medium,34.58
CUST-02079,48,Female,28,118.68,Month-to-month,5,Fiber optic,Bank transfer,3323.04,Yes,0.6377263879173833,63.77,Medium,75.69
CUST-02080,40,Male,30,28.83,Month-to-month,4,DSL,Credit card,864.9,No,0.521750514697069,52.18,Medium,15.04
CUST-02081,59,Female,37,107.51,Month-to-month,2,DSL,Bank transfer,3977.87,Yes,0.6020711496933498,60.21,Medium,64.73
CUST-02082,27,Male,67,149.64,Month-to-month,6,No,Mailed check,10025.88,No,0.36123399325397076,36.12,Low,54.06
CUST-02083,49,Male,43,121.42,Month-to-month,2,Fiber optic,Credit card,5221.06,No,0.5528583352927595,55.29,Medium,67.13
CUST-02084,60,Female,52,57.77,One year,3,DSL,Mailed check,3004.04,No,0.2928973214843987,29.29,Low,16.92
CUST-02085,70,Male,56,56.12,Month-to-month,3,Fiber optic,Mailed check,3142.72,No,0.4889405867817505,48.89,Medium,27.44
CUST-02086,47,Female,68,106.74,One year,1,Fiber optic,Credit card,7258.32,No,0.2043952809352038,20.44,Low,21.82
CUST-02087,56,Male,9,136.46,Month-to-month,2,Fiber optic,Credit card,1228.14,No,0.6806276912013032,68.06,Medium,92.88
CUST-02088,48,Male,23,95.13,Month-to-month,1,No,Mailed check,2187.99,Yes,0.6356491986059835,63.56,Medium,60.47
CUST-02089,35,Female,63,88.56,Two year,5,Fiber optic,Electronic check,5579.28,No,0.28054084956191166,28.05,Low,24.84
CUST-02090,53,Female,61,40.85,Month-to-month,0,Fiber optic,Credit card,2491.85,No,0.35753122102193796,35.75,Low,14.61
CUST-02091,19,Male,40,113.01,Month-to-month,1,Fiber optic,Mailed check,4520.4,No,0.4212729824095074,42.13,Medium,47.61
CUST-02092,31,Male,44,111.3,One year,1,Fiber optic,Credit card,4897.2,Yes,0.3949310163840305,39.49,Low,43.96
CUST-02093,30,Male,24,145.7,Two year,1,No,Credit card,3496.8,No,0.22492575927266747,22.49,Low,32.77
CUST-02094,46,Male,51,59.02,Month-to-month,2,Fiber optic,Mailed check,3010.02,No,0.4981406497347754,49.81,Medium,29.4
CUST-02095,29,Male,58,118.34,Two year,3,Fiber optic,Electronic check,6863.72,No,0.2467267537022832,24.67,Low,29.2
CUST-02096,56,Male,33,76.43,One year,5,No,Bank transfer,2522.19,No,0.2738052612913366,27.38,Low,20.93
CUST-02097,19,Female,16,92.6,Month-to-month,0,Fiber optic,Mailed check,1481.6,No,0.4577813196472899,45.78,Medium,42.39
CUST-02098,49,Female,22,126.14,One year,3,DSL,Electronic check,2775.08,No,0.3483673887781397,34.84,Low,43.94
CUST-02099,30,Female,57,48.86,Month-to-month,2,Fiber optic,Mailed check,2785.02,No,0.5017435317298193,50.17,Medium,24.52
CUST-02100,63,Male,62,64.57,Month-to-month,3,Fiber optic,Electronic check,4003.34,No,0.5083417547919824,50.83,Medium,32.82
CUST-02101,44,Male,71,120.53,Month-to-month,1,Fiber optic,Bank transfer,8557.63,No,0.4683984651546559,46.84,Medium,56.46
CUST-02102,66,Male,72,94.16,One year,3,DSL,Bank transfer,6779.52,No,0.32006190678228846,32.01,Low,30.14
CUST-02103,58,Female,70,32.01,Month-to-month,2,No,Credit card,2240.7,No,0.45428635671214984,45.43,Medium,14.54
CUST-02104,34,Female,30,75.92,Month-to-month,1,Fiber optic,Credit card,2277.6,No,0.5300332176230029,53.0,Medium,40.24
CUST-02105,57,Male,23,96.26,One year,4,Fiber optic,Bank transfer,2213.98,No,0.38459574724446827,38.46,Low,37.02
CUST-02106,48,Male,32,138.24,One year,2,No,Mailed check,4423.68,No,0.3602691291394062,36.03,Low,49.8
CUST-02107,51,Female,57,44.5,Two year,2,Fiber optic,Bank transfer,2536.5,No,0.2684278157570813,26.84,Low,11.95
CUST-02108,41,Female,9,124.77,Month-to-month,1,Fiber optic,Electronic check,1122.93,No,0.6444595198867235,64.45,Medium,80.41
CUST-02109,62,Female,31,36.98,Month-to-month,2,Fiber optic,Electronic check,1146.38,Yes,0.5480845765730147,54.81,Medium,20.27
CUST-02110,52,Male,71,51.49,Month-to-month,3,No,Electronic check,3655.79,No,0.3733824747790368,37.34,Low,19.23
CUST-02111,65,Male,9,51.63,One year,2,Fiber optic,Bank transfer,464.67,No,0.4762154750446058,47.62,Medium,24.59
CUST-02112,23,Male,13,134.07,Month-to-month,2,No,Credit card,1742.91,No,0.3911091681539409,39.11,Low,52.44
CUST-02113,36,Female,58,45.87,Two year,6,Fiber optic,Electronic check,2660.46,No,0.22085411758529924,22.09,Low,10.13
CUST-02114,47,Female,3,122.3,Month-to-month,4,Fiber optic,Electronic check,366.9,Yes,0.818309060418638,81.83,High,100.08
CUST-02115,24,Male,35,80.03,Two year,2,Fiber optic,Bank transfer,2801.05,No,0.25496655461669,25.5,Low,20.4
CUST-02116,27,Male,21,149.88,One year,2,Fiber optic,Electronic check,3147.48,No,0.34422442769079503,34.42,Low,51.59
CUST-02117,58,Female,64,129.08,Two year,4,Fiber optic,Bank transfer,8261.12,No,0.29459820813862664,29.46,Low,38.03
CUST-02118,49,Male,52,116.16,Month-to-month,4,No,Credit card,6040.32,Yes,0.7429123525587293,74.29,High,86.3
CUST-02119,51,Female,34,133.19,One year,3,Fiber optic,Electronic check,4528.46,Yes,0.5778947981441693,57.79,Medium,76.97
CUST-02120,45,Female,35,102.42,Month-to-month,6,Fiber optic,Electronic check,3584.7,No,0.5168267116114906,51.68,Medium,52.93
CUST-02121,32,Male,15,129.67,Month-to-month,3,Fiber optic,Electronic check,1945.05,No,0.5265373326904836,52.65,Medium,68.28
CUST-02122,47,Female,6,53.95,Month-to-month,2,DSL,Bank transfer,323.7,No,0.5392886854430087,53.93,Medium,29.09
CUST-02123,54,Male,32,32.7,One year,1,DSL,Bank transfer,1046.4,No,0.1871812462856823,18.72,Low,6.12
CUST-02124,46,Female,52,100.07,Month-to-month,1,DSL,Mailed check,5203.64,No,0.5065256313428919,50.65,Medium,50.69
CUST-02125,39,Female,28,76.51,Two year,1,DSL,Credit card,2142.28,No,0.30489654035157276,30.49,Low,23.33
CUST-02126,21,Male,64,75.44,Month-to-month,6,Fiber optic,Mailed check,4828.16,Yes,0.7347748906936216,73.48,High,55.43
CUST-02127,37,Female,19,88.48,Month-to-month,4,Fiber optic,Mailed check,1681.12,No,0.5461091737309873,54.61,Medium,48.32
CUST-02128,49,Male,15,66.98,Month-to-month,5,Fiber optic,Mailed check,1004.7,No,0.549170325813091,54.92,Medium,36.78
CUST-02129,53,Male,6,101.39,One year,0,Fiber optic,Bank transfer,608.34,No,0.3290821987626304,32.91,Low,33.37
CUST-02130,67,Female,38,23.97,Month-to-month,0,Fiber optic,Electronic check,910.86,Yes,0.5356925704895316,53.57,Medium,12.84
CUST-02131,21,Male,26,146.09,Two year,1,DSL,Electronic check,3798.34,No,0.2066122713270707,20.66,Low,30.18
CUST-02132,44,Male,51,140.21,Month-to-month,0,DSL,Bank transfer,7150.71,Yes,0.5701097695601927,57.01,Medium,79.94
CUST-02133,34,Male,53,141.59,Two year,1,Fiber optic,Mailed check,7504.27,No,0.2620327836805346,26.2,Low,37.1
CUST-02134,29,Male,56,67.45,Month-to-month,1,DSL,Credit card,3777.2,Yes,0.5419236807689074,54.19,Medium,36.55
CUST-02135,39,Male,59,89.15,Month-to-month,2,Fiber optic,Bank transfer,5259.85,Yes,0.5068459839564677,50.68,Medium,45.19
CUST-02136,34,Male,70,144.04,One year,5,DSL,Mailed check,10082.8,No,0.28888587674823785,28.89,Low,41.61
CUST-02137,27,Female,58,137.3,Two year,2,Fiber optic,Bank transfer,7963.4,Yes,0.5466132660873275,54.66,Medium,75.05
CUST-02138,71,Male,13,122.73,Month-to-month,3,Fiber optic,Electronic check,1595.49,Yes,0.6882463994238132,68.82,Medium,84.47
CUST-02139,18,Female,43,72.95,Two year,3,Fiber optic,Electronic check,3136.85,Yes,0.5442599561935821,54.43,Medium,39.7
CUST-02140,39,Female,51,93.36,Month-to-month,2,DSL,Electronic check,4761.36,No,0.44523715758076093,44.52,Medium,41.57
CUST-02141,43,Male,19,123.08,One year,2,DSL,Mailed check,2338.52,Yes,0.5680149548428781,56.8,Medium,69.91
CUST-02142,73,Female,21,55.49,Month-to-month,4,Fiber optic,Bank transfer,1165.29,Yes,0.6479641003224097,64.8,Medium,35.96
CUST-02143,35,Female,24,101.44,Month-to-month,2,No,Mailed check,2434.56,No,0.5752816780392677,57.53,Medium,58.36
CUST-02144,67,Male,26,127.63,Month-to-month,5,DSL,Bank transfer,3318.38,No,0.5581692001194245,55.82,Medium,71.24
CUST-02145,31,Male,45,111.97,Two year,1,DSL,Credit card,5038.65,Yes,0.5316647251894744,53.17,Medium,59.53
CUST-02146,64,Male,28,82.33,Two year,4,DSL,Electronic check,2305.24,No,0.2876214776594101,28.76,Low,23.68
CUST-02147,46,Female,29,96.0,Month-to-month,2,Fiber optic,Credit card,2784.0,Yes,0.5623129715796454,56.23,Medium,53.98
CUST-02148,29,Female,17,148.53,Two year,3,No,Electronic check,2525.01,No,0.2404159186357844,24.04,Low,35.71
CUST-02149,53,Male,68,98.26,Month-to-month,1,DSL,Credit card,6681.68,No,0.45310576320608864,45.31,Medium,44.52
CUST-02150,52,Male,44,122.13,One year,2,Fiber optic,Mailed check,5373.72,Yes,0.49017953765547473,49.02,Medium,59.87
CUST-02151,69,Female,61,114.46,Month-to-month,5,Fiber optic,Electronic check,6982.06,No,0.5664021377896924,56.64,Medium,64.83
CUST-02152,29,Female,68,111.19,One year,4,Fiber optic,Mailed check,7560.92,No,0.3152143506544913,31.52,Low,35.05
CUST-02153,24,Female,25,113.13,Month-to-month,4,Fiber optic,Mailed check,2828.25,Yes,0.5636169154657957,56.36,Medium,63.76
CUST-02154,46,Female,67,79.07,Month-to-month,7,DSL,Bank transfer,5297.69,Yes,0.6642483052231503,66.42,Medium,52.52
CUST-02155,28,Male,2,81.64,One year,1,Fiber optic,Electronic check,163.28,Yes,0.7044418954302296,70.44,High,57.51
CUST-02156,50,Female,49,80.82,Two year,1,Fiber optic,Credit card,3960.18,No,0.250461666911256,25.05,Low,20.24
CUST-02157,23,Female,70,24.32,One year,5,No,Credit card,1702.4,No,0.2831159175035544,28.31,Low,6.89
CUST-02158,64,Female,26,51.34,Two year,1,Fiber optic,Electronic check,1334.84,Yes,0.471985370883287,47.2,Medium,24.23
CUST-02159,32,Female,72,40.09,Two year,1,DSL,Bank transfer,2886.48,No,0.19167035721404335,19.17,Low,7.68
CUST-02160,49,Male,27,135.24,Month-to-month,1,Fiber optic,Electronic check,3651.48,No,0.5092751940918697,50.93,Medium,68.87
CUST-02161,68,Male,18,55.75,Month-to-month,7,Fiber optic,Mailed check,1003.5,No,0.5023531781770681,50.24,Medium,28.01
CUST-02162,28,Female,54,38.0,One year,2,Fiber optic,Bank transfer,2052.0,No,0.28362965890131114,28.36,Low,10.78
CUST-02163,75,Female,1,35.57,Two year,0,Fiber optic,Mailed check,35.57,No,0.1699911933148858,17.0,Low,6.05
CUST-02164,40,Male,61,111.0,Two year,2,DSL,Electronic check,6771.0,Yes,0.4961175234536908,49.61,Medium,55.07
CUST-02165,43,Male,3,20.79,One year,4,DSL,Bank transfer,62.37,No,0.3296664748302771,32.97,Low,6.85
CUST-02166,51,Female,68,81.27,One year,5,Fiber optic,Electronic check,5526.36,No,0.3161673073674958,31.62,Low,25.69
CUST-02167,63,Female,41,35.45,One year,3,DSL,Electronic check,1453.45,Yes,0.48768084663056244,48.77,Medium,17.29
CUST-02168,51,Male,37,130.46,Month-to-month,3,Fiber optic,Bank transfer,4827.02,Yes,0.5842631380391216,58.43,Medium,76.22
CUST-02169,46,Male,51,144.6,Month-to-month,2,Fiber optic,Bank transfer,7374.6,Yes,0.6158431089559239,61.58,Medium,89.05
CUST-02170,21,Male,15,144.64,One year,4,DSL,Electronic check,2169.6,No,0.3168123829621967,31.68,Low,45.82
CUST-02171,34,Male,8,77.46,Two year,0,Fiber optic,Credit card,619.68,No,0.15187491945790274,15.19,Low,11.76
CUST-02172,52,Male,38,103.79,Two year,2,DSL,Bank transfer,3944.02,No,0.32520395845943384,32.52,Low,33.75
CUST-02173,30,Male,56,97.96,Month-to-month,5,Fiber optic,Credit card,5485.76,No,0.5003346843046882,50.03,Medium,49.01
CUST-02174,58,Female,47,65.51,One year,7,DSL,Credit card,3078.97,Yes,0.7198254400661607,71.98,High,47.16
CUST-02175,56,Male,10,77.73,Two year,1,DSL,Credit card,777.3,No,0.2239536148645647,22.4,Low,17.41
CUST-02176,32,Male,49,28.36,One year,3,Fiber optic,Credit card,1389.64,No,0.285191475674544,28.52,Low,8.09
CUST-02177,72,Male,41,123.44,Month-to-month,0,Fiber optic,Mailed check,5061.04,No,0.3889730375670672,38.9,Low,48.01
CUST-02178,46,Male,30,51.3,One year,5,DSL,Electronic check,1539.0,No,0.2765676706244075,27.66,Low,14.19
CUST-02179,46,Female,5,79.87,One year,2,DSL,Bank transfer,399.35,No,0.4908979004043846,49.09,Medium,39.21
CUST-02180,28,Female,71,82.48,One year,5,No,Electronic check,5856.08,No,0.24450683162078496,24.45,Low,20.17
CUST-02181,69,Male,31,92.89,One year,1,Fiber optic,Electronic check,2879.59,No,0.23524220980794164,23.52,Low,21.85
CUST-02182,49,Female,52,126.32,Two year,3,Fiber optic,Electronic check,6568.64,No,0.25193701146295144,25.19,Low,31.82
CUST-02183,19,Female,23,109.94,Month-to-month,0,DSL,Electronic check,2528.62,Yes,0.641990842556906,64.2,Medium,70.58
CUST-02184,64,Female,48,106.2,Month-to-month,1,No,Electronic check,5097.6,No,0.3810390761943101,38.1,Low,40.47
CUST-02185,31,Female,40,88.48,One year,2,DSL,Bank transfer,3539.2,Yes,0.4300341798089546,43.0,Medium,38.05
CUST-02186,37,Female,6,32.47,Month-to-month,1,Fiber optic,Electronic check,194.82,Yes,0.6881646991167933,68.82,Medium,22.34
CUST-02187,39,Female,38,72.26,Two year,1,Fiber optic,Electronic check,2745.88,No,0.30464890117419735,30.46,Low,22.01
CUST-02188,28,Male,41,144.45,Month-to-month,2,Fiber optic,Electronic check,5922.45,No,0.5104737127513711,51.05,Medium,73.74
CUST-02189,44,Male,27,149.42,Month-to-month,3,Fiber optic,Mailed check,4034.34,No,0.49722949239807085,49.72,Medium,74.3
CUST-02190,20,Male,69,114.96,Two year,1,Fiber optic,Credit card,7932.24,No,0.2596452349585072,25.96,Low,29.85
CUST-02191,34,Male,57,49.58,Month-to-month,1,Fiber optic,Mailed check,2826.06,No,0.40470650572818995,40.47,Medium,20.07
CUST-02192,61,Male,17,33.25,Two year,5,Fiber optic,Electronic check,565.25,No,0.20085145493774353,20.09,Low,6.68
CUST-02193,73,Female,71,73.92,One year,1,No,Mailed check,5248.32,No,0.3680732105755737,36.81,Low,27.21
CUST-02194,45,Male,47,131.35,Month-to-month,4,Fiber optic,Bank transfer,6173.45,No,0.5624861112049462,56.25,Medium,73.88
CUST-02195,46,Male,13,113.84,Two year,2,DSL,Bank transfer,1479.92,No,0.253617404406882,25.36,Low,28.87
CUST-02196,38,Female,11,134.91,Month-to-month,3,Fiber optic,Bank transfer,1484.01,Yes,0.7938039681277425,79.38,High,107.09
CUST-02197,64,Female,24,100.05,Month-to-month,6,Fiber optic,Credit card,2401.2,No,0.5596144259173806,55.96,Medium,55.99
CUST-02198,33,Male,4,36.94,Month-to-month,0,Fiber optic,Bank transfer,147.76,Yes,0.7861465526569286,78.61,High,29.04
CUST-02199,54,Female,46,34.92,Month-to-month,1,Fiber optic,Credit card,1606.32,No,0.4109904461780689,41.1,Medium,14.35
CUST-02200,37,Female,18,26.24,Two year,2,DSL,Bank transfer,472.32,No,0.2518614742817012,25.19,Low,6.61
CUST-02201,23,Female,43,93.72,One year,4,DSL,Mailed check,4029.96,No,0.298238870496858,29.82,Low,27.95
CUST-02202,36,Female,33,51.58,Month-to-month,0,DSL,Mailed check,1702.14,No,0.5136498652348324,51.36,Medium,26.49
CUST-02203,74,Male,10,115.47,One year,3,Fiber optic,Mailed check,1154.7,No,0.4601409237122302,46.01,Medium,53.13
CUST-02204,22,Female,59,109.21,One year,5,No,Mailed check,6443.39,No,0.3414982919144937,34.15,Low,37.3
CUST-02205,20,Male,31,61.35,Two year,0,Fiber optic,Credit card,1901.85,No,0.12575814672383592,12.58,Low,7.72
CUST-02206,18,Male,28,42.98,Month-to-month,2,DSL,Bank transfer,1203.44,No,0.4307912567095218,43.08,Medium,18.52
CUST-02207,75,Female,60,33.31,Two year,4,Fiber optic,Electronic check,1998.6,No,0.28698012961650754,28.7,Low,9.56
CUST-02208,55,Female,3,115.85,Month-to-month,3,Fiber optic,Mailed check,347.55,No,0.6649962562083155,66.5,Medium,77.04
CUST-02209,32,Female,55,78.56,One year,3,Fiber optic,Bank transfer,4320.8,No,0.3461521175189063,34.62,Low,27.19
CUST-02210,51,Male,14,62.06,Two year,3,Fiber optic,Bank transfer,868.84,Yes,0.4801997779863473,48.02,Medium,29.8
CUST-02211,52,Female,58,131.36,Month-to-month,0,Fiber optic,Bank transfer,7618.88,No,0.44672181167419667,44.67,Medium,58.68
CUST-02212,66,Female,15,97.17,Month-to-month,6,Fiber optic,Electronic check,1457.55,Yes,0.6917568072035774,69.18,Medium,67.22
CUST-02213,42,Female,2,87.34,Month-to-month,2,DSL,Mailed check,174.68,No,0.6339941835416825,63.4,Medium,55.37
CUST-02214,41,Female,24,116.64,Month-to-month,5,Fiber optic,Credit card,2799.36,Yes,0.6039078188272626,60.39,Medium,70.44
CUST-02215,29,Female,64,126.03,Month-to-month,5,Fiber optic,Credit card,8065.92,No,0.4765038447678081,47.65,Medium,60.05
CUST-02216,35,Male,71,109.19,One year,2,Fiber optic,Electronic check,7752.49,Yes,0.5163854377247247,51.64,Medium,56.38
CUST-02217,32,Female,24,77.2,Month-to-month,3,Fiber optic,Electronic check,1852.8,No,0.47509022382090355,47.51,Medium,36.68
CUST-02218,61,Female,27,69.31,Month-to-month,3,Fiber optic,Credit card,1871.37,No,0.535247965698336,53.52,Medium,37.1
CUST-02219,33,Female,37,120.32,Month-to-month,2,DSL,Credit card,4451.84,No,0.6007973055604219,60.08,Medium,72.29
CUST-02220,44,Male,39,87.33,Month-to-month,6,Fiber optic,Mailed check,3405.87,No,0.6312660669443788,63.13,Medium,55.13
CUST-02221,25,Female,63,111.57,Month-to-month,3,Fiber optic,Credit card,7028.91,No,0.40386904293423054,40.39,Medium,45.06
CUST-02222,63,Male,26,135.75,One year,3,Fiber optic,Credit card,3529.5,No,0.426912317648948,42.69,Medium,57.95
CUST-02223,42,Male,65,139.07,Month-to-month,3,No,Credit card,9039.55,No,0.47999344481828404,48.0,Medium,66.75
CUST-02224,34,Female,4,56.1,Two year,2,Fiber optic,Electronic check,224.4,No,0.25062171008500134,25.06,Low,14.06
CUST-02225,46,Female,29,44.43,Month-to-month,3,Fiber optic,Credit card,1288.47,No,0.5202630501093143,52.03,Medium,23.12
CUST-02226,70,Female,1,53.97,Two year,3,Fiber optic,Credit card,53.97,No,0.3079627685894867,30.8,Low,16.62
CUST-02227,25,Male,50,117.68,Month-to-month,2,DSL,Mailed check,5884.0,No,0.49166787066083456,49.17,Medium,57.86
CUST-02228,32,Male,11,68.11,One year,1,Fiber optic,Bank transfer,749.21,No,0.2924036239610267,29.24,Low,19.92
CUST-02229,44,Male,59,42.54,One year,1,DSL,Electronic check,2509.86,Yes,0.3616205763631404,36.16,Low,15.38
CUST-02230,63,Male,62,32.79,Two year,2,Fiber optic,Electronic check,2032.98,No,0.25805272242497235,25.81,Low,8.46
CUST-02231,67,Male,36,62.55,One year,0,DSL,Mailed check,2251.8,No,0.263240820833954,26.32,Low,16.47
CUST-02232,69,Male,56,37.7,Two year,0,Fiber optic,Credit card,2111.2,No,0.13524101779249184,13.52,Low,5.1
CUST-02233,24,Female,21,40.33,One year,5,No,Bank transfer,846.93,No,0.32651654076985953,32.65,Low,13.17
CUST-02234,20,Female,13,108.9,One year,3,DSL,Mailed check,1415.7,No,0.3380534339089969,33.81,Low,36.81
CUST-02235,46,Male,9,22.57,Two year,3,Fiber optic,Bank transfer,203.13,No,0.30603807483127476,30.6,Low,6.91
CUST-02236,61,Female,11,35.28,One year,1,No,Credit card,388.08,Yes,0.6913173594080756,69.13,Medium,24.39
CUST-02237,70,Female,70,129.77,Month-to-month,2,Fiber optic,Bank transfer,9083.9,Yes,0.601654027105827,60.17,Medium,78.08
CUST-02238,41,Male,1,129.84,Month-to-month,3,Fiber optic,Mailed check,129.84,Yes,0.7598642530471709,75.99,High,98.66
CUST-02239,75,Male,70,62.8,Two year,3,DSL,Credit card,4396.0,No,0.32702483585004205,32.7,Low,20.54
CUST-02240,20,Female,56,31.43,Month-to-month,2,DSL,Electronic check,1760.08,No,0.3570281490013473,35.7,Low,11.22
CUST-02241,37,Male,31,111.65,One year,2,Fiber optic,Bank transfer,3461.15,No,0.3465735920796889,34.66,Low,38.69
CUST-02242,63,Male,37,66.82,Month-to-month,3,No,Credit card,2472.34,Yes,0.569738327384692,56.97,Medium,38.07
CUST-02243,32,Female,47,25.91,Month-to-month,0,Fiber optic,Credit card,1217.77,No,0.3513238507068278,35.13,Low,9.1
CUST-02244,42,Male,47,40.52,One year,1,No,Mailed check,1904.44,No,0.22172953667995188,22.17,Low,8.98
CUST-02245,47,Female,69,37.84,One year,3,Fiber optic,Credit card,2610.96,No,0.33685065593404806,33.69,Low,12.75
CUST-02246,31,Female,58,96.59,Month-to-month,1,Fiber optic,Mailed check,5602.22,No,0.43023373134541854,43.02,Medium,41.56
CUST-02247,24,Female,36,136.76,Month-to-month,1,Fiber optic,Electronic check,4923.36,No,0.5046375122108263,50.46,Medium,69.01
CUST-02248,34,Female,32,123.1,Month-to-month,2,Fiber optic,Bank transfer,3939.2,No,0.5842059809627871,58.42,Medium,71.92
CUST-02249,61,Female,64,91.05,One year,2,No,Electronic check,5827.2,No,0.21705080900232077,21.71,Low,19.76
CUST-02250,37,Male,71,74.88,Month-to-month,5,DSL,Mailed check,5316.48,Yes,0.6898662550432099,68.99,Medium,51.66
CUST-02251,53,Male,42,100.43,One year,6,DSL,Electronic check,4218.06,No,0.3363812800332349,33.64,Low,33.78
CUST-02252,26,Male,48,77.7,One year,4,Fiber optic,Bank transfer,3729.6,No,0.2958190884135811,29.58,Low,22.99
CUST-02253,55,Male,30,51.99,Two year,4,DSL,Electronic check,1559.7,No,0.21930117169690733,21.93,Low,11.4
CUST-02254,65,Female,21,108.3,Month-to-month,2,DSL,Credit card,2274.3,Yes,0.6780989411246516,67.81,Medium,73.44
CUST-02255,74,Female,60,133.52,Month-to-month,2,Fiber optic,Bank transfer,8011.2,No,0.5503522962092244,55.04,Medium,73.48
CUST-02256,39,Male,13,68.47,Month-to-month,3,DSL,Electronic check,890.11,No,0.4486677961912368,44.87,Medium,30.72
CUST-02257,71,Female,1,129.4,Month-to-month,4,Fiber optic,Bank transfer,129.4,No,0.43422607186428497,43.42,Medium,56.19
CUST-02258,70,Male,65,76.04,Month-to-month,4,Fiber optic,Electronic check,4942.6,Yes,0.6886113548633002,68.86,Medium,52.36
CUST-02259,70,Male,33,72.17,Two year,2,Fiber optic,Credit card,2381.61,Yes,0.4488076122725674,44.88,Medium,32.39
CUST-02260,19,Male,38,23.68,Month-to-month,2,DSL,Mailed check,899.84,Yes,0.5958636271976153,59.59,Medium,14.11
CUST-02261,41,Female,25,110.39,Month-to-month,1,Fiber optic,Electronic check,2759.75,No,0.4778598952688164,47.79,Medium,52.75
CUST-02262,25,Female,26,124.98,Month-to-month,0,Fiber optic,Bank transfer,3249.48,No,0.4220409071997306,42.2,Medium,52.75
CUST-02263,28,Female,59,106.26,Two year,1,DSL,Electronic check,6269.34,No,0.28983222136178116,28.98,Low,30.8
CUST-02264,30,Female,33,39.68,Month-to-month,2,Fiber optic,Mailed check,1309.44,Yes,0.5913181147251444,59.13,Medium,23.46
CUST-02265,34,Male,41,33.43,Month-to-month,6,Fiber optic,Credit card,1370.63,No,0.505651919498473,50.57,Medium,16.9
CUST-02266,25,Female,30,94.47,Month-to-month,3,DSL,Credit card,2834.1,No,0.4940261684466066,49.4,Medium,46.67
CUST-02267,38,Female,57,72.2,One year,3,DSL,Mailed check,4115.4,No,0.35101446644987205,35.1,Low,25.34
CUST-02268,35,Female,49,75.78,Two year,6,Fiber optic,Credit card,3713.22,No,0.3315171624957313,33.15,Low,25.12
CUST-02269,47,Male,48,145.81,Month-to-month,1,Fiber optic,Electronic check,6998.88,No,0.5094759007239157,50.95,Medium,74.29
CUST-02270,35,Male,72,114.11,Month-to-month,3,Fiber optic,Bank transfer,8215.92,Yes,0.6075917590553271,60.76,Medium,69.33
CUST-02271,63,Female,49,73.53,Month-to-month,1,Fiber optic,Electronic check,3602.97,No,0.4331021563915857,43.31,Medium,31.85
CUST-02272,64,Female,47,22.48,One year,1,Fiber optic,Mailed check,1056.56,Yes,0.5827265928898225,58.27,Medium,13.1
CUST-02273,48,Female,56,24.43,Month-to-month,6,Fiber optic,Electronic check,1368.08,Yes,0.6990462144934235,69.9,Medium,17.08
CUST-02274,55,Female,65,109.02,Two year,1,No,Electronic check,7086.3,No,0.18916967173023272,18.92,Low,20.62
CUST-02275,49,Male,12,128.91,Month-to-month,4,DSL,Mailed check,1546.92,No,0.5329640004947186,53.3,Medium,68.7
CUST-02276,28,Female,69,112.0,Month-to-month,1,DSL,Bank transfer,7728.0,No,0.42841981199325363,42.84,Medium,47.98
CUST-02277,62,Female,6,72.77,Month-to-month,3,DSL,Credit card,436.62,No,0.5418048782416671,54.18,Medium,39.43
CUST-02278,42,Female,65,24.05,Two year,5,DSL,Mailed check,1563.25,No,0.3224368225631504,32.24,Low,7.75
CUST-02279,50,Male,25,145.76,One year,1,Fiber optic,Credit card,3644.0,No,0.356213339817317,35.62,Low,51.92
CUST-02280,55,Male,1,148.22,Two year,2,Fiber optic,Credit card,148.22,No,0.30132341432300647,30.13,Low,44.66
CUST-02281,58,Female,32,91.42,Month-to-month,8,No,Mailed check,2925.44,Yes,0.7638611503947044,76.39,High,69.83
CUST-02282,25,Female,3,29.19,Month-to-month,2,Fiber optic,Bank transfer,87.57,Yes,0.7466473418358027,74.66,High,21.79
CUST-02283,28,Female,49,90.33,One year,3,Fiber optic,Mailed check,4426.17,No,0.33756184867066047,33.76,Low,30.49
CUST-02284,39,Female,19,136.0,Month-to-month,2,Fiber optic,Mailed check,2584.0,No,0.6274650574005832,62.75,Medium,85.34
CUST-02285,68,Female,60,108.4,One year,3,Fiber optic,Electronic check,6504.0,No,0.4041995052688465,40.42,Medium,43.82
CUST-02286,41,Male,29,113.6,Month-to-month,5,Fiber optic,Electronic check,3294.4,No,0.5252311534277982,52.52,Medium,59.67
CUST-02287,58,Male,50,31.05,Month-to-month,2,Fiber optic,Mailed check,1552.5,No,0.5054900897162786,50.55,Medium,15.7
CUST-02288,34,Male,2,33.85,Month-to-month,3,Fiber optic,Electronic check,67.7,No,0.6056191865104043,60.56,Medium,20.5
CUST-02289,29,Female,56,36.56,One year,4,DSL,Bank transfer,2047.36,No,0.33970547761983055,33.97,Low,12.42
CUST-02290,74,Male,17,137.57,Month-to-month,2,Fiber optic,Electronic check,2338.69,Yes,0.6533001829028261,65.33,Medium,89.87
CUST-02291,63,Male,60,88.36,Two year,2,Fiber optic,Bank transfer,5301.6,No,0.300494542662551,30.05,Low,26.55
CUST-02292,49,Male,36,122.9,Month-to-month,1,DSL,Credit card,4424.4,Yes,0.6162913361061514,61.63,Medium,75.74
CUST-02293,32,Female,61,34.99,Two year,1,Fiber optic,Credit card,2134.39,No,0.1675290834793363,16.75,Low,5.86
CUST-02294,33,Female,17,140.59,Month-to-month,3,DSL,Bank transfer,2390.03,Yes,0.6498285383305777,64.98,Medium,91.36
CUST-02295,71,Male,49,126.75,Month-to-month,5,Fiber optic,Credit card,6210.75,Yes,0.7234845708989335,72.35,High,91.7
CUST-02296,39,Female,60,49.22,Two year,1,DSL,Bank transfer,2953.2,No,0.21302102333435366,21.3,Low,10.48
CUST-02297,45,Male,20,133.64,Month-to-month,1,DSL,Mailed check,2672.8,Yes,0.6515559441204094,65.16,Medium,87.07
CUST-02298,37,Male,50,54.25,One year,3,DSL,Electronic check,2712.5,Yes,0.38493480304939726,38.49,Low,20.88
CUST-02299,50,Male,3,46.69,One year,6,No,Credit card,140.07,Yes,0.8660200554716749,86.6,High,40.43
CUST-02300,27,Male,43,54.35,Month-to-month,0,DSL,Credit card,2337.05,No,0.40652662737378675,40.65,Medium,22.09
CUST-02301,57,Female,57,138.29,One year,2,DSL,Mailed check,7882.53,Yes,0.5202518195819902,52.03,Medium,71.95
CUST-02302,49,Female,50,139.03,Two year,0,Fiber optic,Electronic check,6951.5,No,0.18727027397760476,18.73,Low,26.04
CUST-02303,67,Female,68,62.77,Month-to-month,2,Fiber optic,Electronic check,4268.36,No,0.5395040973299778,53.95,Medium,33.86
CUST-02304,50,Female,50,111.71,One year,1,DSL,Bank transfer,5585.5,No,0.25311570185523447,25.31,Low,28.28
CUST-02305,19,Male,37,107.85,One year,1,Fiber optic,Credit card,3990.45,No,0.22588861146685596,22.59,Low,24.36
CUST-02306,50,Female,46,124.85,Month-to-month,3,DSL,Electronic check,5743.1,No,0.6004868653416137,60.05,Medium,74.97
CUST-02307,50,Male,42,58.55,Month-to-month,1,Fiber optic,Credit card,2459.1,No,0.41931722012329575,41.93,Medium,24.55
CUST-02308,58,Female,15,86.32,Month-to-month,1,Fiber optic,Credit card,1294.8,No,0.5281341167602984,52.81,Medium,45.59
CUST-02309,30,Female,33,106.8,One year,4,DSL,Credit card,3524.4,No,0.35504387563693546,35.5,Low,37.92
CUST-02310,47,Female,11,23.41,Two year,4,No,Credit card,257.51,No,0.22617314054093612,22.62,Low,5.29
CUST-02311,50,Male,20,68.98,One year,2,DSL,Bank transfer,1379.6,No,0.3777728226724625,37.78,Low,26.06
CUST-02312,30,Male,24,110.47,Month-to-month,2,Fiber optic,Electronic check,2651.28,No,0.41202315193657213,41.2,Medium,45.52
CUST-02313,69,Male,64,52.84,Month-to-month,3,Fiber optic,Credit card,3381.76,No,0.5431442085775202,54.31,Medium,28.7
CUST-02314,43,Male,65,144.5,Two year,1,DSL,Electronic check,9392.5,No,0.26063812962219246,26.06,Low,37.66
CUST-02315,39,Female,17,23.92,Month-to-month,6,DSL,Mailed check,406.64,Yes,0.7118891235899044,71.19,High,17.03
CUST-02316,56,Male,61,144.55,Two year,1,No,Mailed check,8817.55,Yes,0.6719795223042009,67.2,Medium,97.13
CUST-02317,19,Male,15,48.18,One year,4,Fiber optic,Electronic check,722.7,No,0.2821456404420576,28.21,Low,13.59
CUST-02318,55,Female,51,26.35,Month-to-month,3,DSL,Bank transfer,1343.85,Yes,0.5361830139530365,53.62,Medium,14.13
CUST-02319,56,Female,27,58.02,Month-to-month,6,DSL,Bank transfer,1566.54,Yes,0.6511330549475564,65.11,Medium,37.78
CUST-02320,43,Male,61,122.22,Month-to-month,3,No,Mailed check,7455.42,Yes,0.6640335681549601,66.4,Medium,81.16
CUST-02321,63,Female,58,117.82,One year,6,Fiber optic,Credit card,6833.56,Yes,0.7155724592921306,71.56,High,84.31
CUST-02322,75,Male,31,47.15,Two year,4,DSL,Mailed check,1461.65,No,0.31210130858160007,31.21,Low,14.72
CUST-02323,67,Female,12,45.58,One year,2,No,Credit card,546.96,No,0.4046767949683452,40.47,Medium,18.45
CUST-02324,32,Male,46,103.54,Month-to-month,3,Fiber optic,Mailed check,4762.84,No,0.44045074374815785,44.05,Medium,45.6
CUST-02325,51,Male,31,79.55,Month-to-month,6,Fiber optic,Mailed check,2466.05,Yes,0.6236513693850052,62.37,Medium,49.61
CUST-02326,59,Male,32,123.0,One year,3,Fiber optic,Bank transfer,3936.0,No,0.3879144214778355,38.79,Low,47.71
CUST-02327,72,Male,32,23.14,Month-to-month,1,Fiber optic,Electronic check,740.48,No,0.3861830131279868,38.62,Low,8.94
CUST-02328,61,Male,53,99.35,One year,2,DSL,Electronic check,5265.55,No,0.2587333979444582,25.87,Low,25.71
CUST-02329,66,Female,61,114.99,Month-to-month,2,No,Mailed check,7014.39,Yes,0.6821534232946471,68.22,Medium,78.44
CUST-02330,57,Male,46,149.14,Month-to-month,3,No,Bank transfer,6860.44,Yes,0.6606201377590794,66.06,Medium,98.52
CUST-02331,28,Male,7,108.24,Month-to-month,2,DSL,Credit card,757.68,Yes,0.7525433358932748,75.25,High,81.46
CUST-02332,20,Male,4,50.14,Month-to-month,6,Fiber optic,Mailed check,200.56,No,0.5070410552142323,50.7,Medium,25.42
CUST-02333,23,Male,52,34.06,One year,1,No,Credit card,1771.12,No,0.16749402631061563,16.75,Low,5.7
CUST-02334,26,Male,31,103.32,Month-to-month,3,Fiber optic,Credit card,3202.92,Yes,0.48801656158774914,48.8,Medium,50.42
CUST-02335,23,Female,36,88.01,Two year,6,Fiber optic,Bank transfer,3168.36,Yes,0.5085838264102629,50.86,Medium,44.76
CUST-02336,26,Female,54,136.89,One year,1,Fiber optic,Bank transfer,7392.06,Yes,0.6253474460209387,62.53,Medium,85.6
CUST-02337,56,Male,54,114.46,Month-to-month,2,Fiber optic,Electronic check,6180.84,Yes,0.5686515075974885,56.87,Medium,65.09
CUST-02338,48,Female,17,86.27,Month-to-month,5,Fiber optic,Bank transfer,1466.59,No,0.5299355400372233,52.99,Medium,45.72
CUST-02339,49,Male,30,72.47,One year,3,Fiber optic,Mailed check,2174.1,No,0.34001447989014155,34.0,Low,24.64
CUST-02340,58,Female,22,72.57,Month-to-month,2,Fiber optic,Mailed check,1596.54,Yes,0.5958311383224335,59.58,Medium,43.24
CUST-02341,67,Female,43,49.42,Two year,1,Fiber optic,Credit card,2125.06,No,0.25415525293500935,25.42,Low,12.56
CUST-02342,29,Male,27,22.25,One year,2,DSL,Electronic check,600.75,Yes,0.502552565026512,50.26,Medium,11.18
CUST-02343,25,Female,37,94.74,Month-to-month,2,Fiber optic,Credit card,3505.38,No,0.421760423215279,42.18,Medium,39.96
CUST-02344,25,Female,46,47.61,One year,4,DSL,Credit card,2190.06,No,0.36949942013328513,36.95,Low,17.59
CUST-02345,67,Male,35,47.08,Month-to-month,3,Fiber optic,Electronic check,1647.8,Yes,0.5565879344155997,55.66,Medium,26.2
CUST-02346,45,Male,4,36.3,Month-to-month,4,DSL,Credit card,145.2,Yes,0.8423666665878841,84.24,High,30.58
CUST-02347,37,Female,26,44.65,Two year,4,Fiber optic,Electronic check,1160.9,No,0.25763258353147256,25.76,Low,11.5
CUST-02348,64,Female,19,24.13,Month-to-month,3,Fiber optic,Credit card,458.47,No,0.5084346318558842,50.84,Medium,12.27
CUST-02349,24,Female,45,107.65,One year,2,Fiber optic,Credit card,4844.25,No,0.27114007626558645,27.11,Low,29.19
CUST-02350,28,Male,26,72.18,Two year,1,DSL,Electronic check,1876.68,Yes,0.5070889344764775,50.71,Medium,36.6
CUST-02351,37,Female,22,93.0,Month-to-month,2,DSL,Mailed check,2046.0,Yes,0.6241959470275353,62.42,Medium,58.05
CUST-02352,33,Female,58,102.8,Month-to-month,2,No,Credit card,5962.4,No,0.4663144834658132,46.63,Medium,47.94
CUST-02353,21,Female,63,146.42,Month-to-month,2,Fiber optic,Credit card,9224.46,No,0.4646261243995527,46.46,Medium,68.03
CUST-02354,23,Male,28,28.87,Month-to-month,4,DSL,Mailed check,808.36,Yes,0.6188293415854439,61.88,Medium,17.87
CUST-02355,75,Male,65,74.33,Month-to-month,3,No,Electronic check,4831.45,No,0.4032758911960734,40.33,Medium,29.98
CUST-02356,39,Male,44,51.97,Two year,2,DSL,Electronic check,2286.68,No,0.3230813905049836,32.31,Low,16.79
CUST-02357,43,Male,43,81.97,Two year,4,Fiber optic,Mailed check,3524.71,No,0.32602840613838735,32.6,Low,26.72
CUST-02358,20,Female,37,139.66,One year,2,Fiber optic,Electronic check,5167.42,Yes,0.6337830005866063,63.38,Medium,88.51
CUST-02359,58,Male,66,114.12,Month-to-month,1,DSL,Bank transfer,7531.92,Yes,0.5721328142537881,57.21,Medium,65.29
CUST-02360,59,Female,17,106.05,Two year,3,DSL,Credit card,1802.85,No,0.29175870892873024,29.18,Low,30.94
CUST-02361,31,Female,40,77.36,Month-to-month,1,Fiber optic,Electronic check,3094.4,No,0.39395908272991015,39.4,Low,30.48
CUST-02362,28,Female,38,107.24,Month-to-month,1,Fiber optic,Mailed check,4075.12,No,0.47004419461975516,47.0,Medium,50.41
CUST-02363,35,Female,61,24.21,Month-to-month,2,Fiber optic,Credit card,1476.81,No,0.39187875840179826,39.19,Low,9.49
CUST-02364,71,Male,9,96.21,Month-to-month,5,Fiber optic,Mailed check,865.89,Yes,0.8325972610825843,83.26,High,80.1
CUST-02365,29,Male,61,91.99,Two year,3,DSL,Electronic check,5611.39,No,0.3152713707234987,31.53,Low,29.0
CUST-02366,40,Male,16,65.06,One year,0,Fiber optic,Mailed check,1040.96,Yes,0.5090798218879765,50.91,Medium,33.12
CUST-02367,29,Male,2,46.2,One year,3,DSL,Mailed check,92.4,No,0.38085832713550277,38.09,Low,17.6
CUST-02368,30,Male,72,124.98,One year,2,DSL,Credit card,8998.56,No,0.35372128752359416,35.37,Low,44.21
CUST-02369,42,Female,43,27.0,One year,2,Fiber optic,Credit card,1161.0,No,0.3438567038127557,34.39,Low,9.28
CUST-02370,62,Male,42,29.06,Month-to-month,6,No,Electronic check,1220.52,Yes,0.7806294281052938,78.06,High,22.69
CUST-02371,68,Male,57,77.27,Month-to-month,0,Fiber optic,Mailed check,4404.39,No,0.3134639569934337,31.35,Low,24.22
CUST-02372,75,Male,67,52.83,Two year,3,DSL,Mailed check,3539.61,No,0.2488664650464339,24.89,Low,13.15
CUST-02373,36,Male,30,116.91,Month-to-month,2,No,Electronic check,3507.3,No,0.4790922335468691,47.91,Medium,56.01
CUST-02374,72,Female,13,102.44,Two year,1,Fiber optic,Mailed check,1331.72,No,0.2795540475358148,27.96,Low,28.64
CUST-02375,63,Female,19,120.43,Month-to-month,3,Fiber optic,Mailed check,2288.17,Yes,0.7026313136873505,70.26,High,84.62
CUST-02376,53,Female,7,62.21,Month-to-month,3,No,Mailed check,435.47,Yes,0.7242416181630199,72.42,High,45.06
CUST-02377,62,Female,9,116.27,Month-to-month,0,DSL,Mailed check,1046.43,No,0.40647639152303305,40.65,Medium,47.26
CUST-02378,25,Female,54,132.1,Two year,6,Fiber optic,Bank transfer,7133.4,No,0.3134996754554593,31.35,Low,41.41
CUST-02379,46,Male,61,64.89,Month-to-month,2,No,Electronic check,3958.29,No,0.43099290582950306,43.1,Medium,27.97
CUST-02380,72,Female,2,64.19,One year,4,DSL,Electronic check,128.38,Yes,0.8635895298621097,86.36,High,55.43
CUST-02381,70,Female,50,136.99,Month-to-month,1,Fiber optic,Mailed check,6849.5,Yes,0.6679305593714838,66.79,Medium,91.5
CUST-02382,72,Female,31,26.47,One year,3,DSL,Electronic check,820.57,Yes,0.6755464198015961,67.55,Medium,17.88
CUST-02383,49,Male,33,65.52,Month-to-month,4,No,Bank transfer,2162.16,No,0.5885166519636598,58.85,Medium,38.56
CUST-02384,68,Male,11,35.43,Month-to-month,3,Fiber optic,Mailed check,389.73,No,0.5121789569463576,51.22,Medium,18.15
CUST-02385,61,Female,33,23.77,Month-to-month,5,DSL,Credit card,784.41,Yes,0.7005423152328214,70.05,High,16.65
CUST-02386,35,Male,7,34.67,Month-to-month,0,Fiber optic,Bank transfer,242.69,Yes,0.738276938590173,73.83,High,25.6
CUST-02387,23,Male,31,76.06,Month-to-month,3,Fiber optic,Credit card,2357.86,Yes,0.4870828175938762,48.71,Medium,37.05
CUST-02388,35,Female,48,109.3,One year,4,Fiber optic,Electronic check,5246.4,No,0.30507158716083843,30.51,Low,33.34
CUST-02389,36,Male,47,57.61,Month-to-month,1,Fiber optic,Electronic check,2707.67,No,0.3594685202228326,35.95,Low,20.71
CUST-02390,39,Male,53,130.46,Month-to-month,0,DSL,Electronic check,6914.38,Yes,0.563257487816649,56.33,Medium,73.48
CUST-02391,54,Male,19,76.89,Month-to-month,3,Fiber optic,Mailed check,1460.91,No,0.5083078304858323,50.83,Medium,39.08
CUST-02392,49,Female,6,145.87,Month-to-month,0,DSL,Bank transfer,875.22,No,0.45307825302181554,45.31,Medium,66.09
CUST-02393,73,Female,49,144.04,Month-to-month,3,Fiber optic,Bank transfer,7057.96,Yes,0.6652242169299719,66.52,Medium,95.82
CUST-02394,58,Female,50,120.53,Month-to-month,0,Fiber optic,Mailed check,6026.5,No,0.5020372794185113,50.2,Medium,60.51
CUST-02395,20,Male,12,141.21,Month-to-month,2,Fiber optic,Mailed check,1694.52,No,0.373789713569988,37.38,Low,52.78
CUST-02396,45,Female,23,111.92,Month-to-month,4,Fiber optic,Electronic check,2574.16,Yes,0.6205915698568738,62.06,Medium,69.46
CUST-02397,27,Male,54,136.43,One year,4,Fiber optic,Bank transfer,7367.22,No,0.3435534680535918,34.36,Low,46.87
CUST-02398,68,Male,69,50.74,One year,3,No,Electronic check,3501.06,No,0.22906005262633716,22.91,Low,11.62
CUST-02399,52,Male,59,64.9,Month-to-month,2,Fiber optic,Bank transfer,3829.1,No,0.47217581425520017,47.22,Medium,30.64
CUST-02400,46,Female,36,117.88,Month-to-month,2,Fiber optic,Mailed check,4243.68,Yes,0.6597376032447773,65.97,Medium,77.77
CUST-02401,71,Female,3,75.19,Month-to-month,4,Fiber optic,Electronic check,225.57,Yes,0.8595099499473163,85.95,High,64.63
CUST-02402,32,Female,58,128.85,Month-to-month,2,Fiber optic,Bank transfer,7473.3,No,0.5301936558459197,53.02,Medium,68.32
CUST-02403,50,Female,55,134.09,Month-to-month,3,DSL,Mailed check,7374.95,Yes,0.6225041554130454,62.25,Medium,83.47
CUST-02404,24,Male,57,58.96,One year,3,Fiber optic,Credit card,3360.72,No,0.23559536627158867,23.56,Low,13.89
CUST-02405,29,Female,17,127.05,Month-to-month,1,Fiber optic,Electronic check,2159.85,Yes,0.5768035365016867,57.68,Medium,73.28
CUST-02406,66,Male,39,40.05,Two year,0,Fiber optic,Bank transfer,1561.95,No,0.1452161090436574,14.52,Low,5.82
CUST-02407,47,Female,68,63.45,Month-to-month,4,DSL,Bank transfer,4314.6,No,0.5188359441097713,51.88,Medium,32.92
CUST-02408,38,Female,55,87.34,One year,4,Fiber optic,Electronic check,4803.7,No,0.2927926880503227,29.28,Low,25.57
CUST-02409,48,Female,45,49.44,One year,5,DSL,Bank transfer,2224.8,No,0.32408294240516755,32.41,Low,16.02
CUST-02410,75,Male,1,95.3,Month-to-month,5,No,Credit card,95.3,Yes,0.8319890147697124,83.2,High,79.29
CUST-02411,41,Male,21,95.23,Month-to-month,1,Fiber optic,Credit card,1999.83,No,0.4661715358958695,46.62,Medium,44.39
CUST-02412,37,Male,21,46.9,One year,4,Fiber optic,Bank transfer,984.9,Yes,0.4638358762630693,46.38,Medium,21.75
CUST-02413,54,Male,52,123.43,Two year,1,DSL,Electronic check,6418.36,Yes,0.533572984961888,53.36,Medium,65.86
CUST-02414,21,Male,43,102.11,Month-to-month,2,DSL,Bank transfer,4390.73,No,0.44734788277101956,44.73,Medium,45.68
CUST-02415,45,Female,52,61.31,Month-to-month,7,DSL,Bank transfer,3188.12,No,0.6196534679172072,61.97,Medium,37.99
CUST-02416,61,Male,67,50.18,Month-to-month,3,DSL,Credit card,3362.06,Yes,0.5713132713933804,57.13,Medium,28.67
CUST-02417,37,Male,44,134.24,Month-to-month,5,No,Mailed check,5906.56,Yes,0.730703097733068,73.07,High,98.09
CUST-02418,41,Male,32,128.65,Two year,2,Fiber optic,Mailed check,4116.8,No,0.30226973398991475,30.23,Low,38.89
CUST-02419,67,Male,10,49.87,One year,3,Fiber optic,Bank transfer,498.7,Yes,0.6736345081477627,67.36,Medium,33.59
CUST-02420,66,Female,64,24.63,Month-to-month,2,DSL,Electronic check,1576.32,Yes,0.5805634138103157,58.06,Medium,14.3
CUST-02421,68,Male,69,124.59,Month-to-month,4,Fiber optic,Credit card,8596.71,Yes,0.6723874225829319,67.24,Medium,83.77
CUST-02422,49,Female,68,100.02,Month-to-month,3,Fiber optic,Mailed check,6801.36,No,0.4752134242369523,47.52,Medium,47.53
CUST-02423,58,Female,28,33.11,Two year,3,Fiber optic,Bank transfer,927.08,No,0.34089415634216763,34.09,Low,11.29
CUST-02424,53,Female,53,96.36,Two year,3,DSL,Electronic check,5107.08,No,0.2551124327663494,25.51,Low,24.58
CUST-02425,75,Male,51,78.78,Month-to-month,0,No,Credit card,4017.78,No,0.3398652900033808,33.99,Low,26.77
CUST-02426,70,Female,53,120.69,Month-to-month,2,Fiber optic,Mailed check,6396.57,No,0.6130606936753817,61.31,Medium,73.99
CUST-02427,51,Male,4,47.18,Two year,3,Fiber optic,Mailed check,188.72,No,0.20041406226625694,20.04,Low,9.46
CUST-02428,53,Male,17,78.91,Month-to-month,2,Fiber optic,Mailed check,1341.47,Yes,0.5507222370771804,55.07,Medium,43.46
CUST-02429,19,Male,67,40.31,Month-to-month,1,Fiber optic,Electronic check,2700.77,No,0.3248606102798817,32.49,Low,13.1
CUST-02430,32,Male,47,144.48,Month-to-month,1,Fiber optic,Electronic check,6790.56,Yes,0.5559248481106477,55.59,Medium,80.32
CUST-02431,51,Male,56,121.24,Month-to-month,2,No,Electronic check,6789.44,No,0.4410580095383989,44.11,Medium,53.47
CUST-02432,53,Female,23,115.77,Month-to-month,3,Fiber optic,Bank transfer,2662.71,No,0.5860021839793251,58.6,Medium,67.84
CUST-02433,23,Female,18,109.73,Two year,4,DSL,Credit card,1975.14,Yes,0.6013077601681651,60.13,Medium,65.98
CUST-02434,56,Male,1,75.03,One year,1,Fiber optic,Bank transfer,75.03,No,0.31191287931126427,31.19,Low,23.4
CUST-02435,59,Female,35,140.03,Month-to-month,0,DSL,Credit card,4901.05,No,0.5013676878984917,50.14,Medium,70.21
CUST-02436,68,Male,64,29.48,Month-to-month,7,No,Electronic check,1886.72,Yes,0.8094259432717651,80.94,High,23.86
CUST-02437,68,Female,58,124.42,One year,0,DSL,Mailed check,7216.36,No,0.16063118426082118,16.06,Low,19.99
CUST-02438,75,Female,59,47.98,Month-to-month,1,DSL,Electronic check,2830.82,No,0.395658540471348,39.57,Low,18.98
CUST-02439,71,Female,1,62.12,Month-to-month,0,Fiber optic,Bank transfer,62.12,No,0.3558570045045414,35.59,Low,22.11
CUST-02440,29,Female,3,87.53,Month-to-month,5,Fiber optic,Electronic check,262.59,Yes,0.8939250832375529,89.39,High,78.25
CUST-02441,20,Female,67,121.75,One year,3,DSL,Electronic check,8157.25,No,0.2906949082953204,29.07,Low,35.39
CUST-02442,62,Male,37,129.01,Month-to-month,3,Fiber optic,Electronic check,4773.37,No,0.605372641253639,60.54,Medium,78.1
CUST-02443,35,Male,29,95.89,Month-to-month,2,No,Mailed check,2780.81,No,0.5703499790754569,57.03,Medium,54.69
CUST-02444,57,Female,33,72.39,Month-to-month,5,Fiber optic,Credit card,2388.87,Yes,0.6468385197475208,64.68,Medium,46.82
CUST-02445,38,Male,61,143.05,Month-to-month,0,Fiber optic,Credit card,8726.05,No,0.3757138927512695,37.57,Low,53.75
CUST-02446,32,Female,4,52.05,Two year,0,DSL,Bank transfer,208.2,No,0.17538088179278213,17.54,Low,9.13
CUST-02447,50,Male,14,124.4,One year,0,DSL,Credit card,1741.6,No,0.23741373865239637,23.74,Low,29.53
CUST-02448,52,Female,33,99.57,Month-to-month,3,Fiber optic,Electronic check,3285.81,No,0.481662672623184,48.17,Medium,47.96
CUST-02449,43,Female,22,69.0,Month-to-month,4,Fiber optic,Mailed check,1518.0,Yes,0.6208414946887663,62.08,Medium,42.84
CUST-02450,25,Female,48,20.18,One year,1,Fiber optic,Electronic check,968.64,Yes,0.5823877576642291,58.24,Medium,11.75
CUST-02451,53,Male,3,78.06,Month-to-month,2,Fiber optic,Electronic check,234.18,No,0.6579836248679232,65.8,Medium,51.36
CUST-02452,65,Male,23,55.97,One year,3,Fiber optic,Bank transfer,1287.31,No,0.4026604586265559,40.27,Medium,22.54
CUST-02453,47,Female,68,33.57,Month-to-month,3,Fiber optic,Electronic check,2282.76,No,0.4650812511134371,46.51,Medium,15.61
CUST-02454,40,Female,21,29.77,Month-to-month,2,DSL,Electronic check,625.17,No,0.3938047643451375,39.38,Low,11.72
CUST-02455,59,Male,43,65.18,Two year,3,No,Bank transfer,2802.74,No,0.24712850322556368,24.71,Low,16.11
CUST-02456,61,Male,26,99.92,Month-to-month,2,DSL,Credit card,2597.92,No,0.5197740283351783,51.98,Medium,51.94
CUST-02457,31,Male,41,128.88,Month-to-month,2,Fiber optic,Credit card,5284.08,No,0.5209465021439856,52.09,Medium,67.14
CUST-02458,31,Male,38,43.86,One year,2,DSL,Credit card,1666.68,Yes,0.46360415081581524,46.36,Medium,20.33
CUST-02459,19,Male,11,75.2,Two year,1,Fiber optic,Bank transfer,827.2,Yes,0.5643737050559046,56.44,Medium,42.44
CUST-02460,72,Female,29,70.95,One year,1,Fiber optic,Bank transfer,2057.55,No,0.30871645246949836,30.87,Low,21.9
CUST-02461,54,Male,60,86.74,One year,0,Fiber optic,Mailed check,5204.4,No,0.17105844904352374,17.11,Low,14.84
CUST-02462,22,Female,67,125.25,Month-to-month,3,Fiber optic,Mailed check,8391.75,Yes,0.5473417167760914,54.73,Medium,68.55
CUST-02463,55,Female,65,91.97,Month-to-month,3,Fiber optic,Electronic check,5978.05,No,0.45443774105127005,45.44,Medium,41.79
CUST-02464,62,Male,61,130.07,Month-to-month,2,No,Electronic check,7934.27,No,0.454576542479831,45.46,Medium,59.13
CUST-02465,58,Male,19,87.41,One year,2,DSL,Bank transfer,1660.79,No,0.37696801220919357,37.7,Low,32.95
CUST-02466,71,Female,46,98.5,Month-to-month,3,Fiber optic,Bank transfer,4531.0,Yes,0.5686066794191024,56.86,Medium,56.01
CUST-02467,64,Male,49,76.86,Month-to-month,3,Fiber optic,Mailed check,3766.14,No,0.4956929509084394,49.57,Medium,38.1
CUST-02468,31,Female,22,127.0,Two year,5,Fiber optic,Electronic check,2794.0,Yes,0.5982170208398809,59.82,Medium,75.97
CUST-02469,73,Male,57,140.1,Month-to-month,3,No,Electronic check,7985.7,No,0.41091997501742955,41.09,Medium,57.57
CUST-02470,56,Male,14,103.09,Month-to-month,1,DSL,Electronic check,1443.26,No,0.39819224520352636,39.82,Low,41.05
CUST-02471,42,Male,44,126.7,Month-to-month,4,Fiber optic,Credit card,5574.8,Yes,0.6434759644398244,64.35,Medium,81.53
CUST-02472,37,Female,16,27.67,Month-to-month,2,Fiber optic,Mailed check,442.72,No,0.5667635540798925,56.68,Medium,15.68
CUST-02473,19,Male,12,137.79,Month-to-month,3,Fiber optic,Credit card,1653.48,No,0.43109389980128715,43.11,Medium,59.4
CUST-02474,56,Female,55,44.56,Month-to-month,2,No,Electronic check,2450.8,No,0.4046762345392633,40.47,Medium,18.03
CUST-02475,23,Male,51,53.35,Month-to-month,7,Fiber optic,Bank transfer,2720.85,Yes,0.6482996473958907,64.83,Medium,34.59
CUST-02476,34,Female,39,26.93,Month-to-month,1,No,Mailed check,1050.27,No,0.3923274507601676,39.23,Low,10.57
CUST-02477,42,Male,33,145.5,Month-to-month,3,No,Credit card,4801.5,No,0.4820561471289791,48.21,Medium,70.14
CUST-02478,74,Female,33,130.76,Month-to-month,1,Fiber optic,Electronic check,4315.08,Yes,0.6422326452806467,64.22,Medium,83.98
CUST-02479,45,Female,29,138.71,Month-to-month,1,Fiber optic,Credit card,4022.59,Yes,0.7033885221614692,70.34,High,97.57
CUST-02480,19,Female,69,130.14,Month-to-month,1,DSL,Bank transfer,8979.66,No,0.404375403590172,40.44,Medium,52.63
CUST-02481,52,Female,70,82.34,Month-to-month,2,Fiber optic,Mailed check,5763.8,No,0.4851937736283377,48.52,Medium,39.95
CUST-02482,54,Female,31,140.13,Two year,1,DSL,Bank transfer,4344.03,No,0.42403684789666224,42.4,Medium,59.42
CUST-02483,22,Female,31,146.03,Two year,2,Fiber optic,Bank transfer,4526.93,No,0.37181145367080887,37.18,Low,54.3
CUST-02484,18,Male,46,85.33,Month-to-month,5,No,Mailed check,3925.18,Yes,0.7161905256460508,71.62,High,61.11
CUST-02485,57,Female,52,42.83,Month-to-month,2,Fiber optic,Electronic check,2227.16,No,0.48677254117870516,48.68,Medium,20.85
CUST-02486,29,Female,10,105.62,Month-to-month,1,Fiber optic,Electronic check,1056.2,No,0.6220120287971936,62.2,Medium,65.7
CUST-02487,73,Female,41,146.81,One year,6,Fiber optic,Credit card,6019.21,Yes,0.8057105374920077,80.57,High,118.29
CUST-02488,53,Male,3,133.38,Two year,0,Fiber optic,Electronic check,400.14,No,0.22186529850056289,22.19,Low,29.59
CUST-02489,62,Male,59,132.04,Month-to-month,3,Fiber optic,Electronic check,7790.36,Yes,0.5997913130189619,59.98,Medium,79.2
CUST-02490,40,Male,52,141.4,One year,1,Fiber optic,Electronic check,7352.8,Yes,0.547407921789437,54.74,Medium,77.4
CUST-02491,64,Female,34,136.21,Two year,2,DSL,Credit card,4631.14,Yes,0.647590833228096,64.76,Medium,88.21
CUST-02492,48,Male,49,120.92,Month-to-month,0,Fiber optic,Mailed check,5925.08,Yes,0.5628578533984175,56.29,Medium,68.06
CUST-02493,28,Male,28,113.38,Month-to-month,2,Fiber optic,Electronic check,3174.64,No,0.4283726905338802,42.84,Medium,48.57
CUST-02494,27,Female,13,54.42,Month-to-month,4,Fiber optic,Bank transfer,707.46,No,0.5093387800903362,50.93,Medium,27.72
CUST-02495,20,Female,69,100.77,Month-to-month,1,Fiber optic,Electronic check,6953.13,Yes,0.47800746145071327,47.8,Medium,48.17
CUST-02496,71,Male,67,87.79,Month-to-month,5,DSL,Electronic check,5881.93,Yes,0.7788638237193382,77.89,High,68.38
CUST-02497,31,Female,61,132.05,One year,3,Fiber optic,Mailed check,8055.05,No,0.41199193033613213,41.2,Medium,54.4
CUST-02498,33,Female,60,83.92,Month-to-month,4,Fiber optic,Bank transfer,5035.2,Yes,0.531091742961036,53.11,Medium,44.57
CUST-02499,27,Female,71,36.61,Month-to-month,1,No,Credit card,2599.31,Yes,0.5442560597391942,54.43,Medium,19.93
CUST-02500,46,Female,24,20.65,Two year,1,Fiber optic,Electronic check,495.6,No,0.24475868324051045,24.48,Low,5.05
CUST-02501,27,Male,63,108.12,Month-to-month,3,DSL,Electronic check,6811.56,No,0.4716980107918737,47.17,Medium,51.0
CUST-02502,29,Female,61,91.49,Month-to-month,4,Fiber optic,Electronic check,5580.89,No,0.4792928623763356,47.93,Medium,43.85
CUST-02503,47,Male,23,63.03,Month-to-month,2,Fiber optic,Electronic check,1449.69,Yes,0.5244721676464937,52.45,Medium,33.06
CUST-02504,58,Male,30,41.97,Month-to-month,5,Fiber optic,Bank transfer,1259.1,No,0.538003153844963,53.8,Medium,22.58
CUST-02505,18,Male,60,80.67,Month-to-month,1,No,Mailed check,4840.2,No,0.40102868492906496,40.1,Medium,32.35
CUST-02506,22,Male,18,33.04,Two year,5,DSL,Mailed check,594.72,No,0.22127181883579372,22.13,Low,7.31
CUST-02507,37,Female,56,63.69,Month-to-month,5,Fiber optic,Electronic check,3566.64,Yes,0.6119306889911196,61.19,Medium,38.97
CUST-02508,25,Female,53,69.3,One year,4,DSL,Credit card,3672.9,No,0.384644410089591,38.46,Low,26.66
CUST-02509,60,Female,7,80.53,Month-to-month,0,No,Bank transfer,563.71,Yes,0.7107976538327224,71.08,High,57.24
CUST-02510,29,Male,69,80.66,Two year,3,DSL,Bank transfer,5565.54,No,0.2986026718259811,29.86,Low,24.09
CUST-02511,18,Male,72,53.41,One year,2,DSL,Credit card,3845.52,Yes,0.6211073600068577,62.11,Medium,33.17
CUST-02512,74,Male,52,130.53,Two year,0,DSL,Electronic check,6787.56,No,0.247879913831323,24.79,Low,32.36
CUST-02513,71,Female,4,66.22,Month-to-month,2,Fiber optic,Electronic check,264.88,Yes,0.7378272938258315,73.78,High,48.86
CUST-02514,37,Male,34,49.85,Two year,4,Fiber optic,Electronic check,1694.9,No,0.26361427558530415,26.36,Low,13.14
CUST-02515,45,Female,69,42.86,Two year,3,Fiber optic,Credit card,2957.34,No,0.22394282233277943,22.39,Low,9.6
CUST-02516,74,Female,33,61.94,One year,1,DSL,Bank transfer,2044.02,No,0.275758084994787,27.58,Low,17.08
CUST-02517,60,Female,69,28.78,Month-to-month,3,Fiber optic,Mailed check,1985.82,No,0.43506533407934256,43.51,Medium,12.52
CUST-02518,54,Female,38,24.28,Month-to-month,0,Fiber optic,Electronic check,922.64,No,0.41326020169194067,41.33,Medium,10.03
CUST-02519,64,Male,26,98.67,Month-to-month,0,Fiber optic,Credit card,2565.42,Yes,0.5416002488698649,54.16,Medium,53.44
CUST-02520,54,Female,1,100.49,Month-to-month,2,Fiber optic,Credit card,100.49,No,0.5292055111438573,52.92,Medium,53.18
CUST-02521,29,Male,4,88.85,One year,3,Fiber optic,Electronic check,355.4,Yes,0.7643735819595835,76.44,High,67.91
CUST-02522,54,Female,39,119.1,One year,1,No,Credit card,4644.9,No,0.25093363002838653,25.09,Low,29.89
CUST-02523,66,Male,54,25.09,Month-to-month,1,DSL,Electronic check,1354.86,No,0.4026166135630683,40.26,Medium,10.1
CUST-02524,66,Male,33,141.68,Month-to-month,4,Fiber optic,Electronic check,4675.44,No,0.4738708022472402,47.39,Medium,67.14
CUST-02525,73,Female,33,32.36,Month-to-month,3,Fiber optic,Electronic check,1067.88,Yes,0.6153524009232463,61.54,Medium,19.91
CUST-02526,61,Female,72,107.62,Month-to-month,1,Fiber optic,Bank transfer,7748.64,Yes,0.6231395654181874,62.31,Medium,67.06
CUST-02527,73,Female,20,37.34,Month-to-month,2,Fiber optic,Credit card,746.8,No,0.5444142264341689,54.44,Medium,20.33
CUST-02528,45,Male,16,134.39,One year,3,Fiber optic,Mailed check,2150.24,Yes,0.6595068991910721,65.95,Medium,88.63
CUST-02529,64,Female,21,86.39,Month-to-month,5,Fiber optic,Bank transfer,1814.19,No,0.5380616158856426,53.81,Medium,46.48
CUST-02530,32,Female,45,30.7,One year,5,Fiber optic,Electronic check,1381.5,No,0.2243433825659866,22.43,Low,6.89
CUST-02531,23,Male,62,100.17,Month-to-month,0,Fiber optic,Credit card,6210.54,No,0.36569635382749427,36.57,Low,36.63
CUST-02532,61,Female,31,21.18,Two year,2,Fiber optic,Mailed check,656.58,No,0.40281742195008213,40.28,Medium,8.53
CUST-02533,37,Male,42,120.88,Month-to-month,3,Fiber optic,Electronic check,5076.96,No,0.5194948305874733,51.95,Medium,62.8
CUST-02534,67,Female,12,104.58,Month-to-month,0,Fiber optic,Credit card,1254.96,Yes,0.6905781969203921,69.06,Medium,72.22
CUST-02535,31,Male,65,47.64,Month-to-month,5,No,Electronic check,3096.6,No,0.5124839116601831,51.25,Medium,24.41
CUST-02536,19,Male,3,68.72,Month-to-month,1,Fiber optic,Mailed check,206.16,Yes,0.7284136585640888,72.84,High,50.06
CUST-02537,26,Female,9,21.01,Month-to-month,4,No,Credit card,189.09,Yes,0.8634371475652838,86.34,High,18.14
CUST-02538,54,Male,51,110.18,One year,1,Fiber optic,Mailed check,5619.18,No,0.3375064221696925,33.75,Low,37.19
CUST-02539,37,Female,16,61.95,Month-to-month,3,Fiber optic,Electronic check,991.2,Yes,0.5338569314025826,53.39,Medium,33.07
CUST-02540,43,Female,3,94.31,Month-to-month,1,No,Electronic check,282.93,Yes,0.7292756820889491,72.93,High,68.78
CUST-02541,46,Male,24,144.37,One year,4,DSL,Mailed check,3464.88,No,0.3794210520538143,37.94,Low,54.78
CUST-02542,18,Female,13,58.93,Month-to-month,4,No,Bank transfer,766.09,Yes,0.70290722955936,70.29,High,41.42
CUST-02543,72,Male,2,148.73,Month-to-month,2,No,Bank transfer,297.46,Yes,0.7279327842692638,72.79,High,108.27
CUST-02544,52,Male,71,102.25,Two year,1,Fiber optic,Credit card,7259.75,No,0.25020590476945304,25.02,Low,25.58
CUST-02545,23,Male,21,51.47,Month-to-month,6,DSL,Credit card,1080.87,Yes,0.6860142292284178,68.6,Medium,35.31
CUST-02546,54,Male,19,76.78,One year,0,No,Bank transfer,1458.82,Yes,0.5283623429398002,52.84,Medium,40.57
CUST-02547,70,Male,47,116.26,One year,3,Fiber optic,Mailed check,5464.22,No,0.3532892244940016,35.33,Low,41.07
CUST-02548,22,Male,22,78.04,Two year,1,Fiber optic,Electronic check,1716.88,No,0.3222848535863524,32.23,Low,25.15
CUST-02549,50,Male,33,28.91,One year,5,Fiber optic,Electronic check,954.03,No,0.2589906388720489,25.9,Low,7.49
CUST-02550,66,Male,32,41.92,Month-to-month,2,Fiber optic,Credit card,1341.44,No,0.52776785423285,52.78,Medium,22.12
CUST-02551,68,Female,64,122.87,Month-to-month,3,DSL,Credit card,7863.68,No,0.5862084240186057,58.62,Medium,72.03
CUST-02552,31,Female,39,104.29,Two year,2,Fiber optic,Electronic check,4067.31,No,0.2782760886629702,27.83,Low,29.02
CUST-02553,29,Male,72,94.08,Month-to-month,2,DSL,Bank transfer,6773.76,No,0.4617470952120047,46.17,Medium,43.44
CUST-02554,59,Female,42,41.79,One year,3,Fiber optic,Credit card,1755.18,No,0.36595427335754765,36.6,Low,15.29
CUST-02555,37,Female,9,128.91,Two year,2,Fiber optic,Electronic check,1160.19,No,0.35867395308368644,35.87,Low,46.24
CUST-02556,70,Female,25,144.9,One year,2,Fiber optic,Credit card,3622.5,Yes,0.7235276315266274,72.35,High,104.84
CUST-02557,67,Female,2,25.32,Month-to-month,2,DSL,Bank transfer,50.64,Yes,0.6205174919944059,62.05,Medium,15.71
CUST-02558,41,Female,19,30.14,Month-to-month,2,DSL,Mailed check,572.66,No,0.559185679506717,55.92,Medium,16.85
CUST-02559,60,Female,20,135.01,Month-to-month,2,Fiber optic,Credit card,2700.2,Yes,0.7059903926138539,70.6,High,95.32
CUST-02560,51,Male,70,126.02,Month-to-month,5,Fiber optic,Electronic check,8821.4,No,0.5547948841898013,55.48,Medium,69.92
CUST-02561,42,Female,17,100.33,Two year,2,Fiber optic,Bank transfer,1705.61,No,0.2798082999291383,27.98,Low,28.07
CUST-02562,67,Female,68,142.85,One year,4,Fiber optic,Electronic check,9713.8,No,0.3484912237403905,34.85,Low,49.78
CUST-02563,46,Female,3,104.04,One year,2,Fiber optic,Bank transfer,312.12,Yes,0.7285958927837415,72.86,High,75.8
CUST-02564,74,Female,51,48.08,Month-to-month,1,Fiber optic,Mailed check,2452.08,No,0.4417094237399031,44.17,Medium,21.24
CUST-02565,56,Male,26,114.72,Month-to-month,3,DSL,Mailed check,2982.72,No,0.5716878420992612,57.17,Medium,65.58
CUST-02566,48,Male,56,103.94,Month-to-month,4,DSL,Electronic check,5820.64,No,0.5994072356987779,59.94,Medium,62.3
CUST-02567,73,Male,64,148.15,Month-to-month,4,DSL,Mailed check,9481.6,No,0.35034269553737846,35.03,Low,51.9
CUST-02568,64,Male,8,47.81,Month-to-month,1,DSL,Credit card,382.48,No,0.42330849914875673,42.33,Medium,20.24
CUST-02569,60,Female,37,97.73,Month-to-month,3,No,Bank transfer,3616.01,No,0.4833125265995244,48.33,Medium,47.23
CUST-02570,67,Male,27,121.42,Month-to-month,5,No,Bank transfer,3278.34,Yes,0.7135915368199583,71.36,High,86.64
CUST-02571,40,Male,45,64.07,Month-to-month,2,Fiber optic,Bank transfer,2883.15,Yes,0.4905862717028379,49.06,Medium,31.43
CUST-02572,61,Male,4,69.36,Two year,2,Fiber optic,Mailed check,277.44,No,0.28239016351527324,28.24,Low,19.59
CUST-02573,55,Male,37,135.43,Month-to-month,2,Fiber optic,Mailed check,5010.91,Yes,0.6124313640359489,61.24,Medium,82.94
CUST-02574,37,Female,71,72.55,One year,4,Fiber optic,Credit card,5151.05,No,0.33600009928471847,33.6,Low,24.38
CUST-02575,40,Male,33,101.22,Month-to-month,3,Fiber optic,Mailed check,3340.26,No,0.48920043016323717,48.92,Medium,49.52
CUST-02576,62,Female,31,135.6,Month-to-month,3,No,Bank transfer,4203.6,Yes,0.6487456614375346,64.87,Medium,87.97
CUST-02577,69,Male,55,47.28,Month-to-month,4,DSL,Credit card,2600.4,Yes,0.7283264657722713,72.83,High,34.44
CUST-02578,33,Female,12,147.64,One year,2,Fiber optic,Credit card,1771.68,No,0.42512101977998284,42.51,Medium,62.76
CUST-02579,67,Female,11,111.25,Month-to-month,1,No,Bank transfer,1223.75,Yes,0.7714461544292881,77.14,High,85.82
CUST-02580,59,Male,72,84.5,Month-to-month,2,No,Electronic check,6084.0,No,0.39077530180323305,39.08,Low,33.02
CUST-02581,72,Male,32,76.02,Two year,4,No,Mailed check,2432.64,No,0.19545878097908548,19.55,Low,14.86
CUST-02582,25,Male,57,144.07,Month-to-month,0,Fiber optic,Mailed check,8211.99,No,0.3087509528736651,30.88,Low,44.48
CUST-02583,67,Male,38,46.74,Month-to-month,9,Fiber optic,Bank transfer,1776.12,Yes,0.7489432772812236,74.89,High,35.01
CUST-02584,38,Female,60,60.52,Month-to-month,1,DSL,Electronic check,3631.2,Yes,0.393327984421862,39.33,Low,23.8
CUST-02585,18,Female,19,60.01,Month-to-month,4,DSL,Mailed check,1140.19,No,0.5078276868948245,50.78,Medium,30.47
CUST-02586,72,Male,56,57.57,One year,0,Fiber optic,Electronic check,3223.92,No,0.1498212055786212,14.98,Low,8.63
CUST-02587,25,Male,14,80.91,One year,3,No,Bank transfer,1132.74,No,0.38146905028298994,38.15,Low,30.86
CUST-02588,46,Female,33,148.59,Month-to-month,1,DSL,Bank transfer,4903.47,No,0.6286658818643417,62.87,Medium,93.41
CUST-02589,49,Male,10,135.54,Month-to-month,2,Fiber optic,Electronic check,1355.4,Yes,0.7314603997782895,73.15,High,99.14
CUST-02590,55,Female,64,62.63,One year,3,Fiber optic,Bank transfer,4008.32,No,0.3019783598974462,30.2,Low,18.91
CUST-02591,22,Male,64,74.97,Month-to-month,3,Fiber optic,Bank transfer,4798.08,No,0.44373288835049685,44.37,Medium,33.27
CUST-02592,64,Female,62,107.03,Two year,3,DSL,Credit card,6635.86,Yes,0.47835833269455635,47.84,Medium,51.2
CUST-02593,39,Female,68,22.23,Month-to-month,1,DSL,Electronic check,1511.64,No,0.30173211256310745,30.17,Low,6.71
CUST-02594,64,Female,43,126.62,One year,3,No,Mailed check,5444.66,No,0.2604915886040644,26.05,Low,32.98
CUST-02595,51,Female,59,134.37,Two year,1,Fiber optic,Mailed check,7927.83,No,0.3675867221340223,36.76,Low,49.39
CUST-02596,18,Female,52,131.44,One year,2,Fiber optic,Credit card,6834.88,No,0.3547006793290874,35.47,Low,46.62
CUST-02597,72,Male,19,68.76,Month-to-month,3,Fiber optic,Bank transfer,1306.44,Yes,0.5965725565962375,59.66,Medium,41.02
CUST-02598,72,Female,21,80.06,One year,2,DSL,Bank transfer,1681.26,No,0.39101297179107314,39.1,Low,31.3
CUST-02599,43,Male,22,21.61,Month-to-month,4,DSL,Credit card,475.42,No,0.5267336696781748,52.67,Medium,11.38
CUST-02600,60,Female,9,71.92,One year,1,DSL,Credit card,647.28,Yes,0.6061372668827254,60.61,Medium,43.59
CUST-02601,27,Female,9,79.86,Month-to-month,1,DSL,Bank transfer,718.74,No,0.5503739727086182,55.04,Medium,43.95
CUST-02602,47,Male,27,137.91,One year,6,DSL,Electronic check,3723.57,Yes,0.6782859842922,67.83,Medium,93.54
CUST-02603,67,Male,17,136.22,Month-to-month,3,Fiber optic,Credit card,2315.74,Yes,0.6256703518305994,62.57,Medium,85.23
CUST-02604,35,Male,44,145.59,Month-to-month,1,Fiber optic,Electronic check,6405.96,No,0.4761087545501574,47.61,Medium,69.32
CUST-02605,34,Male,45,135.06,One year,0,Fiber optic,Mailed check,6077.7,No,0.29059104864466256,29.06,Low,39.25
CUST-02606,43,Female,8,21.07,Month-to-month,2,No,Bank transfer,168.56,No,0.4294400654830521,42.94,Medium,9.05
CUST-02607,25,Male,18,103.39,One year,3,Fiber optic,Electronic check,1861.02,No,0.26140253096532645,26.14,Low,27.03
CUST-02608,64,Female,33,28.87,Two year,3,DSL,Electronic check,952.71,No,0.21764749903698188,21.76,Low,6.28
CUST-02609,57,Male,1,55.44,Two year,1,Fiber optic,Bank transfer,55.44,Yes,0.7012003057621812,70.12,High,38.87
CUST-02610,66,Male,6,95.18,One year,1,DSL,Bank transfer,571.08,Yes,0.6166486007688423,61.66,Medium,58.69
CUST-02611,29,Female,41,111.08,Month-to-month,4,Fiber optic,Mailed check,4554.28,No,0.4832920429408428,48.33,Medium,53.68
CUST-02612,44,Female,55,105.1,Month-to-month,3,DSL,Bank transfer,5780.5,Yes,0.5642491703570229,56.42,Medium,59.3
CUST-02613,25,Male,5,26.38,Month-to-month,2,DSL,Electronic check,131.9,No,0.4419172019138967,44.19,Medium,11.66
CUST-02614,42,Female,59,33.47,Month-to-month,1,DSL,Credit card,1974.73,No,0.41927021013346555,41.93,Medium,14.03
CUST-02615,63,Female,18,36.72,Month-to-month,3,No,Bank transfer,660.96,No,0.5108176806250436,51.08,Medium,18.76
CUST-02616,21,Female,49,31.88,One year,5,Fiber optic,Bank transfer,1562.12,No,0.2701042582089781,27.01,Low,8.61
CUST-02617,50,Female,65,43.17,Month-to-month,2,Fiber optic,Credit card,2806.05,No,0.4319313559333837,43.19,Medium,18.65
CUST-02618,18,Female,54,109.5,Month-to-month,2,Fiber optic,Bank transfer,5913.0,No,0.4093129736565586,40.93,Medium,44.82
CUST-02619,36,Female,61,128.01,One year,2,DSL,Bank transfer,7808.61,No,0.40325928205557743,40.33,Medium,51.62
CUST-02620,48,Female,8,73.15,Month-to-month,2,DSL,Credit card,585.2,No,0.507955344500544,50.8,Medium,37.16
CUST-02621,33,Female,3,110.06,Month-to-month,4,Fiber optic,Electronic check,330.18,Yes,0.8854826574435293,88.55,High,97.46
CUST-02622,31,Male,25,46.0,Month-to-month,3,Fiber optic,Mailed check,1150.0,No,0.47984635933890285,47.98,Medium,22.07
CUST-02623,70,Female,69,146.53,One year,5,Fiber optic,Mailed check,10110.57,No,0.26687866128125726,26.69,Low,39.11
CUST-02624,65,Male,55,65.5,One year,2,Fiber optic,Mailed check,3602.5,No,0.3106692967998443,31.07,Low,20.35
CUST-02625,22,Female,40,129.96,One year,1,No,Electronic check,5198.4,No,0.25953659607735713,25.95,Low,33.73
CUST-02626,58,Female,50,142.9,Month-to-month,2,Fiber optic,Mailed check,7145.0,No,0.5701654390627389,57.02,Medium,81.48
CUST-02627,43,Female,33,132.41,One year,0,No,Electronic check,4369.53,No,0.3291882083845618,32.92,Low,43.59
CUST-02628,45,Female,18,28.72,One year,3,Fiber optic,Bank transfer,516.96,No,0.3638201647960585,36.38,Low,10.45
CUST-02629,19,Male,57,104.54,Month-to-month,1,No,Mailed check,5958.78,Yes,0.581729261111262,58.17,Medium,60.81
CUST-02630,67,Male,16,35.61,Month-to-month,3,Fiber optic,Credit card,569.76,No,0.5216876374343387,52.17,Medium,18.58
CUST-02631,23,Female,38,20.74,One year,3,Fiber optic,Electronic check,788.12,No,0.24833710372299778,24.83,Low,5.15
CUST-02632,26,Male,41,26.73,Month-to-month,3,Fiber optic,Mailed check,1095.93,No,0.41846180642510383,41.85,Medium,11.19
CUST-02633,50,Female,7,139.1,One year,4,DSL,Credit card,973.7,Yes,0.7561522362447459,75.62,High,105.18
CUST-02634,58,Female,53,138.1,Month-to-month,5,DSL,Mailed check,7319.3,No,0.4874364222455437,48.74,Medium,67.31
CUST-02635,42,Male,63,49.36,Month-to-month,1,DSL,Electronic check,3109.68,Yes,0.39158673539809075,39.16,Low,19.33
CUST-02636,65,Male,32,91.12,Month-to-month,1,Fiber optic,Electronic check,2915.84,No,0.44713178367223444,44.71,Medium,40.74
CUST-02637,30,Female,38,144.15,Month-to-month,3,DSL,Bank transfer,5477.7,Yes,0.6535386597684236,65.35,Medium,94.21
CUST-02638,26,Female,22,84.57,Month-to-month,3,Fiber optic,Electronic check,1860.54,No,0.46563711063802515,46.56,Medium,39.38
CUST-02639,70,Male,16,71.17,Two year,3,Fiber optic,Mailed check,1138.72,No,0.2535075895997282,25.35,Low,18.04
CUST-02640,30,Female,52,82.82,Two year,2,No,Electronic check,4306.64,No,0.1486874684087505,14.87,Low,12.31
CUST-02641,48,Male,29,122.73,One year,5,Fiber optic,Credit card,3559.17,No,0.39042459694909143,39.04,Low,47.92
CUST-02642,58,Female,16,82.05,One year,2,DSL,Bank transfer,1312.8,Yes,0.4711536351777597,47.12,Medium,38.66
CUST-02643,28,Female,17,121.83,Month-to-month,1,DSL,Bank transfer,2071.11,No,0.5215364979034988,52.15,Medium,63.54
CUST-02644,21,Male,64,76.12,One year,3,DSL,Electronic check,4871.68,No,0.33167717287507176,33.17,Low,25.25
CUST-02645,51,Male,13,52.76,Month-to-month,3,Fiber optic,Mailed check,685.88,No,0.44572154055997404,44.57,Medium,23.52
CUST-02646,55,Male,72,62.44,Month-to-month,3,No,Bank transfer,4495.68,No,0.4312050339514672,43.12,Medium,26.92
CUST-02647,63,Female,56,30.12,Month-to-month,1,DSL,Mailed check,1686.72,No,0.43629302927948505,43.63,Medium,13.14
CUST-02648,21,Female,5,84.66,Month-to-month,4,Fiber optic,Mailed check,423.3,Yes,0.8061522450007886,80.62,High,68.25
CUST-02649,55,Female,12,39.25,Month-to-month,1,Fiber optic,Credit card,471.0,Yes,0.6117010726511154,61.17,Medium,24.01
CUST-02650,36,Female,41,125.5,Month-to-month,2,DSL,Bank transfer,5145.5,Yes,0.5960962435702709,59.61,Medium,74.81
CUST-02651,23,Male,3,74.68,Month-to-month,3,No,Electronic check,224.04,Yes,0.7657490833181476,76.57,High,57.19
CUST-02652,51,Female,33,119.45,One year,5,Fiber optic,Mailed check,3941.85,No,0.36863842336609254,36.86,Low,44.03
CUST-02653,35,Female,50,144.08,Month-to-month,3,No,Bank transfer,7204.0,No,0.6111924199989873,61.12,Medium,88.06
CUST-02654,30,Female,56,130.43,Month-to-month,3,Fiber optic,Bank transfer,7304.08,Yes,0.5866099354400507,58.66,Medium,76.51
CUST-02655,58,Male,9,143.69,Two year,1,DSL,Mailed check,1293.21,No,0.27990527684760824,27.99,Low,40.22
CUST-02656,40,Female,50,93.83,Month-to-month,2,Fiber optic,Electronic check,4691.5,No,0.4355664610086806,43.56,Medium,40.87
CUST-02657,36,Female,29,41.49,Two year,0,DSL,Bank transfer,1203.21,Yes,0.5053856319239337,50.54,Medium,20.97
CUST-02658,62,Male,39,141.6,One year,2,Fiber optic,Bank transfer,5522.4,No,0.4126834174728927,41.27,Medium,58.44
CUST-02659,28,Female,45,132.91,Month-to-month,1,No,Electronic check,5980.95,Yes,0.6165257388825668,61.65,Medium,81.94
CUST-02660,18,Female,17,132.37,Month-to-month,5,Fiber optic,Mailed check,2250.29,No,0.40909689649904857,40.91,Medium,54.15
CUST-02661,41,Male,56,110.13,Month-to-month,4,Fiber optic,Mailed check,6167.28,Yes,0.6198674923442428,61.99,Medium,68.27
CUST-02662,71,Female,46,101.24,Month-to-month,1,Fiber optic,Mailed check,4657.04,No,0.48831272356223004,48.83,Medium,49.44
CUST-02663,24,Female,67,21.91,Month-to-month,0,Fiber optic,Mailed check,1467.97,No,0.32335742087836766,32.34,Low,7.08
CUST-02664,42,Female,69,117.25,Month-to-month,2,DSL,Electronic check,8090.25,No,0.4774159360503206,47.74,Medium,55.98
CUST-02665,38,Male,14,31.9,Month-to-month,2,DSL,Credit card,446.6,No,0.47703846334529115,47.7,Medium,15.22
CUST-02666,32,Female,67,53.77,One year,1,DSL,Electronic check,3602.59,No,0.22286759621628718,22.29,Low,11.98
CUST-02667,18,Female,23,91.69,Month-to-month,0,Fiber optic,Electronic check,2108.87,Yes,0.537215101229373,53.72,Medium,49.26
CUST-02668,29,Male,61,78.73,One year,5,Fiber optic,Mailed check,4802.53,No,0.3433174532832186,34.33,Low,27.03
CUST-02669,75,Male,23,22.05,Month-to-month,3,DSL,Bank transfer,507.15,Yes,0.6892304695364682,68.92,Medium,15.2
CUST-02670,24,Female,27,127.12,One year,2,No,Electronic check,3432.24,Yes,0.5233263838870311,52.33,Medium,66.53
CUST-02671,32,Female,54,134.24,Month-to-month,2,DSL,Mailed check,7248.96,No,0.5514110253099737,55.14,Medium,74.02
CUST-02672,38,Female,10,108.64,One year,3,DSL,Bank transfer,1086.4,Yes,0.6803473306914738,68.03,Medium,73.91
CUST-02673,36,Female,16,90.34,Month-to-month,2,Fiber optic,Electronic check,1445.44,No,0.4871341180961477,48.71,Medium,44.01
CUST-02674,46,Male,41,144.9,One year,3,Fiber optic,Credit card,5940.9,Yes,0.5586900025135912,55.87,Medium,80.95
CUST-02675,42,Female,55,35.59,Month-to-month,3,No,Credit card,1957.45,Yes,0.533830939126635,53.38,Medium,19.0
CUST-02676,50,Male,61,115.93,Month-to-month,2,Fiber optic,Mailed check,7071.73,No,0.5172419824217946,51.72,Medium,59.96
CUST-02677,66,Male,49,36.69,Month-to-month,7,DSL,Bank transfer,1797.81,Yes,0.7722463297365811,77.22,High,28.33
CUST-02678,49,Female,52,69.64,Month-to-month,0,No,Bank transfer,3621.28,Yes,0.4639449196773781,46.39,Medium,32.31
CUST-02679,66,Female,2,96.11,Month-to-month,2,No,Mailed check,192.22,Yes,0.7957754713110042,79.58,High,76.48
CUST-02680,52,Male,50,115.82,Month-to-month,3,No,Mailed check,5791.0,Yes,0.6230111441812958,62.3,Medium,72.16
CUST-02681,61,Male,43,20.48,Month-to-month,1,No,Bank transfer,880.64,No,0.4219537873416006,42.2,Medium,8.64
CUST-02682,55,Female,8,53.88,Month-to-month,2,DSL,Credit card,431.04,No,0.45177809314594725,45.18,Medium,24.34
CUST-02683,43,Male,59,89.97,One year,3,No,Credit card,5308.23,No,0.31724871205512467,31.72,Low,28.54
CUST-02684,28,Female,65,89.27,Two year,1,No,Electronic check,5802.55,No,0.11955054684939984,11.96,Low,10.67
CUST-02685,52,Female,12,102.89,Month-to-month,3,Fiber optic,Electronic check,1234.68,No,0.539909649516176,53.99,Medium,55.55
CUST-02686,25,Male,4,59.5,One year,2,Fiber optic,Bank transfer,238.0,Yes,0.641352052206225,64.14,Medium,38.16
CUST-02687,63,Male,41,90.27,Month-to-month,6,Fiber optic,Credit card,3701.07,Yes,0.7097991762933211,70.98,High,64.07
CUST-02688,31,Female,7,44.67,Month-to-month,0,DSL,Electronic check,312.69,Yes,0.7003780516162752,70.04,High,31.29
CUST-02689,27,Male,69,44.29,Month-to-month,5,Fiber optic,Credit card,3056.01,Yes,0.6730518217189188,67.31,Medium,29.81
CUST-02690,19,Female,69,94.95,Month-to-month,1,No,Credit card,6551.55,No,0.3933742124111024,39.34,Low,37.35
CUST-02691,63,Female,30,109.11,Two year,3,Fiber optic,Bank transfer,3273.3,Yes,0.45710684231037485,45.71,Medium,49.87
CUST-02692,26,Female,6,35.65,Month-to-month,4,Fiber optic,Credit card,213.9,Yes,0.8760073507484375,87.6,High,31.23
CUST-02693,20,Male,19,35.96,One year,2,Fiber optic,Bank transfer,683.24,No,0.2055950904224174,20.56,Low,7.39
CUST-02694,38,Female,66,93.49,Month-to-month,1,DSL,Electronic check,6170.34,No,0.3775337428663876,37.75,Low,35.3
CUST-02695,43,Female,10,55.11,Month-to-month,3,Fiber optic,Mailed check,551.1,No,0.6119190273827515,61.19,Medium,33.72
CUST-02696,25,Female,16,71.01,Month-to-month,2,Fiber optic,Credit card,1136.16,Yes,0.5492082191712038,54.92,Medium,39.0
CUST-02697,65,Female,37,72.1,One year,4,DSL,Mailed check,2667.7,No,0.314227867964584,31.42,Low,22.66
CUST-02698,19,Female,32,43.21,Month-to-month,1,No,Mailed check,1382.72,Yes,0.634812844908388,63.48,Medium,27.43
CUST-02699,23,Female,47,20.17,Month-to-month,0,No,Bank transfer,947.99,No,0.33606301523534643,33.61,Low,6.78
CUST-02700,45,Female,72,130.91,Month-to-month,3,DSL,Credit card,9425.52,Yes,0.6856444388581417,68.56,Medium,89.76
CUST-02701,70,Female,43,112.95,Two year,3,Fiber optic,Credit card,4856.85,No,0.3020250681287607,30.2,Low,34.11
CUST-02702,46,Female,36,109.77,Month-to-month,3,Fiber optic,Electronic check,3951.72,No,0.5663489165954704,56.63,Medium,62.17
CUST-02703,43,Female,26,91.05,One year,0,Fiber optic,Mailed check,2367.3,No,0.23947163402623828,23.95,Low,21.8
CUST-02704,42,Female,10,111.13,Month-to-month,4,Fiber optic,Mailed check,1111.3,No,0.6901467991692734,69.01,Medium,76.7
CUST-02705,29,Male,31,141.64,Month-to-month,2,Fiber optic,Bank transfer,4390.84,Yes,0.563784862408149,56.38,Medium,79.85
CUST-02706,22,Female,29,106.54,Two year,1,Fiber optic,Credit card,3089.66,Yes,0.4772305561895797,47.72,Medium,50.84
CUST-02707,51,Female,5,54.46,One year,5,DSL,Credit card,272.3,Yes,0.8184645815923317,81.85,High,44.57
CUST-02708,65,Female,1,94.17,Month-to-month,0,Fiber optic,Mailed check,94.17,No,0.3055807110972557,30.56,Low,28.78
CUST-02709,54,Male,3,77.5,Month-to-month,3,Fiber optic,Electronic check,232.5,Yes,0.7156693071484501,71.57,High,55.46
CUST-02710,32,Female,67,92.33,Month-to-month,2,DSL,Mailed check,6186.11,Yes,0.5703013378169214,57.03,Medium,52.66
CUST-02711,61,Male,71,87.29,One year,6,Fiber optic,Credit card,6197.59,No,0.33008783415904963,33.01,Low,28.81
CUST-02712,53,Female,35,131.64,Month-to-month,3,DSL,Bank transfer,4607.4,No,0.6117559800777955,61.18,Medium,80.53
CUST-02713,32,Female,15,104.73,One year,1,Fiber optic,Bank transfer,1570.95,No,0.2640817809013393,26.41,Low,27.66
CUST-02714,60,Male,67,44.54,Month-to-month,4,DSL,Bank transfer,2984.18,No,0.576956459290939,57.7,Medium,25.7
CUST-02715,65,Female,30,28.19,Month-to-month,2,Fiber optic,Credit card,845.7,Yes,0.6129213584382449,61.29,Medium,17.28
CUST-02716,40,Male,43,75.17,Two year,5,Fiber optic,Credit card,3232.31,No,0.42742877886145386,42.74,Medium,32.13
CUST-02717,23,Male,60,22.03,Two year,1,Fiber optic,Bank transfer,1321.8,No,0.16832671156851065,16.83,Low,3.71
CUST-02718,63,Female,40,61.38,Month-to-month,3,Fiber optic,Credit card,2455.2,Yes,0.5690607125862112,56.91,Medium,34.93
CUST-02719,67,Female,65,67.84,Two year,0,Fiber optic,Electronic check,4409.6,No,0.1632752262744484,16.33,Low,11.08
CUST-02720,61,Female,29,68.83,One year,3,No,Bank transfer,1996.07,No,0.3161686908333444,31.62,Low,21.76
CUST-02721,60,Female,19,147.32,One year,2,Fiber optic,Electronic check,2799.08,No,0.4174551058806548,41.75,Medium,61.5
CUST-02722,62,Male,3,59.51,Two year,1,DSL,Electronic check,178.53,No,0.20070408302915052,20.07,Low,11.94
CUST-02723,38,Male,36,54.48,Month-to-month,3,No,Credit card,1961.28,No,0.48415742369924736,48.42,Medium,26.38
CUST-02724,40,Female,43,36.82,One year,4,DSL,Credit card,1583.26,No,0.43719516635148314,43.72,Medium,16.1
CUST-02725,60,Male,15,86.43,Two year,5,No,Bank transfer,1296.45,Yes,0.5959231384883497,59.59,Medium,51.51
CUST-02726,72,Male,41,39.98,Month-to-month,2,Fiber optic,Credit card,1639.18,No,0.4983158257840274,49.83,Medium,19.92
CUST-02727,33,Female,36,100.12,Month-to-month,5,DSL,Electronic check,3604.32,Yes,0.6323609948403777,63.24,Medium,63.31
CUST-02728,64,Male,33,40.17,Month-to-month,4,No,Credit card,1325.61,Yes,0.6842265096947383,68.42,Medium,27.49
CUST-02729,70,Male,5,94.97,One year,3,DSL,Bank transfer,474.85,No,0.4897434580142735,48.97,Medium,46.51
CUST-02730,32,Female,14,127.42,One year,3,DSL,Mailed check,1783.88,Yes,0.5533187095061813,55.33,Medium,70.5
CUST-02731,42,Male,68,25.53,Month-to-month,3,Fiber optic,Mailed check,1736.04,No,0.45339182657815913,45.34,Medium,11.58
CUST-02732,53,Female,47,74.57,Month-to-month,3,Fiber optic,Credit card,3504.79,No,0.4441393791369154,44.41,Medium,33.12
CUST-02733,28,Male,54,79.94,Month-to-month,2,DSL,Mailed check,4316.76,No,0.5379185410491839,53.79,Medium,43.0
CUST-02734,68,Female,4,122.84,Month-to-month,3,Fiber optic,Electronic check,491.36,No,0.6674780412727743,66.75,Medium,81.99
CUST-02735,32,Male,9,80.83,Month-to-month,2,Fiber optic,Mailed check,727.47,No,0.6036882930092522,60.37,Medium,48.8
CUST-02736,21,Male,53,93.78,Month-to-month,3,DSL,Mailed check,4970.34,No,0.4911628849689251,49.12,Medium,46.06
CUST-02737,38,Female,60,122.86,One year,0,Fiber optic,Electronic check,7371.6,No,0.17137769910986575,17.14,Low,21.06
CUST-02738,30,Female,46,92.77,Month-to-month,1,No,Bank transfer,4267.42,No,0.46381353276727905,46.38,Medium,43.03
CUST-02739,39,Female,54,66.58,Two year,2,No,Mailed check,3595.32,No,0.32047081415174467,32.05,Low,21.34
CUST-02740,36,Female,37,31.16,Month-to-month,4,DSL,Mailed check,1152.92,No,0.5577329840222792,55.77,Medium,17.38
CUST-02741,51,Male,23,114.89,Two year,1,Fiber optic,Mailed check,2642.47,Yes,0.47144697622596726,47.14,Medium,54.16
CUST-02742,31,Male,27,133.25,Month-to-month,3,Fiber optic,Bank transfer,3597.75,Yes,0.5576216227227636,55.76,Medium,74.3
CUST-02743,21,Male,70,146.11,One year,0,No,Credit card,10227.7,No,0.18228123256668183,18.23,Low,26.63
CUST-02744,65,Female,66,140.46,Month-to-month,3,Fiber optic,Credit card,9270.36,Yes,0.6447247678925766,64.47,Medium,90.56
CUST-02745,70,Male,61,123.66,Month-to-month,2,DSL,Bank transfer,7543.26,Yes,0.5941049279637616,59.41,Medium,73.47
CUST-02746,69,Male,51,103.65,Month-to-month,3,DSL,Electronic check,5286.15,No,0.519918548686487,51.99,Medium,53.89
CUST-02747,63,Female,50,121.59,Month-to-month,3,Fiber optic,Credit card,6079.5,Yes,0.6888701791272102,68.89,Medium,83.76
CUST-02748,44,Female,19,76.17,One year,3,DSL,Bank transfer,1447.23,Yes,0.45123576684206845,45.12,Medium,34.37
CUST-02749,46,Male,1,97.32,Month-to-month,4,Fiber optic,Bank transfer,97.32,No,0.530334099287662,53.03,Medium,51.61
CUST-02750,64,Female,40,65.33,Two year,0,DSL,Electronic check,2613.2,No,0.21972425936220386,21.97,Low,14.35
CUST-02751,45,Male,32,62.47,Month-to-month,2,Fiber optic,Bank transfer,1999.04,Yes,0.5228429307608778,52.28,Medium,32.66
CUST-02752,52,Male,22,118.37,Two year,1,DSL,Credit card,2604.14,No,0.2994521076935749,29.95,Low,35.45
CUST-02753,25,Female,66,79.01,Month-to-month,3,Fiber optic,Credit card,5214.66,No,0.4014093390819531,40.14,Medium,31.72
CUST-02754,33,Male,40,47.58,Month-to-month,2,Fiber optic,Bank transfer,1903.2,Yes,0.5000249024090053,50.0,Medium,23.79
CUST-02755,59,Female,38,46.25,Month-to-month,2,Fiber optic,Bank transfer,1757.5,Yes,0.5202683170682468,52.03,Medium,24.06
CUST-02756,53,Female,48,131.69,Two year,4,Fiber optic,Electronic check,6321.12,No,0.2690890990294126,26.91,Low,35.44
CUST-02757,47,Male,55,108.11,Month-to-month,2,Fiber optic,Electronic check,5946.05,No,0.48424350775184205,48.42,Medium,52.35
CUST-02758,35,Male,55,90.99,Month-to-month,1,DSL,Mailed check,5004.45,Yes,0.5406121036645053,54.06,Medium,49.19
CUST-02759,19,Male,51,72.12,Month-to-month,1,DSL,Bank transfer,3678.12,No,0.4229136984055158,42.29,Medium,30.5
CUST-02760,66,Female,60,76.01,Month-to-month,2,Fiber optic,Mailed check,4560.6,Yes,0.583543604814728,58.35,Medium,44.36
CUST-02761,30,Male,8,27.47,One year,2,DSL,Mailed check,219.76,Yes,0.6605018366719844,66.05,Medium,18.14
CUST-02762,21,Female,68,79.14,Month-to-month,4,DSL,Mailed check,5381.52,No,0.5238151705366337,52.38,Medium,41.45
CUST-02763,43,Female,72,123.41,One year,1,DSL,Mailed check,8885.52,No,0.32972332620649214,32.97,Low,40.69
CUST-02764,42,Male,9,70.44,One year,1,Fiber optic,Credit card,633.96,No,0.32099849765000404,32.1,Low,22.61
CUST-02765,47,Female,2,69.87,Two year,4,Fiber optic,Electronic check,139.74,Yes,0.7513998650489732,75.14,High,52.5
CUST-02766,28,Male,70,22.04,Month-to-month,2,DSL,Bank transfer,1542.8,Yes,0.5699692524117214,57.0,Medium,12.56
CUST-02767,24,Male,59,79.52,Month-to-month,4,DSL,Electronic check,4691.68,No,0.5126932173899899,51.27,Medium,40.77
CUST-02768,48,Male,19,23.29,Two year,5,Fiber optic,Electronic check,442.51,No,0.21805179854049594,21.81,Low,5.08
CUST-02769,61,Male,28,94.15,Month-to-month,5,Fiber optic,Electronic check,2636.2,No,0.48312351343565335,48.31,Medium,45.49
CUST-02770,27,Male,72,85.88,Month-to-month,3,Fiber optic,Electronic check,6183.36,Yes,0.5456400850623169,54.56,Medium,46.86
CUST-02771,56,Male,14,129.2,Two year,2,No,Electronic check,1808.8,No,0.14816268005244476,14.82,Low,19.14
CUST-02772,30,Male,24,95.63,Month-to-month,1,Fiber optic,Electronic check,2295.12,No,0.3742575942359645,37.43,Low,35.79
CUST-02773,48,Female,44,62.05,Month-to-month,1,Fiber optic,Credit card,2730.2,No,0.4401201600766953,44.01,Medium,27.31
CUST-02774,24,Male,56,87.11,Month-to-month,2,Fiber optic,Electronic check,4878.16,Yes,0.4426133620269489,44.26,Medium,38.56
CUST-02775,73,Female,51,110.96,Month-to-month,3,Fiber optic,Bank transfer,5658.96,No,0.5990960381448903,59.91,Medium,66.48
CUST-02776,66,Female,32,32.22,Month-to-month,2,DSL,Bank transfer,1031.04,No,0.5564167795105118,55.64,Medium,17.93
CUST-02777,59,Female,50,100.74,Month-to-month,8,Fiber optic,Mailed check,5037.0,Yes,0.7006860061738603,70.07,High,70.59
CUST-02778,59,Male,41,139.16,Month-to-month,2,Fiber optic,Mailed check,5705.56,Yes,0.6191278588473527,61.91,Medium,86.16
CUST-02779,73,Female,66,58.89,Two year,2,Fiber optic,Electronic check,3886.74,No,0.2804065955544807,28.04,Low,16.51
CUST-02780,53,Female,25,101.46,One year,5,DSL,Mailed check,2536.5,No,0.3077285129725084,30.77,Low,31.22
CUST-02781,37,Male,61,126.77,One year,2,Fiber optic,Mailed check,7732.97,No,0.31203003039073673,31.2,Low,39.56
CUST-02782,21,Male,66,86.53,Month-to-month,1,Fiber optic,Electronic check,5710.98,Yes,0.461917658565751,46.19,Medium,39.97
CUST-02783,71,Female,42,113.34,Two year,3,Fiber optic,Mailed check,4760.28,No,0.2908165128130077,29.08,Low,32.96
CUST-02784,24,Male,65,60.43,Two year,2,DSL,Bank transfer,3927.95,No,0.26780240610400596,26.78,Low,16.18
CUST-02785,71,Male,36,59.79,Two year,5,Fiber optic,Electronic check,2152.44,No,0.34621237555743906,34.62,Low,20.7
CUST-02786,18,Male,9,106.79,Two year,4,No,Bank transfer,961.11,No,0.2427862413832788,24.28,Low,25.93
CUST-02787,61,Male,36,111.7,Month-to-month,2,Fiber optic,Bank transfer,4021.2,No,0.5262887435707295,52.63,Medium,58.79
CUST-02788,73,Female,38,141.81,One year,3,DSL,Credit card,5388.78,No,0.47466616797638733,47.47,Medium,67.31
CUST-02789,62,Male,33,49.23,One year,7,Fiber optic,Credit card,1624.59,Yes,0.6763576997078798,67.64,Medium,33.3
CUST-02790,59,Male,42,80.87,Month-to-month,1,No,Mailed check,3396.54,No,0.4259676845104922,42.6,Medium,34.45
CUST-02791,64,Male,61,52.57,Month-to-month,6,Fiber optic,Bank transfer,3206.77,Yes,0.7578252542555278,75.78,High,39.84
CUST-02792,30,Female,46,30.41,Month-to-month,3,DSL,Mailed check,1398.86,No,0.5227116657734547,52.27,Medium,15.9
CUST-02793,72,Female,61,72.42,Month-to-month,0,Fiber optic,Electronic check,4417.62,No,0.377436192298794,37.74,Low,27.33
CUST-02794,39,Male,18,68.63,Two year,2,Fiber optic,Bank transfer,1235.34,Yes,0.4430049301138699,44.3,Medium,30.4
CUST-02795,71,Male,70,55.16,One year,1,Fiber optic,Mailed check,3861.2,No,0.2347887333786151,23.48,Low,12.95
CUST-02796,38,Female,15,58.61,Month-to-month,4,Fiber optic,Bank transfer,879.15,No,0.48602078761943945,48.6,Medium,28.49
CUST-02797,39,Male,48,66.85,Month-to-month,2,Fiber optic,Mailed check,3208.8,Yes,0.5437855220755426,54.38,Medium,36.35
CUST-02798,45,Male,72,148.55,One year,2,DSL,Electronic check,10695.6,No,0.2776565907743652,27.77,Low,41.25
CUST-02799,26,Female,13,121.78,Month-to-month,2,Fiber optic,Credit card,1583.14,No,0.5346802104523958,53.47,Medium,65.11
CUST-02800,43,Male,43,29.28,Month-to-month,3,Fiber optic,Bank transfer,1259.04,No,0.43617032671389977,43.62,Medium,12.77
CUST-02801,26,Male,60,133.41,Month-to-month,1,Fiber optic,Mailed check,8004.6,No,0.3973204943181095,39.73,Low,53.01
CUST-02802,32,Female,57,102.33,Month-to-month,4,DSL,Credit card,5832.81,No,0.4723608340989004,47.24,Medium,48.34
CUST-02803,27,Female,71,135.78,Month-to-month,4,Fiber optic,Electronic check,9640.38,Yes,0.6022215609587172,60.22,Medium,81.77
CUST-02804,41,Male,17,64.42,One year,2,DSL,Credit card,1095.14,No,0.39208505551629774,39.21,Low,25.26
CUST-02805,75,Female,50,80.39,Month-to-month,2,Fiber optic,Electronic check,4019.5,No,0.496066390415114,49.61,Medium,39.88
CUST-02806,74,Male,32,136.51,Month-to-month,3,DSL,Mailed check,4368.32,No,0.5439406287913575,54.39,Medium,74.25
CUST-02807,59,Male,22,55.43,One year,4,DSL,Electronic check,1219.46,No,0.37038629670055256,37.04,Low,20.53
CUST-02808,25,Male,55,139.02,One year,2,Fiber optic,Credit card,7646.1,Yes,0.4769213004223479,47.69,Medium,66.3
CUST-02809,41,Female,57,127.7,Month-to-month,3,No,Mailed check,7278.9,No,0.5321922608760984,53.22,Medium,67.96
CUST-02810,33,Female,13,147.47,One year,2,No,Mailed check,1917.11,No,0.38923119666685596,38.92,Low,57.4
CUST-02811,66,Male,47,62.15,Two year,4,Fiber optic,Bank transfer,2921.05,No,0.38804250064337914,38.8,Low,24.12
CUST-02812,43,Male,62,50.65,Two year,2,Fiber optic,Mailed check,3140.3,No,0.2636281578875909,26.36,Low,13.35
CUST-02813,44,Female,54,63.01,One year,6,DSL,Mailed check,3402.54,No,0.3810597296075826,38.11,Low,24.01
CUST-02814,54,Female,29,144.1,One year,1,DSL,Mailed check,4178.9,Yes,0.6227861935407709,62.28,Medium,89.74
CUST-02815,21,Female,22,63.3,Month-to-month,4,Fiber optic,Bank transfer,1392.6,No,0.4571931229314867,45.72,Medium,28.94
CUST-02816,67,Male,65,93.48,One year,2,Fiber optic,Electronic check,6076.2,No,0.24903661725046036,24.9,Low,23.28
CUST-02817,41,Female,29,72.48,One year,2,No,Credit card,2101.92,Yes,0.568418530327484,56.84,Medium,41.2
CUST-02818,36,Female,48,71.51,Month-to-month,4,No,Mailed check,3432.48,Yes,0.6989011923777827,69.89,Medium,49.98
CUST-02819,53,Male,5,45.14,Month-to-month,3,No,Credit card,225.7,No,0.43776579676308575,43.78,Medium,19.76
CUST-02820,56,Male,35,89.82,One year,2,DSL,Credit card,3143.7,Yes,0.4218982376141716,42.19,Medium,37.89
CUST-02821,27,Male,71,130.42,Two year,4,No,Mailed check,9259.82,Yes,0.6945041504833468,69.45,Medium,90.58
CUST-02822,42,Female,46,26.43,Month-to-month,1,Fiber optic,Credit card,1215.78,No,0.37716112289382187,37.72,Low,9.97
CUST-02823,35,Male,35,135.6,Month-to-month,3,No,Electronic check,4746.0,Yes,0.6063898071505617,60.64,Medium,82.23
CUST-02824,36,Male,45,106.51,One year,5,Fiber optic,Credit card,4792.95,No,0.3450502613765023,34.51,Low,36.75
CUST-02825,53,Male,13,100.18,Month-to-month,1,Fiber optic,Credit card,1302.34,No,0.48444405369978455,48.44,Medium,48.53
CUST-02826,27,Male,10,101.37,One year,0,DSL,Bank transfer,1013.7,No,0.2610439213939281,26.1,Low,26.46
CUST-02827,50,Female,66,58.52,Month-to-month,4,DSL,Electronic check,3862.32,Yes,0.6387053976589544,63.87,Medium,37.38
CUST-02828,72,Male,70,73.97,Month-to-month,4,Fiber optic,Credit card,5177.9,No,0.5733605158277135,57.34,Medium,42.41
CUST-02829,67,Female,72,123.91,One year,2,No,Mailed check,8921.52,No,0.24197604727650215,24.2,Low,29.98
CUST-02830,22,Female,25,59.83,Month-to-month,4,DSL,Credit card,1495.75,Yes,0.6352332530275308,63.52,Medium,38.01
CUST-02831,64,Female,44,81.1,Month-to-month,2,DSL,Mailed check,3568.4,Yes,0.5843891974426803,58.44,Medium,47.39
CUST-02832,66,Male,60,22.55,Month-to-month,1,DSL,Electronic check,1353.0,No,0.39429067570531323,39.43,Low,8.89
CUST-02833,52,Female,47,115.36,Month-to-month,2,DSL,Electronic check,5421.92,No,0.546441859186866,54.64,Medium,63.04
CUST-02834,61,Male,40,74.3,One year,1,DSL,Bank transfer,2972.0,No,0.22902798551822456,22.9,Low,17.02
CUST-02835,51,Male,7,88.3,Month-to-month,4,DSL,Mailed check,618.1,Yes,0.7725411170019671,77.25,High,68.22
CUST-02836,50,Male,46,34.91,Month-to-month,6,DSL,Mailed check,1605.86,Yes,0.7169569480923321,71.7,High,25.03
CUST-02837,72,Female,23,148.92,Month-to-month,6,No,Electronic check,3425.16,No,0.37742348256226044,37.74,Low,56.21
CUST-02838,38,Male,46,59.32,Month-to-month,1,No,Mailed check,2728.72,No,0.40192771967054247,40.19,Medium,23.84
CUST-02839,34,Male,13,102.55,One year,1,Fiber optic,Mailed check,1333.15,No,0.285058568631125,28.51,Low,29.23
CUST-02840,39,Male,21,95.56,Month-to-month,0,No,Credit card,2006.76,No,0.40600609680541866,40.6,Medium,38.8
CUST-02841,65,Female,1,122.06,Two year,2,DSL,Bank transfer,122.06,No,0.3522907497465241,35.23,Low,43.0
CUST-02842,54,Female,19,58.2,Month-to-month,3,Fiber optic,Credit card,1105.8,No,0.48713905134296387,48.71,Medium,28.35
CUST-02843,32,Female,60,118.27,Month-to-month,1,Fiber optic,Electronic check,7096.2,Yes,0.5091900055113444,50.92,Medium,60.22
CUST-02844,52,Male,33,69.73,One year,1,DSL,Mailed check,2301.09,No,0.2481568165283016,24.82,Low,17.3
CUST-02845,45,Female,4,73.45,Two year,4,Fiber optic,Mailed check,293.8,No,0.3440897971625681,34.41,Low,25.27
CUST-02846,24,Male,3,107.45,Two year,4,No,Electronic check,322.35,No,0.2341942928429557,23.42,Low,25.16
CUST-02847,49,Male,52,121.96,Month-to-month,3,DSL,Mailed check,6341.92,No,0.6088310271296611,60.88,Medium,74.25
CUST-02848,28,Female,28,106.69,Month-to-month,2,DSL,Electronic check,2987.32,No,0.450462253057768,45.05,Medium,48.06
CUST-02849,27,Male,70,136.98,Two year,2,No,Bank transfer,9588.6,No,0.23316262955586878,23.32,Low,31.94
CUST-02850,26,Female,70,57.07,Month-to-month,4,DSL,Mailed check,3994.9,No,0.5109323869843634,51.09,Medium,29.16
CUST-02851,31,Male,55,137.08,Two year,3,Fiber optic,Credit card,7539.4,No,0.3238270559415056,32.38,Low,44.39
CUST-02852,30,Female,57,37.01,One year,4,No,Credit card,2109.57,No,0.35780323211646453,35.78,Low,13.24
CUST-02853,74,Male,16,105.74,Two year,1,No,Bank transfer,1691.84,Yes,0.6229810399127383,62.3,Medium,65.87
CUST-02854,42,Male,24,91.19,Two year,1,No,Electronic check,2188.56,No,0.2387958823288965,23.88,Low,21.78
CUST-02855,19,Male,69,84.3,Month-to-month,3,Fiber optic,Mailed check,5816.7,No,0.44723470195852616,44.72,Medium,37.7
CUST-02856,52,Male,41,60.42,One year,3,DSL,Mailed check,2477.22,No,0.34149390468383856,34.15,Low,20.63
CUST-02857,24,Male,47,85.49,Month-to-month,2,Fiber optic,Credit card,4018.03,Yes,0.4633826796142598,46.34,Medium,39.61
CUST-02858,38,Female,69,41.03,Month-to-month,2,Fiber optic,Electronic check,2831.07,No,0.4465795336427207,44.66,Medium,18.32
CUST-02859,35,Male,31,68.01,Month-to-month,8,Fiber optic,Electronic check,2108.31,No,0.41475183860397363,41.48,Medium,28.21
CUST-02860,20,Female,30,32.83,Month-to-month,5,No,Mailed check,984.9,Yes,0.7427346747784443,74.27,High,24.38
CUST-02861,59,Female,18,94.34,One year,4,No,Mailed check,1698.12,No,0.3678483157843548,36.78,Low,34.7
CUST-02862,71,Female,44,32.45,Two year,0,Fiber optic,Credit card,1427.8,No,0.1835354231730042,18.35,Low,5.96
CUST-02863,56,Male,27,40.84,One year,3,DSL,Electronic check,1102.68,No,0.31881289216140807,31.88,Low,13.02
CUST-02864,58,Male,26,31.11,Month-to-month,2,DSL,Mailed check,808.86,Yes,0.5564099399634866,55.64,Medium,17.31
CUST-02865,66,Male,60,69.57,Two year,1,Fiber optic,Mailed check,4174.2,No,0.2325780414448349,23.26,Low,16.18
CUST-02866,28,Female,18,129.45,Two year,2,DSL,Credit card,2330.1,No,0.3048368717012914,30.48,Low,39.46
CUST-02867,56,Male,56,137.9,One year,6,DSL,Credit card,7722.4,No,0.3660976978501598,36.61,Low,50.48
CUST-02868,41,Male,31,29.35,One year,2,Fiber optic,Mailed check,909.85,No,0.26258650530130806,26.26,Low,7.71
CUST-02869,63,Female,59,102.49,Two year,1,Fiber optic,Bank transfer,6046.91,Yes,0.4943298597495965,49.43,Medium,50.66
CUST-02870,36,Female,2,108.97,Month-to-month,0,Fiber optic,Credit card,217.94,No,0.5090164551243251,50.9,Medium,55.47
CUST-02871,21,Female,39,89.39,Two year,2,DSL,Mailed check,3486.21,No,0.25386350179412964,25.39,Low,22.69
CUST-02872,43,Female,61,106.71,Two year,2,Fiber optic,Bank transfer,6509.31,No,0.3004053757332435,30.04,Low,32.06
CUST-02873,55,Female,63,50.38,Two year,1,DSL,Mailed check,3173.94,No,0.19136477658437473,19.14,Low,9.64
CUST-02874,59,Female,18,83.65,Month-to-month,3,Fiber optic,Electronic check,1505.7,No,0.5144115149777135,51.44,Medium,43.03
CUST-02875,49,Male,17,70.81,Two year,2,Fiber optic,Bank transfer,1203.77,Yes,0.4495663910735876,44.96,Medium,31.83
CUST-02876,56,Female,39,31.66,Month-to-month,3,Fiber optic,Electronic check,1234.74,No,0.46414631028009146,46.41,Medium,14.69
CUST-02877,62,Male,71,101.32,One year,0,DSL,Mailed check,7193.72,No,0.22994116856530356,22.99,Low,23.3
CUST-02878,63,Male,54,84.38,Two year,1,DSL,Bank transfer,4556.52,No,0.2923275075941668,29.23,Low,24.67
CUST-02879,53,Male,35,55.77,Month-to-month,0,No,Electronic check,1951.95,Yes,0.49257562651419656,49.26,Medium,27.47
CUST-02880,57,Female,11,81.58,Month-to-month,4,DSL,Credit card,897.38,Yes,0.7526256093999831,75.26,High,61.4
CUST-02881,54,Male,61,120.79,Two year,2,Fiber optic,Bank transfer,7368.19,No,0.32760788165084787,32.76,Low,39.57
CUST-02882,50,Female,44,124.22,Two year,3,DSL,Credit card,5465.68,Yes,0.5840409926014442,58.4,Medium,72.55
CUST-02883,53,Female,68,104.44,Two year,2,DSL,Credit card,7101.92,No,0.3264088883706388,32.64,Low,34.09
CUST-02884,20,Male,25,80.81,Month-to-month,5,DSL,Electronic check,2020.25,Yes,0.6123157460378618,61.23,Medium,49.48
CUST-02885,26,Female,48,94.85,One year,5,No,Mailed check,4552.8,Yes,0.5515216000344721,55.15,Medium,52.31
CUST-02886,25,Male,32,70.05,Month-to-month,3,DSL,Electronic check,2241.6,No,0.44195229683973747,44.2,Medium,30.96
CUST-02887,50,Male,4,36.45,One year,4,No,Mailed check,145.8,No,0.34261522646100495,34.26,Low,12.49
CUST-02888,23,Female,38,70.13,Month-to-month,5,Fiber optic,Electronic check,2664.94,No,0.48048704328847475,48.05,Medium,33.7
CUST-02889,58,Male,63,88.94,One year,5,Fiber optic,Electronic check,5603.22,Yes,0.4606286970131187,46.06,Medium,40.97
CUST-02890,56,Male,47,97.85,Month-to-month,1,Fiber optic,Bank transfer,4598.95,Yes,0.47700739855533225,47.7,Medium,46.68
CUST-02891,21,Male,1,141.65,Two year,4,No,Mailed check,141.65,Yes,0.8748621911638058,87.49,High,123.92
CUST-02892,30,Female,3,121.05,One year,2,Fiber optic,Credit card,363.15,No,0.4237885927939171,42.38,Medium,51.3
CUST-02893,66,Male,62,39.76,One year,2,Fiber optic,Mailed check,2465.12,No,0.2556150386303486,25.56,Low,10.16
CUST-02894,19,Female,64,42.64,Month-to-month,0,Fiber optic,Mailed check,2728.96,No,0.3711547130387765,37.12,Low,15.83
CUST-02895,22,Female,17,33.06,One year,4,DSL,Electronic check,562.02,No,0.32389688756062296,32.39,Low,10.71
CUST-02896,61,Male,62,115.96,Month-to-month,1,DSL,Credit card,7189.52,No,0.5557507237927414,55.58,Medium,64.44
CUST-02897,44,Male,35,111.8,Month-to-month,3,No,Bank transfer,3913.0,No,0.5363366926907764,53.63,Medium,59.96
CUST-02898,49,Female,13,148.23,One year,0,Fiber optic,Electronic check,1926.99,No,0.20366103323186194,20.37,Low,30.19
CUST-02899,38,Female,35,87.86,Two year,3,Fiber optic,Bank transfer,3075.1,No,0.2939052007304683,29.39,Low,25.82
CUST-02900,25,Male,43,127.43,Month-to-month,3,Fiber optic,Bank transfer,5479.49,No,0.4682139972339168,46.82,Medium,59.66
CUST-02901,55,Male,2,94.94,Month-to-month,2,Fiber optic,Mailed check,189.88,Yes,0.6951791409471407,69.52,Medium,66.0
CUST-02902,25,Female,56,133.63,One year,2,Fiber optic,Credit card,7483.28,No,0.3483998040998017,34.84,Low,46.56
CUST-02903,67,Female,51,113.73,Two year,2,Fiber optic,Mailed check,5800.23,No,0.36053558888278897,36.05,Low,41.0
CUST-02904,20,Female,54,103.57,Month-to-month,4,Fiber optic,Credit card,5592.78,No,0.4629229410056525,46.29,Medium,47.94
CUST-02905,71,Female,16,93.47,Two year,5,DSL,Bank transfer,1495.52,No,0.3365397163389229,33.65,Low,31.46
CUST-02906,61,Female,18,113.99,Two year,3,DSL,Mailed check,2051.82,No,0.24959835375073727,24.96,Low,28.45
CUST-02907,75,Male,7,74.55,Month-to-month,3,No,Bank transfer,521.85,No,0.46084945517270653,46.08,Medium,34.36
CUST-02908,20,Female,45,32.55,Month-to-month,4,No,Electronic check,1464.75,No,0.5511351311101618,55.11,Medium,17.94
CUST-02909,39,Female,36,25.2,One year,1,Fiber optic,Credit card,907.2,No,0.20194460380666315,20.19,Low,5.09
CUST-02910,23,Male,41,82.27,Two year,2,Fiber optic,Bank transfer,3373.07,No,0.24538175367259324,24.54,Low,20.19
CUST-02911,19,Male,42,97.91,One year,3,Fiber optic,Bank transfer,4112.22,No,0.2657260468353425,26.57,Low,26.02
CUST-02912,40,Female,7,30.25,Month-to-month,1,Fiber optic,Credit card,211.75,Yes,0.6932783705793905,69.33,Medium,20.97
CUST-02913,61,Female,15,57.3,Month-to-month,3,DSL,Bank transfer,859.5,No,0.5261578500081193,52.62,Medium,30.15
CUST-02914,19,Male,60,61.86,Month-to-month,2,Fiber optic,Electronic check,3711.6,No,0.34185135067694733,34.19,Low,21.15
CUST-02915,55,Female,40,93.16,One year,1,DSL,Bank transfer,3726.4,No,0.22060697084463712,22.06,Low,20.55
CUST-02916,34,Female,37,56.2,Month-to-month,4,No,Bank transfer,2079.4,Yes,0.6378840352366602,63.79,Medium,35.85
CUST-02917,52,Male,66,32.43,Month-to-month,9,Fiber optic,Credit card,2140.38,No,0.48225382499072245,48.23,Medium,15.64
CUST-02918,51,Female,55,41.43,Month-to-month,3,DSL,Credit card,2278.65,Yes,0.5259472352980125,52.59,Medium,21.79
CUST-02919,40,Male,56,42.61,Month-to-month,1,No,Electronic check,2386.16,No,0.36070469272054323,36.07,Low,15.37
CUST-02920,47,Male,44,129.55,Month-to-month,3,No,Bank transfer,5700.2,No,0.5683693292337463,56.84,Medium,73.63
CUST-02921,69,Male,57,56.96,Month-to-month,3,Fiber optic,Mailed check,3246.72,No,0.48000899780500805,48.0,Medium,27.34
CUST-02922,25,Male,6,112.91,Two year,4,Fiber optic,Electronic check,677.46,No,0.3451352972738809,34.51,Low,38.97
CUST-02923,39,Female,32,93.82,Month-to-month,2,Fiber optic,Mailed check,3002.24,Yes,0.5971431403977266,59.71,Medium,56.02
CUST-02924,61,Male,18,147.02,One year,5,Fiber optic,Bank transfer,2646.36,No,0.4676113202788625,46.76,Medium,68.75
CUST-02925,75,Female,68,55.47,Month-to-month,5,Fiber optic,Bank transfer,3771.96,Yes,0.7371814873421211,73.72,High,40.89
CUST-02926,53,Female,7,40.59,Month-to-month,4,Fiber optic,Credit card,284.13,Yes,0.8404694995030976,84.05,High,34.11
CUST-02927,22,Female,8,26.76,Month-to-month,1,No,Electronic check,214.08,No,0.3257034759245946,32.57,Low,8.72
CUST-02928,30,Female,64,51.32,Month-to-month,2,Fiber optic,Mailed check,3284.48,Yes,0.541910517976685,54.19,Medium,27.81
CUST-02929,46,Female,7,108.93,Month-to-month,1,DSL,Bank transfer,762.51,No,0.6727889834980147,67.28,Medium,73.29
CUST-02930,48,Male,41,31.08,Two year,1,DSL,Bank transfer,1274.28,No,0.3396998879606196,33.97,Low,10.56
CUST-02931,64,Male,40,51.81,Month-to-month,9,DSL,Credit card,2072.4,Yes,0.7898643829921745,78.99,High,40.92
CUST-02932,74,Male,3,131.19,Month-to-month,0,Fiber optic,Credit card,393.57,No,0.4974153880754921,49.74,Medium,65.26
CUST-02933,72,Male,17,95.78,Two year,3,DSL,Credit card,1628.26,No,0.277986513943876,27.8,Low,26.63
CUST-02934,33,Female,66,29.04,Month-to-month,2,No,Electronic check,1916.64,Yes,0.5064616080142976,50.65,Medium,14.71
CUST-02935,59,Male,52,26.2,One year,1,No,Electronic check,1362.4,Yes,0.5760252700217239,57.6,Medium,15.09
CUST-02936,47,Female,22,27.95,Month-to-month,3,Fiber optic,Bank transfer,614.9,No,0.48083823347418814,48.08,Medium,13.44
CUST-02937,74,Female,4,142.44,Month-to-month,2,No,Mailed check,569.76,Yes,0.8766365054864081,87.66,High,124.87
CUST-02938,72,Male,6,130.48,One year,2,DSL,Electronic check,782.88,No,0.28529150525491703,28.53,Low,37.22
CUST-02939,33,Male,38,129.84,Two year,2,Fiber optic,Credit card,4933.92,No,0.29266887389121526,29.27,Low,38.0
CUST-02940,29,Male,26,140.15,Month-to-month,3,Fiber optic,Credit card,3643.9,Yes,0.5834457290988976,58.34,Medium,81.77
CUST-02941,34,Male,11,85.68,Month-to-month,1,DSL,Electronic check,942.48,No,0.4813556927553579,48.14,Medium,41.24
CUST-02942,33,Female,17,52.15,Month-to-month,1,No,Bank transfer,886.55,No,0.4640205554838291,46.4,Medium,24.2
CUST-02943,29,Female,31,72.18,Month-to-month,4,Fiber optic,Bank transfer,2237.58,No,0.4922460579998284,49.22,Medium,35.53
CUST-02944,25,Male,35,113.45,Two year,5,DSL,Bank transfer,3970.75,No,0.2743022040019194,27.43,Low,31.12
CUST-02945,37,Female,16,133.88,Month-to-month,4,DSL,Bank transfer,2142.08,No,0.5541108386882255,55.41,Medium,74.18
CUST-02946,20,Female,18,76.56,Two year,2,Fiber optic,Credit card,1378.08,No,0.21372376595237266,21.37,Low,16.36
CUST-02947,33,Female,62,89.6,Month-to-month,2,DSL,Electronic check,5555.2,No,0.47566646165110704,47.57,Medium,42.62
CUST-02948,47,Male,27,141.13,Two year,2,DSL,Credit card,3810.51,Yes,0.5504740454885156,55.05,Medium,77.69
CUST-02949,62,Female,35,33.97,Month-to-month,1,Fiber optic,Mailed check,1188.95,No,0.4715118279806185,47.15,Medium,16.02
CUST-02950,40,Male,45,132.1,Two year,2,No,Bank transfer,5944.5,No,0.2228807273763754,22.29,Low,29.44
CUST-02951,45,Male,35,40.71,Month-to-month,2,No,Bank transfer,1424.85,Yes,0.5103156394586315,51.03,Medium,20.77
CUST-02952,68,Female,28,82.9,One year,2,Fiber optic,Mailed check,2321.2,No,0.33203514650529325,33.2,Low,27.53
CUST-02953,57,Female,9,48.4,One year,1,Fiber optic,Mailed check,435.6,No,0.3596983635753024,35.97,Low,17.41
CUST-02954,71,Male,15,98.38,Month-to-month,0,No,Credit card,1475.7,No,0.3430786833676336,34.31,Low,33.75
CUST-02955,22,Female,21,92.61,Two year,2,Fiber optic,Mailed check,1944.81,No,0.19730044578201816,19.73,Low,18.27
CUST-02956,37,Female,52,69.4,One year,3,Fiber optic,Bank transfer,3608.8,No,0.3567198781694476,35.67,Low,24.76
CUST-02957,57,Male,35,132.23,Two year,1,Fiber optic,Mailed check,4628.05,No,0.30169822926371925,30.17,Low,39.89
CUST-02958,73,Male,51,105.78,Month-to-month,1,Fiber optic,Credit card,5394.78,Yes,0.5729176890936222,57.29,Medium,60.6
CUST-02959,61,Male,55,113.76,One year,1,DSL,Mailed check,6256.8,Yes,0.5276849318509843,52.77,Medium,60.03
CUST-02960,18,Male,44,39.59,Two year,2,No,Mailed check,1741.96,Yes,0.6965812494372162,69.66,Medium,27.58
CUST-02961,74,Female,65,134.81,Month-to-month,5,Fiber optic,Credit card,8762.65,Yes,0.6997432918231952,69.97,Medium,94.33
CUST-02962,47,Female,25,41.72,Month-to-month,1,Fiber optic,Credit card,1043.0,No,0.501026445609476,50.1,Medium,20.9
CUST-02963,38,Male,47,48.96,Two year,3,Fiber optic,Credit card,2301.12,Yes,0.39932012107159454,39.93,Low,19.55
CUST-02964,37,Male,56,36.65,Month-to-month,0,DSL,Bank transfer,2052.4,Yes,0.49777583968118855,49.78,Medium,18.24
CUST-02965,23,Male,38,77.25,Month-to-month,3,DSL,Bank transfer,2935.5,No,0.45958508257145764,45.96,Medium,35.5
CUST-02966,39,Female,11,135.4,Month-to-month,1,DSL,Mailed check,1489.4,Yes,0.803506845914874,80.35,High,108.79
CUST-02967,35,Male,67,52.82,Two year,2,DSL,Bank transfer,3538.94,No,0.2741262857988007,27.41,Low,14.48
CUST-02968,25,Female,15,68.59,Two year,1,DSL,Electronic check,1028.85,No,0.20215380546240028,20.22,Low,13.87
CUST-02969,56,Male,1,129.99,Two year,3,Fiber optic,Credit card,129.99,No,0.3572495895380605,35.72,Low,46.44
CUST-02970,49,Male,7,100.32,One year,2,No,Electronic check,702.24,No,0.27068319630709275,27.07,Low,27.15
CUST-02971,50,Male,1,117.71,Month-to-month,2,Fiber optic,Credit card,117.71,Yes,0.7482128970819979,74.82,High,88.07
CUST-02972,70,Female,49,47.82,Month-to-month,1,DSL,Mailed check,2343.18,No,0.4346675576009881,43.47,Medium,20.79
CUST-02973,33,Female,29,113.14,Month-to-month,2,Fiber optic,Credit card,3281.06,No,0.5783457460098574,57.83,Medium,65.43
CUST-02974,29,Female,26,49.59,Month-to-month,2,Fiber optic,Bank transfer,1289.34,No,0.47156624915016465,47.16,Medium,23.38
CUST-02975,55,Male,45,148.35,Month-to-month,2,Fiber optic,Mailed check,6675.75,Yes,0.6588348248657054,65.88,Medium,97.74
CUST-02976,69,Female,71,92.79,Two year,2,DSL,Credit card,6588.09,No,0.2839855454507154,28.4,Low,26.35
CUST-02977,51,Female,12,110.43,Two year,2,Fiber optic,Mailed check,1325.16,No,0.3053896374264014,30.54,Low,33.72
CUST-02978,31,Male,32,35.39,One year,2,No,Mailed check,1132.48,No,0.3043305287422643,30.43,Low,10.77
CUST-02979,53,Male,20,52.59,Two year,2,Fiber optic,Mailed check,1051.8,No,0.23471079917454252,23.47,Low,12.34
CUST-02980,50,Female,51,38.17,Two year,1,DSL,Electronic check,1946.67,No,0.20390054336693528,20.39,Low,7.78
CUST-02981,40,Female,36,70.72,One year,2,Fiber optic,Bank transfer,2545.92,No,0.3219808466664249,32.2,Low,22.77
CUST-02982,67,Female,67,56.94,Month-to-month,0,DSL,Mailed check,3814.98,Yes,0.5797977285539453,57.98,Medium,33.01
CUST-02983,62,Female,1,115.28,Month-to-month,3,Fiber optic,Bank transfer,115.28,No,0.4858892471769719,48.59,Medium,56.01
CUST-02984,19,Male,27,34.13,Month-to-month,4,No,Credit card,921.51,No,0.5144889471958498,51.45,Medium,17.56
CUST-02985,58,Male,40,117.77,Month-to-month,1,Fiber optic,Mailed check,4710.8,Yes,0.5995142060085846,59.95,Medium,70.6
CUST-02986,38,Male,14,25.94,Month-to-month,4,Fiber optic,Bank transfer,363.16,No,0.4663055114478449,46.63,Medium,12.1
CUST-02987,19,Female,69,46.26,Two year,4,Fiber optic,Mailed check,3191.94,No,0.22804536848563706,22.8,Low,10.55
CUST-02988,44,Female,6,122.96,Month-to-month,4,DSL,Electronic check,737.76,No,0.6631270046419576,66.31,Medium,81.54
CUST-02989,74,Male,33,116.56,Month-to-month,6,DSL,Credit card,3846.48,No,0.5750787494868005,57.51,Medium,67.03
CUST-02990,26,Male,55,81.92,One year,4,Fiber optic,Electronic check,4505.6,No,0.25558189926966035,25.56,Low,20.94
CUST-02991,18,Female,19,26.5,One year,1,DSL,Mailed check,503.5,No,0.2514881460591139,25.15,Low,6.66
CUST-02992,28,Female,29,99.29,Month-to-month,3,Fiber optic,Bank transfer,2879.41,No,0.48882365198216593,48.88,Medium,48.54
CUST-02993,20,Male,61,72.87,Month-to-month,2,DSL,Mailed check,4445.07,Yes,0.5654589866312335,56.55,Medium,41.2
CUST-02994,69,Male,70,61.15,Two year,2,Fiber optic,Mailed check,4280.5,No,0.26485404897081444,26.49,Low,16.2
CUST-02995,40,Male,24,103.25,Month-to-month,3,Fiber optic,Mailed check,2478.0,No,0.4934155250166331,49.34,Medium,50.95
CUST-02996,43,Female,23,76.76,Two year,1,Fiber optic,Electronic check,1765.48,No,0.31885307082468517,31.89,Low,24.48
CUST-02997,21,Female,10,32.01,Month-to-month,1,Fiber optic,Electronic check,320.1,No,0.4268245983842148,42.68,Medium,13.66
CUST-02998,35,Female,54,139.07,Month-to-month,0,No,Bank transfer,7509.78,Yes,0.6391001340558456,63.91,Medium,88.88
CUST-02999,72,Female,41,121.2,Month-to-month,0,DSL,Credit card,4969.2,No,0.40684243457201547,40.68,Medium,49.31
CUST-03000,23,Female,49,27.33,One year,4,Fiber optic,Credit card,1339.17,No,0.2520632428961816,25.21,Low,6.89
CUST-03001,52,Female,17,88.26,Two year,4,DSL,Bank transfer,1500.42,Yes,0.5084321736823635,50.84,Medium,44.87
CUST-03002,39,Male,56,30.84,Month-to-month,3,DSL,Mailed check,1727.04,Yes,0.6036260894092312,60.36,Medium,18.62
CUST-03003,60,Male,45,128.85,Month-to-month,2,DSL,Credit card,5798.25,No,0.5791663156037062,57.92,Medium,74.63
CUST-03004,32,Female,30,99.69,Month-to-month,2,Fiber optic,Electronic check,2990.7,Yes,0.49869227197910465,49.87,Medium,49.71
CUST-03005,39,Male,44,42.42,One year,1,Fiber optic,Bank transfer,1866.48,No,0.20030335674813535,20.03,Low,8.5
CUST-03006,54,Female,55,22.7,Month-to-month,2,DSL,Bank transfer,1248.5,Yes,0.5653984722122078,56.54,Medium,12.83
CUST-03007,69,Male,19,24.11,Month-to-month,8,Fiber optic,Mailed check,458.09,No,0.3934037727980162,39.34,Low,9.48
CUST-03008,59,Female,29,85.96,Month-to-month,5,DSL,Credit card,2492.84,Yes,0.7090595866213596,70.91,High,60.95
CUST-03009,29,Male,2,115.47,Month-to-month,0,Fiber optic,Credit card,230.94,Yes,0.7687718323303597,76.88,High,88.77
CUST-03010,64,Male,36,35.71,Two year,2,Fiber optic,Mailed check,1285.56,Yes,0.41830816606190124,41.83,Medium,14.94
CUST-03011,66,Female,19,48.77,One year,1,Fiber optic,Bank transfer,926.63,No,0.3470405762639135,34.7,Low,16.93
CUST-03012,59,Female,7,62.54,Month-to-month,0,Fiber optic,Bank transfer,437.78,No,0.5660944940449458,56.61,Medium,35.4
CUST-03013,55,Male,26,48.35,Month-to-month,2,Fiber optic,Bank transfer,1257.1,No,0.46087132350164156,46.09,Medium,22.28
CUST-03014,35,Male,38,70.87,Month-to-month,2,DSL,Bank transfer,2693.06,No,0.5255132607799915,52.55,Medium,37.24
CUST-03015,62,Female,3,92.75,Month-to-month,6,DSL,Electronic check,278.25,Yes,0.9160566115202299,91.61,High,84.96
CUST-03016,52,Male,66,109.04,One year,5,Fiber optic,Electronic check,7196.64,No,0.38705170071791445,38.71,Low,42.2
CUST-03017,47,Female,71,145.29,Month-to-month,7,Fiber optic,Bank transfer,10315.59,Yes,0.6818608279792613,68.19,Medium,99.07
CUST-03018,41,Female,43,141.01,Month-to-month,1,No,Bank transfer,6063.43,No,0.5663108173027295,56.63,Medium,79.86
CUST-03019,59,Male,62,94.12,Month-to-month,5,No,Bank transfer,5835.44,Yes,0.7027618099603234,70.28,High,66.14
CUST-03020,47,Female,71,115.44,One year,5,Fiber optic,Electronic check,8196.24,Yes,0.5833344723194848,58.33,Medium,67.34
CUST-03021,31,Male,24,143.61,One year,2,No,Mailed check,3446.64,No,0.34870028019916227,34.87,Low,50.08
CUST-03022,23,Male,39,30.85,Two year,0,Fiber optic,Credit card,1203.15,No,0.10181209171670284,10.18,Low,3.14
CUST-03023,20,Female,68,20.73,One year,5,DSL,Electronic check,1409.64,No,0.27780830172607307,27.78,Low,5.76
CUST-03024,33,Male,44,23.87,One year,1,DSL,Bank transfer,1050.28,No,0.19112755233467518,19.11,Low,4.56
CUST-03025,24,Female,5,93.24,One year,4,Fiber optic,Bank transfer,466.2,No,0.486219831699779,48.62,Medium,45.34
CUST-03026,69,Female,55,119.17,Month-to-month,3,DSL,Bank transfer,6554.35,No,0.5887568947625852,58.88,Medium,70.16
CUST-03027,31,Female,30,67.72,Month-to-month,1,DSL,Bank transfer,2031.6,No,0.5328704161376798,53.29,Medium,36.09
CUST-03028,26,Male,29,90.88,Two year,2,Fiber optic,Mailed check,2635.52,No,0.2494736193563844,24.95,Low,22.67
CUST-03029,32,Female,26,87.13,Two year,1,Fiber optic,Electronic check,2265.38,No,0.28797297199106386,28.8,Low,25.09
CUST-03030,38,Male,26,32.32,One year,5,Fiber optic,Credit card,840.32,No,0.3126557970572154,31.27,Low,10.11
CUST-03031,52,Female,37,61.81,One year,1,Fiber optic,Bank transfer,2286.97,No,0.17975475336813757,17.98,Low,11.11
CUST-03032,19,Female,53,22.53,Month-to-month,6,Fiber optic,Mailed check,1194.09,Yes,0.7748303090819005,77.48,High,17.46
CUST-03033,44,Female,30,34.39,Month-to-month,3,Fiber optic,Mailed check,1031.7,Yes,0.5940782414850806,59.41,Medium,20.43
CUST-03034,19,Male,3,125.54,Two year,4,Fiber optic,Bank transfer,376.62,Yes,0.8353923839784504,83.54,High,104.88
CUST-03035,52,Male,43,127.82,Two year,2,DSL,Bank transfer,5496.26,No,0.33895951468364033,33.9,Low,43.33
CUST-03036,35,Female,7,124.25,Month-to-month,1,No,Credit card,869.75,No,0.5882422253328339,58.82,Medium,73.09
CUST-03037,31,Female,49,114.49,Month-to-month,2,Fiber optic,Electronic check,5610.01,No,0.4815355813573498,48.15,Medium,55.13
CUST-03038,37,Male,41,123.13,Month-to-month,0,Fiber optic,Credit card,5048.33,No,0.37919498411559277,37.92,Low,46.69
CUST-03039,35,Male,54,107.23,Month-to-month,1,Fiber optic,Electronic check,5790.42,No,0.4002890204431254,40.03,Medium,42.92
CUST-03040,27,Male,69,107.08,Month-to-month,4,Fiber optic,Mailed check,7388.52,No,0.4990594718160387,49.91,Medium,53.44
CUST-03041,42,Female,27,106.76,One year,1,Fiber optic,Mailed check,2882.52,Yes,0.4850433282251358,48.5,Medium,51.78
CUST-03042,19,Male,8,86.83,Month-to-month,2,DSL,Bank transfer,694.64,No,0.4557451951407919,45.57,Medium,39.57
CUST-03043,42,Female,32,67.24,One year,2,DSL,Credit card,2151.68,Yes,0.4972541322971344,49.73,Medium,33.44
CUST-03044,71,Male,64,114.93,One year,5,DSL,Credit card,7355.52,No,0.3842562463822246,38.43,Low,44.16
CUST-03045,50,Female,10,58.82,Two year,0,No,Bank transfer,588.2,No,0.16974780284684102,16.97,Low,9.98
CUST-03046,53,Female,13,90.58,Two year,0,Fiber optic,Credit card,1177.54,No,0.23732828660359306,23.73,Low,21.5
CUST-03047,48,Female,63,76.34,One year,2,DSL,Mailed check,4809.42,No,0.3317072124233208,33.17,Low,25.32
CUST-03048,31,Male,35,55.96,One year,5,Fiber optic,Mailed check,1958.6,No,0.2833814973498617,28.34,Low,15.86
CUST-03049,18,Male,61,146.71,Month-to-month,4,DSL,Bank transfer,8949.31,Yes,0.6628883252725671,66.29,Medium,97.25
CUST-03050,63,Male,54,53.64,Two year,3,Fiber optic,Bank transfer,2896.56,No,0.28196105890997003,28.2,Low,15.12
CUST-03051,33,Female,8,60.21,Month-to-month,2,Fiber optic,Electronic check,481.68,No,0.5398526845226587,53.99,Medium,32.5
CUST-03052,71,Female,29,41.01,Two year,1,No,Mailed check,1189.29,No,0.12398795350299792,12.4,Low,5.08
CUST-03053,63,Male,41,126.99,Month-to-month,1,Fiber optic,Mailed check,5206.59,Yes,0.6376903283900005,63.77,Medium,80.98
CUST-03054,69,Female,30,96.26,Month-to-month,1,No,Mailed check,2887.8,No,0.46331299235042706,46.33,Medium,44.6
CUST-03055,20,Female,21,99.7,Month-to-month,2,No,Mailed check,2093.7,Yes,0.6051434573923397,60.51,Medium,60.33
CUST-03056,52,Female,11,126.67,One year,4,Fiber optic,Mailed check,1393.37,Yes,0.7705399180513005,77.05,High,97.6
CUST-03057,58,Male,2,64.58,Month-to-month,1,No,Electronic check,129.16,No,0.37185375968952933,37.19,Low,24.01
CUST-03058,23,Female,50,45.17,One year,4,Fiber optic,Bank transfer,2258.5,No,0.2533747404112968,25.34,Low,11.44
CUST-03059,42,Male,41,45.79,Two year,1,DSL,Bank transfer,1877.39,Yes,0.4022977102148437,40.23,Medium,18.42
CUST-03060,30,Male,66,115.24,Month-to-month,4,Fiber optic,Credit card,7605.84,Yes,0.6230587288190075,62.31,Medium,71.8
CUST-03061,70,Male,3,99.83,One year,5,DSL,Mailed check,299.49,Yes,0.7796964970026578,77.97,High,77.84
CUST-03062,51,Male,51,46.82,Month-to-month,1,Fiber optic,Mailed check,2387.82,No,0.3823560293164844,38.24,Low,17.9
CUST-03063,25,Male,68,38.86,Month-to-month,4,Fiber optic,Bank transfer,2642.48,Yes,0.5684435131029748,56.84,Medium,22.09
CUST-03064,38,Female,25,35.69,One year,4,Fiber optic,Mailed check,892.25,Yes,0.5381247779785512,53.81,Medium,19.21
CUST-03065,51,Male,30,101.61,Month-to-month,0,DSL,Mailed check,3048.3,No,0.47693051347133747,47.69,Medium,48.46
CUST-03066,21,Male,11,20.02,Two year,7,Fiber optic,Mailed check,220.22,No,0.21849677078512963,21.85,Low,4.37
CUST-03067,42,Male,17,22.38,One year,2,Fiber optic,Bank transfer,380.46,No,0.28840465010971444,28.84,Low,6.45
CUST-03068,32,Female,26,70.64,Two year,1,Fiber optic,Credit card,1836.64,No,0.25240344395772574,25.24,Low,17.83
CUST-03069,21,Female,23,109.88,One year,4,Fiber optic,Bank transfer,2527.24,No,0.24242473561019484,24.24,Low,26.64
CUST-03070,62,Female,56,110.36,Two year,5,Fiber optic,Mailed check,6180.16,No,0.36764885982169815,36.76,Low,40.57
CUST-03071,29,Female,52,75.92,Month-to-month,6,No,Bank transfer,3947.84,Yes,0.7423059093655117,74.23,High,56.36
CUST-03072,49,Male,48,109.84,Month-to-month,4,DSL,Electronic check,5272.32,Yes,0.691104922342021,69.11,Medium,75.91
CUST-03073,49,Male,20,87.74,Month-to-month,1,No,Mailed check,1754.8,Yes,0.631220582344759,63.12,Medium,55.38
CUST-03074,45,Female,2,147.0,Two year,4,Fiber optic,Bank transfer,294.0,Yes,0.861627203535161,86.16,High,126.66
CUST-03075,30,Female,31,41.12,Month-to-month,0,Fiber optic,Bank transfer,1274.72,Yes,0.5560965542898003,55.61,Medium,22.87
CUST-03076,48,Female,27,98.09,Two year,1,Fiber optic,Credit card,2648.43,No,0.3154724907495514,31.55,Low,30.94
CUST-03077,31,Female,2,83.86,Month-to-month,1,No,Mailed check,167.72,No,0.5800951337417876,58.01,Medium,48.65
CUST-03078,37,Male,4,45.28,Month-to-month,2,DSL,Electronic check,181.12,No,0.4834209880758229,48.34,Medium,21.89
CUST-03079,35,Female,13,117.5,Month-to-month,2,Fiber optic,Electronic check,1527.5,No,0.5273600894396414,52.74,Medium,61.96
CUST-03080,46,Female,35,55.82,One year,3,DSL,Mailed check,1953.7,No,0.3361068320431158,33.61,Low,18.76
CUST-03081,23,Female,72,69.62,Two year,0,Fiber optic,Bank transfer,5012.64,No,0.13107814085050562,13.11,Low,9.13
CUST-03082,49,Female,66,68.73,Month-to-month,3,Fiber optic,Electronic check,4536.18,Yes,0.5212641123144717,52.13,Medium,35.83
CUST-03083,46,Female,6,51.75,One year,1,DSL,Mailed check,310.5,Yes,0.5919304955451038,59.19,Medium,30.63
CUST-03084,60,Female,31,75.99,Month-to-month,0,Fiber optic,Electronic check,2355.69,Yes,0.5560962247025962,55.61,Medium,42.26
CUST-03085,19,Female,10,81.53,One year,4,Fiber optic,Mailed check,815.3,Yes,0.7305941314646648,73.06,High,59.57
CUST-03086,40,Male,21,116.75,Month-to-month,0,Fiber optic,Electronic check,2451.75,No,0.41843429331646464,41.84,Medium,48.85
CUST-03087,36,Male,23,119.46,Month-to-month,6,Fiber optic,Credit card,2747.58,No,0.49313387591075686,49.31,Medium,58.91
CUST-03088,48,Male,3,40.61,One year,3,Fiber optic,Mailed check,121.83,No,0.3380822732875355,33.81,Low,13.73
CUST-03089,68,Male,32,97.06,One year,7,DSL,Credit card,3105.92,No,0.47048927539351193,47.05,Medium,45.67
CUST-03090,22,Male,20,136.51,Month-to-month,3,DSL,Mailed check,2730.2,No,0.45351281548578387,45.35,Medium,61.91
CUST-03091,36,Male,29,34.14,Month-to-month,1,No,Electronic check,990.06,No,0.3698331462288961,36.98,Low,12.63
CUST-03092,51,Female,52,81.48,One year,2,No,Electronic check,4236.96,No,0.20297515875170394,20.3,Low,16.54
CUST-03093,27,Female,46,117.55,Two year,4,Fiber optic,Bank transfer,5407.3,No,0.3648489497618714,36.48,Low,42.89
CUST-03094,42,Male,34,99.49,Two year,3,Fiber optic,Electronic check,3382.66,No,0.34421402206876617,34.42,Low,34.25
CUST-03095,19,Female,61,33.08,Two year,5,Fiber optic,Credit card,2017.88,No,0.22232438254924602,22.23,Low,7.35
CUST-03096,28,Male,72,71.56,Two year,3,Fiber optic,Bank transfer,5152.32,No,0.2927084840809854,29.27,Low,20.95
CUST-03097,67,Female,71,85.94,Month-to-month,3,Fiber optic,Credit card,6101.74,No,0.49040323622616067,49.04,Medium,42.15
CUST-03098,48,Female,70,149.46,Month-to-month,2,Fiber optic,Credit card,10462.2,No,0.46092007420666525,46.09,Medium,68.89
CUST-03099,73,Female,11,43.22,Month-to-month,2,DSL,Credit card,475.42,No,0.48825946161859635,48.83,Medium,21.1
CUST-03100,32,Female,63,147.72,Month-to-month,4,No,Credit card,9306.36,Yes,0.7147142339245276,71.47,High,105.58
CUST-03101,26,Female,21,68.9,One year,3,Fiber optic,Credit card,1446.9,No,0.32101492484590466,32.1,Low,22.12
CUST-03102,40,Female,3,46.04,Two year,1,Fiber optic,Mailed check,138.12,No,0.1911615341521681,19.12,Low,8.8
CUST-03103,36,Male,10,73.83,Month-to-month,4,Fiber optic,Mailed check,738.3,Yes,0.7476231844686894,74.76,High,55.2
CUST-03104,26,Male,27,99.82,Month-to-month,1,DSL,Bank transfer,2695.14,Yes,0.5127908661452105,51.28,Medium,51.19
CUST-03105,52,Female,12,47.75,One year,1,Fiber optic,Credit card,573.0,No,0.25789100708078344,25.79,Low,12.31
CUST-03106,38,Male,7,57.89,One year,3,Fiber optic,Mailed check,405.23,Yes,0.6310440656958667,63.1,Medium,36.53
CUST-03107,26,Female,17,131.09,Month-to-month,0,DSL,Electronic check,2228.53,No,0.5111119527888238,51.11,Medium,67.0
CUST-03108,45,Male,65,149.87,One year,3,Fiber optic,Bank transfer,9741.55,No,0.269675710705611,26.97,Low,40.42
CUST-03109,63,Female,64,61.36,Month-to-month,2,Fiber optic,Mailed check,3927.04,Yes,0.5899392276198328,58.99,Medium,36.2
CUST-03110,68,Male,26,39.35,Two year,2,Fiber optic,Electronic check,1023.1,No,0.32807779105530743,32.81,Low,12.91
CUST-03111,24,Female,15,123.11,Two year,2,DSL,Bank transfer,1846.65,No,0.24376396145403395,24.38,Low,30.01
CUST-03112,33,Male,33,98.06,Month-to-month,4,Fiber optic,Electronic check,3235.98,Yes,0.5086221438713521,50.86,Medium,49.88
CUST-03113,33,Female,62,33.05,Month-to-month,4,DSL,Credit card,2049.1,No,0.494503132997271,49.45,Medium,16.34
CUST-03114,50,Male,47,143.08,One year,2,Fiber optic,Electronic check,6724.76,No,0.3834568726430647,38.35,Low,54.87
CUST-03115,21,Female,35,30.15,Month-to-month,2,Fiber optic,Credit card,1055.25,No,0.42835968563644183,42.84,Medium,12.92
CUST-03116,21,Female,65,101.3,Month-to-month,7,Fiber optic,Bank transfer,6584.5,No,0.4995105731202661,49.95,Medium,50.6
CUST-03117,56,Female,72,75.11,Two year,2,Fiber optic,Credit card,5407.92,Yes,0.5190919026166614,51.91,Medium,38.99
CUST-03118,57,Male,25,92.36,Month-to-month,3,Fiber optic,Electronic check,2309.0,No,0.4517337694211593,45.17,Medium,41.72
CUST-03119,34,Male,57,47.72,Month-to-month,2,No,Credit card,2720.04,Yes,0.5415476252293671,54.15,Medium,25.84
CUST-03120,54,Male,32,109.45,One year,2,DSL,Credit card,3502.4,No,0.3554953048248875,35.55,Low,38.91
CUST-03121,56,Female,63,144.76,Month-to-month,2,Fiber optic,Bank transfer,9119.88,No,0.5320376475066926,53.2,Medium,77.02
CUST-03122,69,Male,12,79.6,Month-to-month,1,DSL,Credit card,955.2,Yes,0.5905086951288568,59.05,Medium,47.0
CUST-03123,46,Female,63,87.98,Month-to-month,5,Fiber optic,Mailed check,5542.74,Yes,0.682471244123265,68.25,Medium,60.04
CUST-03124,69,Male,1,51.18,Month-to-month,2,Fiber optic,Bank transfer,51.18,No,0.5232284013550558,52.32,Medium,26.78
CUST-03125,53,Male,51,135.94,One year,2,Fiber optic,Electronic check,6932.94,No,0.39848068061827624,39.85,Low,54.17
CUST-03126,55,Male,70,146.25,Two year,3,DSL,Bank transfer,10237.5,Yes,0.6233710804997578,62.34,Medium,91.17
CUST-03127,56,Male,8,122.22,Two year,3,DSL,Electronic check,977.76,No,0.28402654019616913,28.4,Low,34.71
CUST-03128,67,Female,68,90.56,Month-to-month,3,Fiber optic,Electronic check,6158.08,Yes,0.5579848790848594,55.8,Medium,50.53
CUST-03129,54,Male,5,144.38,Month-to-month,2,No,Credit card,721.9,No,0.49916666684427163,49.92,Medium,72.07
CUST-03130,69,Male,39,40.0,One year,1,DSL,Bank transfer,1560.0,No,0.23059860053690462,23.06,Low,9.22
CUST-03131,52,Female,23,82.2,One year,2,No,Electronic check,1890.6,No,0.23807536993381823,23.81,Low,19.57
CUST-03132,24,Female,68,89.89,Two year,1,Fiber optic,Mailed check,6112.52,No,0.17220504561558062,17.22,Low,15.48
CUST-03133,44,Male,52,83.95,One year,3,Fiber optic,Credit card,4365.4,Yes,0.42586071742165305,42.59,Medium,35.75
CUST-03134,45,Male,4,124.31,Month-to-month,3,Fiber optic,Credit card,497.24,Yes,0.8065163566124816,80.65,High,100.26
CUST-03135,39,Female,47,107.15,Month-to-month,2,Fiber optic,Electronic check,5036.05,No,0.4576082890014955,45.76,Medium,49.03
CUST-03136,31,Female,21,36.47,Two year,1,No,Mailed check,765.87,No,0.1648127937379393,16.48,Low,6.01
CUST-03137,24,Female,56,65.04,Two year,2,DSL,Credit card,3642.24,No,0.20257185324034918,20.26,Low,13.18
CUST-03138,54,Male,66,64.08,Month-to-month,0,Fiber optic,Bank transfer,4229.28,No,0.3469305872558837,34.69,Low,22.23
CUST-03139,39,Male,59,93.53,Month-to-month,2,No,Electronic check,5518.27,Yes,0.4858171834843187,48.58,Medium,45.44
CUST-03140,22,Male,7,57.89,Month-to-month,2,DSL,Mailed check,405.23,No,0.48509778125046626,48.51,Medium,28.08
CUST-03141,72,Female,49,35.25,Month-to-month,2,Fiber optic,Electronic check,1727.25,No,0.5207733210061815,52.08,Medium,18.36
CUST-03142,19,Female,16,104.98,Month-to-month,2,DSL,Credit card,1679.68,Yes,0.6025221766182035,60.25,Medium,63.25
CUST-03143,44,Female,17,130.63,Two year,0,Fiber optic,Mailed check,2220.71,No,0.15147726833129802,15.15,Low,19.79
CUST-03144,38,Male,34,141.11,One year,1,DSL,Electronic check,4797.74,No,0.26709904029689074,26.71,Low,37.69
CUST-03145,71,Female,33,146.44,Two year,1,Fiber optic,Electronic check,4832.52,No,0.30353059000414323,30.35,Low,44.45
CUST-03146,55,Male,26,121.55,Two year,3,Fiber optic,Electronic check,3160.3,No,0.31722534368948013,31.72,Low,38.56
CUST-03147,32,Female,66,38.16,Month-to-month,1,DSL,Bank transfer,2518.56,No,0.44359186567273307,44.36,Medium,16.93
CUST-03148,38,Male,63,130.9,One year,2,Fiber optic,Bank transfer,8246.7,No,0.32470244751793936,32.47,Low,42.5
CUST-03149,27,Male,41,71.99,Two year,3,DSL,Bank transfer,2951.59,Yes,0.4048171024942054,40.48,Medium,29.14
CUST-03150,40,Female,58,114.89,One year,2,No,Bank transfer,6663.62,No,0.32768511914535137,32.77,Low,37.65
CUST-03151,75,Male,10,89.06,One year,5,Fiber optic,Credit card,890.6,No,0.5118399829633707,51.18,Medium,45.58
CUST-03152,73,Female,15,127.72,Month-to-month,2,Fiber optic,Electronic check,1915.8,Yes,0.7053318456898059,70.53,High,90.08
CUST-03153,56,Male,42,75.32,One year,1,Fiber optic,Bank transfer,3163.44,No,0.20423725581603047,20.42,Low,15.38
CUST-03154,22,Female,57,28.03,Month-to-month,4,DSL,Credit card,1597.71,No,0.5286273153826503,52.86,Medium,14.82
CUST-03155,18,Female,17,92.39,Month-to-month,3,Fiber optic,Bank transfer,1570.63,No,0.46434603689741427,46.43,Medium,42.9
CUST-03156,30,Male,60,42.27,Month-to-month,2,No,Credit card,2536.2,No,0.5141099274777953,51.41,Medium,21.73
CUST-03157,38,Female,9,145.52,Month-to-month,2,Fiber optic,Mailed check,1309.68,Yes,0.8202788224157133,82.03,High,119.37
CUST-03158,43,Male,36,88.51,Month-to-month,1,Fiber optic,Bank transfer,3186.36,No,0.4871298658542822,48.71,Medium,43.12
CUST-03159,67,Female,36,91.96,Month-to-month,5,Fiber optic,Bank transfer,3310.56,No,0.618713404924627,61.87,Medium,56.9
CUST-03160,62,Female,48,137.94,Month-to-month,5,Fiber optic,Electronic check,6621.12,No,0.5089361347629008,50.89,Medium,70.2
CUST-03161,38,Female,51,101.2,Month-to-month,0,Fiber optic,Bank transfer,5161.2,Yes,0.46993138515864114,46.99,Medium,47.56
CUST-03162,70,Female,70,59.35,Month-to-month,1,No,Bank transfer,4154.5,No,0.3974290189852437,39.74,Low,23.59
CUST-03163,35,Male,68,58.49,One year,0,Fiber optic,Credit card,3977.32,No,0.14235564222756564,14.24,Low,8.33
CUST-03164,54,Female,22,85.21,One year,1,DSL,Electronic check,1874.62,Yes,0.37146946814030785,37.15,Low,31.65
CUST-03165,62,Female,6,132.66,One year,4,DSL,Electronic check,795.96,Yes,0.7451528176267289,74.52,High,98.85
CUST-03166,49,Male,26,123.31,Two year,3,Fiber optic,Mailed check,3206.06,No,0.33869117676674715,33.87,Low,41.76
CUST-03167,53,Male,3,145.16,Month-to-month,6,Fiber optic,Credit card,435.48,Yes,0.8714435095927816,87.14,High,126.5
CUST-03168,34,Male,52,29.35,Month-to-month,4,DSL,Bank transfer,1526.2,Yes,0.61323479811789,61.32,Medium,18.0
CUST-03169,52,Male,60,54.88,Month-to-month,0,DSL,Credit card,3292.8,No,0.40694958716433,40.69,Medium,22.33
CUST-03170,66,Male,63,30.43,Two year,2,No,Bank transfer,1917.09,No,0.34066429711328977,34.07,Low,10.37
CUST-03171,28,Male,65,117.64,One year,4,Fiber optic,Mailed check,7646.6,No,0.33335965552384256,33.34,Low,39.22
CUST-03172,38,Female,52,38.31,Month-to-month,2,Fiber optic,Bank transfer,1992.12,No,0.4775568936179378,47.76,Medium,18.3
CUST-03173,69,Male,14,32.99,Month-to-month,1,DSL,Electronic check,461.86,No,0.3700825350972884,37.01,Low,12.21
CUST-03174,72,Female,72,93.02,One year,4,Fiber optic,Mailed check,6697.44,No,0.23593448648824078,23.59,Low,21.95
CUST-03175,70,Male,68,73.49,Month-to-month,0,Fiber optic,Bank transfer,4997.32,No,0.36476199301054696,36.48,Low,26.81
CUST-03176,43,Female,28,112.96,Month-to-month,5,No,Mailed check,3162.88,Yes,0.7246631445053537,72.47,High,81.86
CUST-03177,21,Female,71,83.31,Two year,3,No,Electronic check,5915.01,No,0.16199373247476367,16.2,Low,13.5
CUST-03178,51,Female,10,75.29,One year,2,DSL,Electronic check,752.9,No,0.3189187855464369,31.89,Low,24.01
CUST-03179,69,Male,57,75.32,Two year,1,Fiber optic,Credit card,4293.24,No,0.22098674524470294,22.1,Low,16.64
CUST-03180,65,Male,66,133.34,Month-to-month,2,Fiber optic,Bank transfer,8800.44,No,0.531342708039862,53.13,Medium,70.85
CUST-03181,35,Male,50,71.38,One year,2,DSL,Mailed check,3569.0,No,0.40471328324152966,40.47,Medium,28.89
CUST-03182,57,Male,14,63.34,Two year,2,Fiber optic,Credit card,886.76,Yes,0.5048644746918866,50.49,Medium,31.98
CUST-03183,52,Female,16,64.01,One year,3,No,Mailed check,1024.16,No,0.36178335281125307,36.18,Low,23.16
CUST-03184,58,Male,54,45.56,One year,1,Fiber optic,Credit card,2460.24,Yes,0.4521936962721016,45.22,Medium,20.6
CUST-03185,46,Female,43,131.89,One year,3,Fiber optic,Credit card,5671.27,Yes,0.601101907026909,60.11,Medium,79.28
CUST-03186,69,Female,42,39.06,Two year,0,Fiber optic,Credit card,1640.52,No,0.1572520683529726,15.73,Low,6.14
CUST-03187,46,Male,22,138.12,Month-to-month,5,Fiber optic,Electronic check,3038.64,No,0.450297714131405,45.03,Medium,62.2
CUST-03188,55,Male,68,56.85,Month-to-month,1,Fiber optic,Electronic check,3865.8,No,0.34806393772276795,34.81,Low,19.79
CUST-03189,59,Male,19,136.93,Month-to-month,2,Fiber optic,Electronic check,2601.67,No,0.5944785419095352,59.45,Medium,81.4
CUST-03190,38,Female,66,122.81,Two year,2,Fiber optic,Electronic check,8105.46,No,0.28483932864656325,28.48,Low,34.98
CUST-03191,59,Male,39,95.66,Two year,1,DSL,Mailed check,3730.74,No,0.2568655623598348,25.69,Low,24.57
CUST-03192,30,Female,19,107.03,Month-to-month,3,No,Bank transfer,2033.57,No,0.5571195634906513,55.71,Medium,59.63
CUST-03193,66,Male,16,62.36,Month-to-month,2,DSL,Electronic check,997.76,Yes,0.5679708438503417,56.8,Medium,35.42
CUST-03194,58,Female,54,94.65,Two year,5,Fiber optic,Bank transfer,5111.1,No,0.30328472444788346,30.33,Low,28.71
CUST-03195,34,Male,25,58.01,Month-to-month,3,No,Credit card,1450.25,No,0.4729835627825444,47.3,Medium,27.44
CUST-03196,73,Male,18,72.3,Month-to-month,1,Fiber optic,Bank transfer,1301.4,Yes,0.5778498744613557,57.78,Medium,41.78
CUST-03197,26,Female,23,119.41,Month-to-month,3,DSL,Electronic check,2746.43,No,0.47656133875078716,47.66,Medium,56.91
CUST-03198,58,Male,11,51.71,Month-to-month,2,No,Mailed check,568.81,No,0.45996570113024454,46.0,Medium,23.78
CUST-03199,18,Male,39,129.05,One year,2,Fiber optic,Electronic check,5032.95,Yes,0.6176435436864435,61.76,Medium,79.71
CUST-03200,19,Male,68,68.86,Month-to-month,3,Fiber optic,Mailed check,4682.48,Yes,0.4994321790767662,49.94,Medium,34.39
CUST-03201,65,Male,25,89.18,Month-to-month,3,Fiber optic,Electronic check,2229.5,No,0.485990312839054,48.6,Medium,43.34
CUST-03202,46,Male,63,142.45,Two year,3,Fiber optic,Credit card,8974.35,Yes,0.5354157067045382,53.54,Medium,76.27
CUST-03203,50,Male,30,108.56,Month-to-month,4,Fiber optic,Mailed check,3256.8,No,0.5198847361968949,51.99,Medium,56.44
CUST-03204,27,Male,45,103.93,Month-to-month,4,Fiber optic,Credit card,4676.85,Yes,0.5671301511037689,56.71,Medium,58.94
CUST-03205,67,Female,61,112.51,Two year,4,DSL,Electronic check,6863.11,No,0.2034542739939324,20.35,Low,22.89
CUST-03206,75,Female,51,139.35,One year,3,DSL,Credit card,7106.85,Yes,0.6779276006911593,67.79,Medium,94.47
CUST-03207,57,Male,9,52.31,Month-to-month,2,Fiber optic,Bank transfer,470.79,Yes,0.6170951375856343,61.71,Medium,32.28
CUST-03208,38,Male,2,99.72,Month-to-month,1,Fiber optic,Bank transfer,199.44,Yes,0.777583332139011,77.76,High,77.54
CUST-03209,45,Male,5,72.05,Month-to-month,2,No,Mailed check,360.25,Yes,0.682111752042749,68.21,Medium,49.15
CUST-03210,28,Female,62,21.54,One year,3,Fiber optic,Bank transfer,1335.48,No,0.3696558688554608,36.97,Low,7.96
CUST-03211,72,Female,69,36.29,Month-to-month,2,Fiber optic,Bank transfer,2504.01,Yes,0.5777481696320659,57.77,Medium,20.97
CUST-03212,51,Male,52,62.25,Month-to-month,5,Fiber optic,Electronic check,3237.0,No,0.551398274829566,55.14,Medium,34.32
CUST-03213,25,Female,5,93.45,Month-to-month,1,Fiber optic,Electronic check,467.25,Yes,0.7380830595058641,73.81,High,68.97
CUST-03214,39,Male,59,134.59,Two year,2,No,Bank transfer,7940.81,No,0.24383277330373507,24.38,Low,32.82
CUST-03215,25,Male,68,122.84,Month-to-month,4,Fiber optic,Mailed check,8353.12,No,0.4673257007609639,46.73,Medium,57.41
CUST-03216,66,Male,9,91.93,Month-to-month,4,Fiber optic,Bank transfer,827.37,Yes,0.8032480625833665,80.32,High,73.84
CUST-03217,32,Male,22,29.6,Month-to-month,1,DSL,Electronic check,651.2,No,0.32356281500543976,32.36,Low,9.58
CUST-03218,34,Female,27,57.17,Month-to-month,5,DSL,Credit card,1543.59,No,0.5778226856506267,57.78,Medium,33.03
CUST-03219,40,Female,10,67.67,One year,2,Fiber optic,Mailed check,676.7,No,0.45611703695376427,45.61,Medium,30.87
CUST-03220,41,Male,61,100.82,One year,4,Fiber optic,Mailed check,6150.02,No,0.34164424101749785,34.16,Low,34.44
CUST-03221,62,Female,51,28.44,One year,1,Fiber optic,Bank transfer,1450.44,No,0.2512039916457365,25.12,Low,7.14
CUST-03222,36,Female,10,88.93,One year,6,DSL,Credit card,889.3,Yes,0.8522276564084704,85.22,High,75.79
CUST-03223,22,Male,6,137.19,Month-to-month,0,Fiber optic,Mailed check,823.14,No,0.30266289499104476,30.27,Low,41.52
CUST-03224,49,Female,62,111.71,One year,6,Fiber optic,Mailed check,6926.02,No,0.34600360831565985,34.6,Low,38.65
CUST-03225,61,Male,5,123.62,Month-to-month,2,Fiber optic,Electronic check,618.1,Yes,0.783691627166469,78.37,High,96.88
CUST-03226,18,Male,70,108.62,Month-to-month,0,DSL,Bank transfer,7603.4,Yes,0.6377561509890396,63.78,Medium,69.27
CUST-03227,40,Male,63,46.86,One year,4,No,Bank transfer,2952.18,No,0.3031177784822823,30.31,Low,14.2
CUST-03228,54,Male,56,34.36,Two year,4,DSL,Mailed check,1924.16,No,0.27652877841087775,27.65,Low,9.5
CUST-03229,25,Female,59,127.83,One year,5,Fiber optic,Credit card,7541.97,No,0.25983232794769057,25.98,Low,33.21
CUST-03230,30,Male,63,110.42,Two year,4,Fiber optic,Credit card,6956.46,No,0.3354054799072173,33.54,Low,37.04
CUST-03231,25,Female,59,94.76,Two year,3,Fiber optic,Credit card,5590.84,No,0.21945428006996773,21.95,Low,20.8
CUST-03232,74,Male,51,44.61,Month-to-month,1,Fiber optic,Credit card,2275.11,No,0.4498536403350419,44.99,Medium,20.07
CUST-03233,40,Male,50,98.43,Two year,3,Fiber optic,Bank transfer,4921.5,No,0.3023877092394349,30.24,Low,29.76
CUST-03234,60,Female,4,24.07,One year,1,No,Electronic check,96.28,No,0.2757633913691285,27.58,Low,6.64
CUST-03235,18,Male,48,35.45,Two year,3,Fiber optic,Credit card,1701.6,No,0.22992165146112153,22.99,Low,8.15
CUST-03236,62,Female,32,60.55,One year,2,Fiber optic,Credit card,1937.6,No,0.33909074532513683,33.91,Low,20.53
CUST-03237,68,Female,51,77.69,One year,2,Fiber optic,Electronic check,3962.19,No,0.3254153210746186,32.54,Low,25.28
CUST-03238,41,Male,52,35.67,One year,0,Fiber optic,Bank transfer,1854.84,No,0.1610512606697206,16.11,Low,5.74
CUST-03239,52,Male,34,35.59,Month-to-month,4,Fiber optic,Electronic check,1210.06,No,0.4951575005660876,49.52,Medium,17.62
CUST-03240,41,Male,36,114.37,Two year,4,Fiber optic,Electronic check,4117.32,Yes,0.4356199716525539,43.56,Medium,49.82
CUST-03241,34,Male,70,94.06,Month-to-month,2,Fiber optic,Credit card,6584.2,No,0.43379314355724696,43.38,Medium,40.8
CUST-03242,22,Male,43,89.39,Month-to-month,3,Fiber optic,Electronic check,3843.77,No,0.3945208245420879,39.45,Low,35.27
CUST-03243,37,Male,16,78.82,Month-to-month,1,No,Electronic check,1261.12,Yes,0.47918653199963585,47.92,Medium,37.77
CUST-03244,38,Female,59,146.95,Month-to-month,2,DSL,Bank transfer,8670.05,No,0.5723991002190926,57.24,Medium,84.11
CUST-03245,57,Female,53,26.47,Month-to-month,4,No,Credit card,1402.91,No,0.55774348330169,55.77,Medium,14.76
CUST-03246,75,Male,19,43.48,Month-to-month,3,Fiber optic,Credit card,826.12,Yes,0.6493315133966717,64.93,Medium,28.23
CUST-03247,48,Female,41,104.18,Month-to-month,2,Fiber optic,Mailed check,4271.38,No,0.527870643169342,52.79,Medium,54.99
CUST-03248,63,Female,47,37.73,Month-to-month,0,Fiber optic,Credit card,1773.31,No,0.43387000592434,43.39,Medium,16.37
CUST-03249,53,Male,54,96.62,Month-to-month,3,DSL,Bank transfer,5217.48,No,0.4900530680407965,49.01,Medium,47.35
CUST-03250,28,Male,55,93.81,Month-to-month,5,No,Bank transfer,5159.55,No,0.5851660406858562,58.52,Medium,54.89
CUST-03251,69,Female,19,146.23,Two year,0,DSL,Bank transfer,2778.37,No,0.24942731329576404,24.94,Low,36.47
CUST-03252,32,Male,62,134.84,Month-to-month,4,DSL,Mailed check,8360.08,No,0.5006413775238681,50.06,Medium,67.51
CUST-03253,36,Female,59,142.92,Month-to-month,2,DSL,Mailed check,8432.28,No,0.49379736168192245,49.38,Medium,70.57
CUST-03254,24,Male,65,34.77,Month-to-month,2,DSL,Bank transfer,2260.05,Yes,0.5279155881241434,52.79,Medium,18.36
CUST-03255,68,Female,68,132.86,Month-to-month,2,Fiber optic,Credit card,9034.48,No,0.5139236248959015,51.39,Medium,68.28
CUST-03256,45,Female,28,36.78,One year,2,DSL,Mailed check,1029.84,No,0.3549493040078749,35.49,Low,13.06
CUST-03257,68,Female,18,102.28,Month-to-month,2,Fiber optic,Credit card,1841.04,No,0.5363284077186224,53.63,Medium,54.86
CUST-03258,60,Female,26,113.61,Month-to-month,3,Fiber optic,Mailed check,2953.86,Yes,0.6535735977120061,65.36,Medium,74.25
CUST-03259,75,Male,19,40.91,Month-to-month,2,No,Electronic check,777.29,No,0.4344422312984017,43.44,Medium,17.77
CUST-03260,22,Male,55,102.25,One year,4,DSL,Bank transfer,5623.75,No,0.33735502899467096,33.74,Low,34.49
CUST-03261,22,Female,57,26.82,One year,0,Fiber optic,Electronic check,1528.74,No,0.13965502834937393,13.97,Low,3.75
CUST-03262,47,Female,6,58.12,Month-to-month,0,DSL,Bank transfer,348.72,Yes,0.6178401372284142,61.78,Medium,35.91
CUST-03263,71,Male,1,139.75,Month-to-month,1,Fiber optic,Electronic check,139.75,No,0.5091892818769594,50.92,Medium,71.16
CUST-03264,49,Male,8,42.33,Month-to-month,1,Fiber optic,Credit card,338.64,No,0.4812421720849203,48.12,Medium,20.37
CUST-03265,25,Female,51,28.49,One year,0,Fiber optic,Credit card,1452.99,No,0.1422269983994341,14.22,Low,4.05
CUST-03266,27,Female,25,77.68,Month-to-month,2,Fiber optic,Bank transfer,1942.0,Yes,0.5055113576864557,50.55,Medium,39.27
CUST-03267,55,Female,47,130.58,Month-to-month,3,DSL,Credit card,6137.26,Yes,0.6660670438450779,66.61,Medium,86.98
CUST-03268,64,Female,55,29.97,Month-to-month,2,DSL,Bank transfer,1648.35,Yes,0.5984146079125715,59.84,Medium,17.93
CUST-03269,49,Female,64,66.22,Month-to-month,2,No,Electronic check,4238.08,No,0.4694176141247247,46.94,Medium,31.08
CUST-03270,65,Male,10,136.97,Month-to-month,2,DSL,Bank transfer,1369.7,No,0.6135669047128925,61.36,Medium,84.04
CUST-03271,45,Female,56,35.36,Month-to-month,2,No,Mailed check,1980.16,Yes,0.5978580092991543,59.79,Medium,21.14
CUST-03272,34,Male,12,60.39,Month-to-month,1,No,Electronic check,724.68,No,0.3741742947339796,37.42,Low,22.6
CUST-03273,48,Male,33,121.19,Month-to-month,2,Fiber optic,Electronic check,3999.27,Yes,0.5847458944606276,58.47,Medium,70.87
CUST-03274,25,Male,71,90.62,One year,2,No,Bank transfer,6434.02,No,0.3540837958781261,35.41,Low,32.09
CUST-03275,57,Female,17,128.2,Month-to-month,3,DSL,Mailed check,2179.4,No,0.6129557456098118,61.3,Medium,78.58
CUST-03276,42,Male,61,34.51,One year,5,DSL,Mailed check,2105.11,Yes,0.5361532362096801,53.62,Medium,18.5
CUST-03277,26,Male,10,139.67,One year,1,DSL,Credit card,1396.7,No,0.241864981361651,24.19,Low,33.78
CUST-03278,19,Male,31,141.54,One year,3,DSL,Electronic check,4387.74,Yes,0.603164566370181,60.32,Medium,85.37
CUST-03279,32,Male,60,40.19,Two year,4,DSL,Credit card,2411.4,No,0.34630198007274077,34.63,Low,13.92
CUST-03280,67,Female,70,24.4,Month-to-month,4,Fiber optic,Electronic check,1708.0,Yes,0.6878855753831863,68.79,Medium,16.78
CUST-03281,20,Female,17,148.68,Month-to-month,2,DSL,Electronic check,2527.56,Yes,0.715366932899117,71.54,High,106.36
CUST-03282,66,Male,50,82.69,One year,3,Fiber optic,Electronic check,4134.5,No,0.36449228318549176,36.45,Low,30.14
CUST-03283,53,Male,37,94.37,One year,1,Fiber optic,Electronic check,3491.69,No,0.20033557649026246,20.03,Low,18.91
CUST-03284,21,Female,62,100.07,Month-to-month,3,DSL,Bank transfer,6204.34,No,0.45483894144827486,45.48,Medium,45.52
CUST-03285,31,Female,72,122.66,Month-to-month,3,Fiber optic,Mailed check,8831.52,Yes,0.6450886333226393,64.51,Medium,79.13
CUST-03286,58,Female,29,125.56,One year,4,Fiber optic,Electronic check,3641.24,Yes,0.5522183072134046,55.22,Medium,69.34
CUST-03287,58,Male,32,45.21,Two year,2,Fiber optic,Credit card,1446.72,Yes,0.47888598685128586,47.89,Medium,21.65
CUST-03288,42,Female,11,50.76,Month-to-month,2,No,Credit card,558.36,No,0.3985218430286051,39.85,Low,20.23
CUST-03289,75,Male,6,133.99,Two year,4,Fiber optic,Bank transfer,803.94,No,0.43177886063825904,43.18,Medium,57.85
CUST-03290,72,Male,35,126.54,Month-to-month,3,Fiber optic,Mailed check,4428.9,Yes,0.6237902063393888,62.38,Medium,78.93
CUST-03291,67,Female,33,100.29,Month-to-month,2,DSL,Electronic check,3309.57,No,0.4979474171027053,49.79,Medium,49.94
CUST-03292,27,Male,18,149.31,Month-to-month,3,Fiber optic,Bank transfer,2687.58,Yes,0.657177769592627,65.72,Medium,98.12
CUST-03293,38,Female,37,115.57,Month-to-month,0,Fiber optic,Credit card,4276.09,No,0.48390920242195873,48.39,Medium,55.93
CUST-03294,53,Male,13,48.06,One year,6,Fiber optic,Mailed check,624.78,No,0.2978820460427018,29.79,Low,14.32
CUST-03295,29,Female,64,130.06,Month-to-month,4,Fiber optic,Electronic check,8323.84,Yes,0.540349073021134,54.03,Medium,70.28
CUST-03296,44,Male,1,73.92,Month-to-month,4,Fiber optic,Mailed check,73.92,No,0.49095706910114517,49.1,Medium,36.29
CUST-03297,57,Male,63,24.7,Month-to-month,3,Fiber optic,Credit card,1556.1,Yes,0.5420064732096596,54.2,Medium,13.39
CUST-03298,19,Female,34,61.78,Month-to-month,0,DSL,Bank transfer,2100.52,Yes,0.5592426156519305,55.92,Medium,34.55
CUST-03299,71,Female,10,119.26,Month-to-month,3,Fiber optic,Bank transfer,1192.6,No,0.6888834102719482,68.89,Medium,82.16
CUST-03300,30,Female,7,144.83,Two year,1,Fiber optic,Credit card,1013.81,No,0.4285307894763564,42.85,Medium,62.06
CUST-03301,70,Female,56,55.9,Month-to-month,3,Fiber optic,Electronic check,3130.4,No,0.5255876923373364,52.56,Medium,29.38
CUST-03302,49,Male,37,52.05,Two year,1,DSL,Electronic check,1925.85,No,0.31900481872525127,31.9,Low,16.6
CUST-03303,48,Female,29,93.27,Month-to-month,3,No,Mailed check,2704.83,No,0.5753987131903123,57.54,Medium,53.67
CUST-03304,33,Female,12,125.52,Month-to-month,2,No,Credit card,1506.24,Yes,0.6838501517270603,68.39,Medium,85.84
CUST-03305,49,Male,17,117.05,Month-to-month,2,Fiber optic,Credit card,1989.85,Yes,0.5947803639325987,59.48,Medium,69.62
CUST-03306,49,Female,48,92.79,Month-to-month,4,DSL,Electronic check,4453.92,Yes,0.624317834902203,62.43,Medium,57.93
CUST-03307,51,Female,26,102.08,Two year,4,Fiber optic,Credit card,2654.08,No,0.377899936289968,37.79,Low,38.58
CUST-03308,28,Male,12,51.47,One year,5,Fiber optic,Bank transfer,617.64,No,0.3022768370348951,30.23,Low,15.56
CUST-03309,27,Female,21,76.23,Two year,2,Fiber optic,Electronic check,1600.83,No,0.2926057339351401,29.26,Low,22.31
CUST-03310,32,Female,42,53.2,Two year,4,DSL,Electronic check,2234.4,No,0.22770551547689938,22.77,Low,12.11
CUST-03311,34,Female,61,134.97,One year,1,Fiber optic,Bank transfer,8233.17,Yes,0.5471016277901455,54.71,Medium,73.84
CUST-03312,57,Female,58,34.63,One year,1,Fiber optic,Credit card,2008.54,No,0.2236187285369299,22.36,Low,7.74
CUST-03313,35,Female,54,108.37,One year,1,No,Electronic check,5851.98,No,0.17517271843201007,17.52,Low,18.98
CUST-03314,72,Female,34,53.84,One year,4,Fiber optic,Electronic check,1830.56,No,0.44361797599875397,44.36,Medium,23.88
CUST-03315,26,Male,7,81.83,Month-to-month,2,No,Electronic check,572.81,Yes,0.7297605919290019,72.98,High,59.72
CUST-03316,42,Female,35,58.92,Month-to-month,2,No,Credit card,2062.2,No,0.48256511081249887,48.26,Medium,28.43
CUST-03317,57,Male,15,62.02,One year,0,Fiber optic,Electronic check,930.3,No,0.22384345221120563,22.38,Low,13.88
CUST-03318,31,Male,65,53.85,Month-to-month,0,Fiber optic,Credit card,3500.25,Yes,0.49896806093289303,49.9,Medium,26.87
CUST-03319,75,Male,25,117.86,Month-to-month,3,DSL,Mailed check,2946.5,Yes,0.6523711553302602,65.24,Medium,76.89
CUST-03320,42,Male,59,67.54,Two year,2,Fiber optic,Bank transfer,3984.86,Yes,0.37539391292888413,37.54,Low,25.35
CUST-03321,67,Female,6,114.43,Month-to-month,1,DSL,Credit card,686.58,No,0.6015174437611271,60.15,Medium,68.83
CUST-03322,39,Female,52,79.29,One year,6,DSL,Credit card,4123.08,Yes,0.6685923631593691,66.86,Medium,53.01
CUST-03323,69,Female,21,91.14,Month-to-month,5,No,Bank transfer,1913.94,Yes,0.7387442196394017,73.87,High,67.33
CUST-03324,47,Male,71,90.63,One year,4,No,Credit card,6434.73,No,0.23940909103732635,23.94,Low,21.7
CUST-03325,37,Female,32,146.86,Month-to-month,4,Fiber optic,Bank transfer,4699.52,No,0.523339236807129,52.33,Medium,76.86
CUST-03326,38,Female,53,67.72,Two year,2,Fiber optic,Mailed check,3589.16,No,0.34383665150893716,34.38,Low,23.28
CUST-03327,61,Female,59,47.0,Two year,1,Fiber optic,Electronic check,2773.0,No,0.18833427113416468,18.83,Low,8.85
CUST-03328,49,Male,69,138.53,Two year,1,Fiber optic,Bank transfer,9558.57,No,0.3320880338899292,33.21,Low,46.0
CUST-03329,68,Male,62,42.73,Month-to-month,6,DSL,Bank transfer,2649.26,No,0.688939182768422,68.89,Medium,29.44
CUST-03330,63,Female,4,128.47,Month-to-month,4,Fiber optic,Electronic check,513.88,No,0.5601907415633627,56.02,Medium,71.97
CUST-03331,66,Male,18,39.53,Two year,6,Fiber optic,Electronic check,711.54,No,0.24276510986963037,24.28,Low,9.6
CUST-03332,73,Male,56,105.63,Two year,0,DSL,Credit card,5915.28,Yes,0.6754795843675065,67.55,Medium,71.35
CUST-03333,38,Female,24,39.57,Two year,0,Fiber optic,Credit card,949.68,No,0.22814136063378868,22.81,Low,9.03
CUST-03334,52,Male,66,140.0,One year,0,Fiber optic,Credit card,9240.0,No,0.20701154776349628,20.7,Low,28.98
CUST-03335,75,Male,13,93.45,Month-to-month,2,No,Electronic check,1214.85,No,0.42792874311739015,42.79,Medium,39.99
CUST-03336,49,Female,62,62.81,Month-to-month,3,Fiber optic,Electronic check,3894.22,No,0.49746831449623974,49.75,Medium,31.25
CUST-03337,47,Male,54,38.24,Two year,4,DSL,Electronic check,2064.96,No,0.28413725275898527,28.41,Low,10.87
CUST-03338,72,Male,15,68.25,One year,3,Fiber optic,Credit card,1023.75,Yes,0.6595658343545505,65.96,Medium,45.02
CUST-03339,56,Male,69,111.65,Month-to-month,0,No,Electronic check,7703.85,No,0.3026246008194431,30.26,Low,33.79
CUST-03340,66,Male,3,70.04,Month-to-month,5,Fiber optic,Electronic check,210.12,Yes,0.8626427980202358,86.26,High,60.42
CUST-03341,29,Male,37,51.99,One year,3,No,Mailed check,1923.63,No,0.2921308524746067,29.21,Low,15.19
CUST-03342,58,Male,37,95.06,One year,1,DSL,Bank transfer,3517.22,No,0.2445881040492087,24.46,Low,23.25
CUST-03343,64,Male,3,74.32,Month-to-month,1,Fiber optic,Bank transfer,222.96,Yes,0.7374115407480119,73.74,High,54.8
CUST-03344,35,Male,63,41.55,Month-to-month,1,DSL,Electronic check,2617.65,No,0.38874991020700994,38.87,Low,16.15
CUST-03345,38,Female,35,40.02,Month-to-month,4,Fiber optic,Credit card,1400.7,Yes,0.5647606546438872,56.48,Medium,22.6
CUST-03346,30,Female,52,111.97,Month-to-month,3,DSL,Mailed check,5822.44,Yes,0.6106173057611713,61.06,Medium,68.37
CUST-03347,38,Female,28,146.71,Two year,2,Fiber optic,Mailed check,4107.88,Yes,0.710628826550472,71.06,High,104.26
CUST-03348,25,Female,18,50.3,One year,4,Fiber optic,Bank transfer,905.4,No,0.28234291838320563,28.23,Low,14.2
CUST-03349,63,Male,36,120.51,One year,3,Fiber optic,Mailed check,4338.36,No,0.3964930249006993,39.65,Low,47.78
CUST-03350,57,Female,33,31.39,One year,3,No,Mailed check,1035.87,No,0.2761195491708873,27.61,Low,8.67
CUST-03351,63,Female,64,69.6,Month-to-month,0,Fiber optic,Mailed check,4454.4,No,0.4358252931913467,43.58,Medium,30.33
CUST-03352,24,Male,26,85.87,One year,1,No,Electronic check,2232.62,No,0.18616150173252338,18.62,Low,15.99
CUST-03353,40,Male,48,54.94,Two year,4,DSL,Bank transfer,2637.12,No,0.30227968672553285,30.23,Low,16.61
CUST-03354,61,Male,40,88.85,One year,2,Fiber optic,Bank transfer,3554.0,No,0.2949749027746618,29.5,Low,26.21
CUST-03355,49,Male,17,134.74,Month-to-month,2,No,Credit card,2290.58,No,0.49215807834451425,49.22,Medium,66.31
CUST-03356,28,Male,40,142.78,One year,0,Fiber optic,Electronic check,5711.2,No,0.26346013039124816,26.35,Low,37.62
CUST-03357,39,Female,7,33.07,Two year,2,No,Mailed check,231.49,No,0.16010557847972032,16.01,Low,5.29
CUST-03358,39,Male,57,55.34,Month-to-month,3,Fiber optic,Electronic check,3154.38,No,0.435437932555249,43.54,Medium,24.1
CUST-03359,60,Female,8,147.29,Month-to-month,1,Fiber optic,Mailed check,1178.32,No,0.6136091890464828,61.36,Medium,90.38
CUST-03360,42,Female,56,55.15,Two year,4,Fiber optic,Mailed check,3088.4,Yes,0.4801710148701796,48.02,Medium,26.48
CUST-03361,39,Male,31,110.05,Two year,3,No,Credit card,3411.55,No,0.29432471870343346,29.43,Low,32.39
CUST-03362,45,Female,59,52.95,Month-to-month,4,No,Credit card,3124.05,Yes,0.652480176419325,65.25,Medium,34.55
CUST-03363,46,Female,58,66.33,Month-to-month,2,Fiber optic,Credit card,3847.14,No,0.46021619305629374,46.02,Medium,30.53
CUST-03364,30,Male,12,44.87,Month-to-month,0,Fiber optic,Mailed check,538.44,No,0.42613253182288807,42.61,Medium,19.12
CUST-03365,35,Female,48,131.32,Month-to-month,2,DSL,Mailed check,6303.36,No,0.5756167275980213,57.56,Medium,75.59
CUST-03366,19,Female,31,134.74,Two year,1,Fiber optic,Electronic check,4176.94,No,0.29652119988560555,29.65,Low,39.95
CUST-03367,46,Female,63,58.6,Month-to-month,5,DSL,Bank transfer,3691.8,No,0.6137866043506922,61.38,Medium,35.97
CUST-03368,38,Male,39,127.07,Month-to-month,1,Fiber optic,Mailed check,4955.73,No,0.5596113882717141,55.96,Medium,71.11
CUST-03369,32,Male,20,66.57,Two year,4,Fiber optic,Electronic check,1331.4,No,0.3044959708978476,30.45,Low,20.27
CUST-03370,69,Male,48,32.87,Month-to-month,1,Fiber optic,Electronic check,1577.76,No,0.41034079461051415,41.03,Medium,13.49
CUST-03371,44,Female,71,118.55,One year,1,Fiber optic,Mailed check,8417.05,Yes,0.5653282437185277,56.53,Medium,67.02
CUST-03372,67,Male,54,97.54,Month-to-month,3,DSL,Mailed check,5267.16,Yes,0.5710366042333963,57.1,Medium,55.7
CUST-03373,48,Female,71,55.67,Two year,1,Fiber optic,Credit card,3952.57,No,0.21784730761932583,21.78,Low,12.13
CUST-03374,32,Male,29,52.89,Two year,0,Fiber optic,Credit card,1533.81,No,0.14122900539466948,14.12,Low,7.47
CUST-03375,68,Female,48,146.83,Month-to-month,1,Fiber optic,Credit card,7047.84,Yes,0.6807599093750205,68.08,Medium,99.96
CUST-03376,40,Male,56,132.13,Two year,2,Fiber optic,Electronic check,7399.28,No,0.22024704304460954,22.02,Low,29.1
CUST-03377,41,Male,17,125.27,Two year,6,DSL,Credit card,2129.59,Yes,0.6906820792937749,69.07,Medium,86.52
CUST-03378,61,Female,9,36.64,Two year,2,Fiber optic,Mailed check,329.76,No,0.3491949822021772,34.92,Low,12.79
CUST-03379,30,Male,34,118.17,Month-to-month,0,Fiber optic,Credit card,4017.78,No,0.40198360942704736,40.2,Medium,47.5
CUST-03380,39,Female,45,47.89,Month-to-month,3,DSL,Mailed check,2155.05,No,0.5378980668299507,53.79,Medium,25.76
CUST-03381,60,Male,9,147.06,Month-to-month,4,No,Mailed check,1323.54,No,0.4729710240756496,47.3,Medium,69.56
CUST-03382,54,Male,7,26.77,Month-to-month,3,Fiber optic,Bank transfer,187.39,No,0.5862818161235023,58.63,Medium,15.69
CUST-03383,50,Female,16,65.78,Month-to-month,2,Fiber optic,Bank transfer,1052.48,Yes,0.5508914900914521,55.09,Medium,36.24
CUST-03384,73,Female,19,75.72,Month-to-month,0,Fiber optic,Credit card,1438.68,Yes,0.6282761977625526,62.83,Medium,47.57
CUST-03385,20,Female,6,127.15,One year,3,Fiber optic,Mailed check,762.9,No,0.3617881239724115,36.18,Low,46.0
CUST-03386,71,Male,11,119.61,Month-to-month,3,Fiber optic,Bank transfer,1315.71,No,0.6311430954165526,63.11,Medium,75.49
CUST-03387,36,Female,61,68.75,Two year,8,Fiber optic,Electronic check,4193.75,No,0.24784133791579996,24.78,Low,17.04
CUST-03388,40,Male,42,93.52,Two year,2,Fiber optic,Bank transfer,3927.84,No,0.3077525692191074,30.78,Low,28.78
CUST-03389,46,Female,13,128.63,Month-to-month,4,Fiber optic,Credit card,1672.19,Yes,0.7384997342039913,73.85,High,94.99
CUST-03390,47,Female,12,22.37,Month-to-month,4,No,Electronic check,268.44,Yes,0.772087308812897,77.21,High,17.27
CUST-03391,56,Female,20,124.28,One year,1,DSL,Electronic check,2485.6,No,0.31136561231939625,31.14,Low,38.7
CUST-03392,61,Female,50,143.1,Month-to-month,3,No,Mailed check,7155.0,No,0.5089935212778743,50.9,Medium,72.84
CUST-03393,64,Female,36,24.17,Month-to-month,2,Fiber optic,Mailed check,870.12,Yes,0.6293891607455002,62.94,Medium,15.21
CUST-03394,42,Female,69,25.93,Two year,3,DSL,Mailed check,1789.17,No,0.283912800528531,28.39,Low,7.36
CUST-03395,54,Male,37,64.79,Month-to-month,0,Fiber optic,Mailed check,2397.23,No,0.4116316143583756,41.16,Medium,26.67
CUST-03396,64,Female,12,31.41,Two year,1,DSL,Bank transfer,376.92,Yes,0.5064904774767455,50.65,Medium,15.91
CUST-03397,25,Male,40,82.31,Two year,4,Fiber optic,Credit card,3292.4,No,0.2849924093644514,28.5,Low,23.46
CUST-03398,59,Female,54,114.73,Month-to-month,3,DSL,Credit card,6195.42,Yes,0.6773194829465868,67.73,Medium,77.71
CUST-03399,75,Female,2,93.7,Two year,3,DSL,Mailed check,187.4,No,0.30110356524518594,30.11,Low,28.21
CUST-03400,33,Female,50,45.54,Month-to-month,2,DSL,Bank transfer,2277.0,Yes,0.5363853001477104,53.64,Medium,24.43
CUST-03401,25,Male,41,105.13,Two year,3,DSL,Bank transfer,4310.33,No,0.2641589177521275,26.42,Low,27.77
CUST-03402,18,Male,45,109.03,Two year,4,DSL,Bank transfer,4906.35,No,0.2730972969371376,27.31,Low,29.78
CUST-03403,61,Female,9,141.22,Month-to-month,7,No,Credit card,1270.98,Yes,0.8565597074819694,85.66,High,120.96
CUST-03404,22,Male,62,39.08,One year,2,No,Mailed check,2422.96,No,0.36878573646195645,36.88,Low,14.41
CUST-03405,20,Female,47,110.0,One year,4,Fiber optic,Bank transfer,5170.0,No,0.2594121328352516,25.94,Low,28.54
CUST-03406,18,Female,5,138.49,Month-to-month,5,DSL,Bank transfer,692.45,No,0.3732273189249538,37.32,Low,51.69
CUST-03407,21,Male,1,85.2,Two year,1,DSL,Mailed check,85.2,No,0.2987101985251437,29.87,Low,25.45
CUST-03408,57,Male,44,67.03,Month-to-month,2,DSL,Bank transfer,2949.32,No,0.4817885619430337,48.18,Medium,32.29
CUST-03409,52,Male,22,42.2,Month-to-month,1,Fiber optic,Credit card,928.4,No,0.41393301117906717,41.39,Medium,17.47
CUST-03410,49,Male,38,132.68,Month-to-month,3,No,Electronic check,5041.84,Yes,0.6186397796858111,61.86,Medium,82.08
CUST-03411,59,Female,19,71.25,One year,3,No,Credit card,1353.75,No,0.439390107220637,43.94,Medium,31.31
CUST-03412,51,Male,31,140.23,Two year,3,DSL,Mailed check,4347.13,Yes,0.6375632629698852,63.76,Medium,89.41
CUST-03413,60,Male,67,130.21,One year,3,Fiber optic,Mailed check,8724.07,No,0.25091018985913055,25.09,Low,32.67
CUST-03414,42,Female,42,68.96,One year,1,Fiber optic,Credit card,2896.32,No,0.19804410759839844,19.8,Low,13.66
CUST-03415,27,Male,26,94.61,One year,3,Fiber optic,Electronic check,2459.86,No,0.24098497046806464,24.1,Low,22.8
CUST-03416,38,Male,13,23.53,Month-to-month,2,DSL,Mailed check,305.89,No,0.5410741154284241,54.11,Medium,12.73
CUST-03417,63,Male,58,54.22,Month-to-month,4,DSL,Mailed check,3144.76,Yes,0.6573178884603198,65.73,Medium,35.64
CUST-03418,56,Male,18,112.34,Month-to-month,1,Fiber optic,Credit card,2022.12,No,0.5272785376936102,52.73,Medium,59.23
CUST-03419,44,Female,67,108.13,Month-to-month,1,DSL,Electronic check,7244.71,No,0.42188154463682975,42.19,Medium,45.62
CUST-03420,44,Female,3,65.94,Month-to-month,2,Fiber optic,Electronic check,197.82,Yes,0.737055535081549,73.71,High,48.6
CUST-03421,19,Male,55,125.12,Two year,2,DSL,Electronic check,6881.6,No,0.27345667793728956,27.35,Low,34.21
CUST-03422,58,Male,58,50.66,Two year,2,DSL,Mailed check,2938.28,No,0.316966613252138,31.7,Low,16.06
CUST-03423,65,Female,63,79.97,Month-to-month,1,DSL,Electronic check,5038.11,No,0.4076982420091182,40.77,Medium,32.6
CUST-03424,30,Male,52,81.43,Month-to-month,1,DSL,Credit card,4234.36,Yes,0.5384907784745888,53.85,Medium,43.85
CUST-03425,26,Male,24,64.31,Month-to-month,0,Fiber optic,Mailed check,1543.44,Yes,0.5320033766822952,53.2,Medium,34.21
CUST-03426,69,Male,72,144.11,Two year,3,DSL,Electronic check,10375.92,No,0.2495998996476583,24.96,Low,35.97
CUST-03427,53,Male,9,110.57,Month-to-month,0,DSL,Bank transfer,995.13,Yes,0.7068907435892616,70.69,High,78.16
CUST-03428,39,Male,37,90.1,One year,0,Fiber optic,Electronic check,3333.7,No,0.15561160077346006,15.56,Low,14.02
CUST-03429,59,Male,53,86.37,Month-to-month,2,DSL,Electronic check,4577.61,No,0.4770348845163967,47.7,Medium,41.2
CUST-03430,43,Male,24,40.71,One year,2,DSL,Mailed check,977.04,No,0.3470087124031871,34.7,Low,14.13
CUST-03431,75,Male,21,68.38,Month-to-month,2,DSL,Credit card,1435.98,Yes,0.6156687488570097,61.57,Medium,42.1
CUST-03432,71,Male,40,107.46,Month-to-month,2,DSL,Bank transfer,4298.4,Yes,0.6101987591755953,61.02,Medium,65.57
CUST-03433,29,Female,62,140.19,Month-to-month,0,Fiber optic,Mailed check,8691.78,No,0.3724143211910453,37.24,Low,52.21
CUST-03434,34,Female,70,126.14,Month-to-month,1,DSL,Electronic check,8829.8,No,0.44067665538552,44.07,Medium,55.59
CUST-03435,31,Female,69,59.05,Two year,1,Fiber optic,Mailed check,4074.45,No,0.18422908200122987,18.42,Low,10.88
CUST-03436,31,Male,14,76.41,Month-to-month,3,Fiber optic,Mailed check,1069.74,No,0.4667327457435448,46.67,Medium,35.66
CUST-03437,74,Male,42,30.78,Month-to-month,2,Fiber optic,Bank transfer,1292.76,No,0.5096878718146555,50.97,Medium,15.69
CUST-03438,51,Female,50,33.28,Two year,1,No,Electronic check,1664.0,No,0.1444218263324448,14.44,Low,4.81
CUST-03439,70,Male,61,81.13,Month-to-month,2,DSL,Mailed check,4948.93,No,0.5232159619848699,52.32,Medium,42.45
CUST-03440,74,Female,4,88.93,Month-to-month,1,Fiber optic,Credit card,355.72,Yes,0.789189407705448,78.92,High,70.18
CUST-03441,37,Male,72,54.32,Two year,0,Fiber optic,Bank transfer,3911.04,No,0.14717555898482837,14.72,Low,7.99
CUST-03442,28,Female,17,103.56,One year,0,No,Mailed check,1760.52,No,0.24435915504044403,24.44,Low,25.31
CUST-03443,33,Female,57,111.44,Month-to-month,2,Fiber optic,Bank transfer,6352.08,Yes,0.5375583868855456,53.76,Medium,59.91
CUST-03444,68,Female,48,58.89,One year,5,DSL,Mailed check,2826.72,No,0.28191994437711276,28.19,Low,16.6
CUST-03445,48,Male,44,118.6,One year,4,DSL,Mailed check,5218.4,No,0.38033432450841603,38.03,Low,45.11
CUST-03446,72,Female,45,46.73,Month-to-month,3,DSL,Mailed check,2102.85,No,0.520223336261813,52.02,Medium,24.31
CUST-03447,23,Male,33,90.75,One year,3,No,Credit card,2994.75,No,0.2828740397177237,28.29,Low,25.67
CUST-03448,73,Male,31,124.56,One year,2,Fiber optic,Credit card,3861.36,No,0.37425600225063654,37.43,Low,46.62
CUST-03449,36,Male,47,89.81,Two year,5,Fiber optic,Credit card,4221.07,Yes,0.5437529157944732,54.38,Medium,48.83
CUST-03450,54,Male,6,138.04,Two year,0,Fiber optic,Mailed check,828.24,No,0.16516666815881914,16.52,Low,22.8
CUST-03451,75,Male,72,27.61,Month-to-month,3,Fiber optic,Credit card,1987.92,Yes,0.6460045544814886,64.6,Medium,17.84
CUST-03452,21,Male,71,96.48,One year,3,DSL,Bank transfer,6850.08,Yes,0.4801994406242254,48.02,Medium,46.33
CUST-03453,64,Male,34,93.03,Month-to-month,6,No,Credit card,3163.02,No,0.5721357543699697,57.21,Medium,53.23
CUST-03454,21,Female,53,105.85,Month-to-month,1,Fiber optic,Bank transfer,5610.05,No,0.4377290254116248,43.77,Medium,46.33
CUST-03455,37,Female,14,128.34,Month-to-month,1,Fiber optic,Electronic check,1796.76,No,0.5374017452222337,53.74,Medium,68.97
CUST-03456,27,Female,16,114.36,One year,1,Fiber optic,Electronic check,1829.76,No,0.2104716040667602,21.05,Low,24.07
CUST-03457,41,Male,43,122.74,One year,4,Fiber optic,Credit card,5277.82,No,0.4066741166304737,40.67,Medium,49.92
CUST-03458,71,Male,12,57.55,Month-to-month,2,DSL,Credit card,690.6,No,0.5170512741246566,51.71,Medium,29.76
CUST-03459,52,Male,70,70.37,Two year,4,DSL,Bank transfer,4925.9,No,0.3580374286479616,35.8,Low,25.2
CUST-03460,43,Male,19,101.48,One year,3,DSL,Mailed check,1928.12,No,0.45354470713878753,45.35,Medium,46.03
CUST-03461,54,Female,41,91.95,One year,2,Fiber optic,Bank transfer,3769.95,No,0.2817528193462609,28.18,Low,25.91
CUST-03462,55,Male,53,144.94,Month-to-month,2,DSL,Electronic check,7681.82,No,0.5283296846840563,52.83,Medium,76.58
CUST-03463,38,Female,29,44.29,One year,2,DSL,Mailed check,1284.41,No,0.3765558944995982,37.66,Low,16.68
CUST-03464,71,Male,70,65.67,Two year,4,Fiber optic,Bank transfer,4596.9,No,0.3481098612937558,34.81,Low,22.86
CUST-03465,57,Female,59,94.46,Month-to-month,0,No,Credit card,5573.14,Yes,0.5367228960897148,53.67,Medium,50.7
CUST-03466,56,Male,64,132.84,Month-to-month,7,DSL,Electronic check,8501.76,No,0.524838154551476,52.48,Medium,69.72
CUST-03467,38,Female,24,140.82,Two year,4,DSL,Electronic check,3379.68,No,0.2687990779858835,26.88,Low,37.85
CUST-03468,27,Male,16,63.68,One year,2,Fiber optic,Credit card,1018.88,No,0.3599879136715799,36.0,Low,22.92
CUST-03469,55,Female,52,28.72,Month-to-month,3,Fiber optic,Bank transfer,1493.44,No,0.4562886047802468,45.63,Medium,13.1
CUST-03470,63,Male,6,74.81,Month-to-month,2,Fiber optic,Credit card,448.86,Yes,0.6830643936047964,68.31,Medium,51.1
CUST-03471,21,Female,37,71.26,One year,2,Fiber optic,Bank transfer,2636.62,No,0.2589244308168891,25.89,Low,18.45
CUST-03472,74,Female,4,148.24,Month-to-month,2,DSL,Electronic check,592.96,Yes,0.8139169958742827,81.39,High,120.66
CUST-03473,62,Male,38,76.04,Month-to-month,1,Fiber optic,Credit card,2889.52,Yes,0.5767053070996301,57.67,Medium,43.85
CUST-03474,37,Female,41,59.74,Month-to-month,1,Fiber optic,Electronic check,2449.34,No,0.38029674592219653,38.03,Low,22.72
CUST-03475,34,Male,14,67.5,Month-to-month,1,Fiber optic,Electronic check,945.0,No,0.3414190671495867,34.14,Low,23.05
CUST-03476,72,Male,71,71.6,One year,1,No,Mailed check,5083.6,Yes,0.5926516786505681,59.27,Medium,42.43
CUST-03477,24,Male,51,126.8,Two year,3,DSL,Credit card,6466.8,No,0.30133062487466833,30.13,Low,38.21
CUST-03478,21,Female,65,30.53,Month-to-month,6,DSL,Electronic check,1984.45,Yes,0.7227411652595241,72.27,High,22.07
CUST-03479,46,Female,52,61.15,One year,2,Fiber optic,Bank transfer,3179.8,No,0.2915491581496804,29.15,Low,17.83
CUST-03480,31,Male,30,145.62,Month-to-month,4,DSL,Credit card,4368.6,No,0.4960435191889166,49.6,Medium,72.23
CUST-03481,20,Male,57,39.9,Month-to-month,2,Fiber optic,Bank transfer,2274.3,No,0.40728021775209095,40.73,Medium,16.25
CUST-03482,41,Female,30,116.54,Two year,4,Fiber optic,Bank transfer,3496.2,No,0.35744318312676426,35.74,Low,41.66
CUST-03483,54,Female,42,66.33,Month-to-month,3,Fiber optic,Bank transfer,2785.86,No,0.46798304800020135,46.8,Medium,31.04
CUST-03484,33,Female,11,95.63,Month-to-month,6,DSL,Credit card,1051.93,Yes,0.8194932570836274,81.95,High,78.37
CUST-03485,75,Male,27,32.94,Month-to-month,1,Fiber optic,Bank transfer,889.38,No,0.4725180813187284,47.25,Medium,15.56
CUST-03486,72,Male,24,59.83,One year,2,DSL,Credit card,1435.92,No,0.35939610029850305,35.94,Low,21.5
CUST-03487,69,Male,39,85.11,Month-to-month,5,DSL,Mailed check,3319.29,Yes,0.7838764233614824,78.39,High,66.72
CUST-03488,21,Male,72,50.12,Month-to-month,2,Fiber optic,Bank transfer,3608.64,No,0.40428614829707615,40.43,Medium,20.26
CUST-03489,73,Male,18,90.44,Two year,4,DSL,Credit card,1627.92,Yes,0.6265514347452585,62.66,Medium,56.67
CUST-03490,41,Female,45,48.57,Month-to-month,0,No,Bank transfer,2185.65,No,0.3809217026813749,38.09,Low,18.5
CUST-03491,51,Male,12,104.51,Month-to-month,1,Fiber optic,Electronic check,1254.12,No,0.43138639872737883,43.14,Medium,45.08
CUST-03492,47,Female,49,137.57,Month-to-month,4,Fiber optic,Bank transfer,6740.93,No,0.57065966610603,57.07,Medium,78.51
CUST-03493,35,Female,31,31.11,Month-to-month,2,Fiber optic,Electronic check,964.41,No,0.43731359776028605,43.73,Medium,13.6
CUST-03494,36,Male,22,48.16,Month-to-month,2,Fiber optic,Electronic check,1059.52,No,0.4056971982183134,40.57,Medium,19.54
CUST-03495,48,Female,44,129.77,One year,6,Fiber optic,Bank transfer,5709.88,Yes,0.6408118397039911,64.08,Medium,83.16
CUST-03496,36,Male,64,102.1,One year,3,Fiber optic,Bank transfer,6534.4,Yes,0.43555285966585805,43.56,Medium,44.47
CUST-03497,66,Female,25,30.23,Month-to-month,2,Fiber optic,Electronic check,755.75,No,0.47884818551016367,47.88,Medium,14.48
CUST-03498,63,Male,51,83.23,Month-to-month,2,Fiber optic,Mailed check,4244.73,No,0.4921803559500781,49.22,Medium,40.96
CUST-03499,36,Male,7,47.27,Month-to-month,2,No,Credit card,330.89,No,0.43270021223763344,43.27,Medium,20.45
CUST-03500,39,Female,6,45.88,Month-to-month,3,No,Bank transfer,275.28,No,0.5194274368808479,51.94,Medium,23.83
CUST-03501,41,Male,24,142.28,Month-to-month,2,Fiber optic,Electronic check,3414.72,No,0.5102700402462305,51.03,Medium,72.6
CUST-03502,62,Female,19,119.0,Month-to-month,2,Fiber optic,Credit card,2261.0,Yes,0.6883802526559157,68.84,Medium,81.92
CUST-03503,29,Male,9,110.51,Month-to-month,1,Fiber optic,Bank transfer,994.59,Yes,0.7513042283024268,75.13,High,83.03
CUST-03504,47,Male,36,51.06,One year,1,Fiber optic,Credit card,1838.16,No,0.20312588654142782,20.31,Low,10.37
CUST-03505,75,Male,40,35.41,Month-to-month,1,No,Electronic check,1416.4,Yes,0.5771023211282863,57.71,Medium,20.44
CUST-03506,55,Female,24,133.21,Month-to-month,1,Fiber optic,Bank transfer,3197.04,Yes,0.6412319105599721,64.12,Medium,85.42
CUST-03507,70,Female,48,20.76,Month-to-month,6,No,Mailed check,996.48,Yes,0.8025304709367714,80.25,High,16.66
CUST-03508,48,Male,63,70.45,Month-to-month,2,No,Credit card,4438.35,Yes,0.5583960604900202,55.84,Medium,39.34
CUST-03509,53,Female,69,56.09,One year,3,No,Bank transfer,3870.21,No,0.24468175605230855,24.47,Low,13.72
CUST-03510,36,Male,53,94.15,Month-to-month,3,Fiber optic,Credit card,4989.95,No,0.4471422408722937,44.71,Medium,42.1
CUST-03511,65,Female,54,52.57,Month-to-month,4,Fiber optic,Credit card,2838.78,Yes,0.6929006140141016,69.29,Medium,36.43
CUST-03512,62,Female,42,60.46,Month-to-month,2,Fiber optic,Bank transfer,2539.32,Yes,0.5301085464583409,53.01,Medium,32.05
CUST-03513,53,Male,45,130.51,Month-to-month,2,DSL,Bank transfer,5872.95,No,0.5480204898474126,54.8,Medium,71.52
CUST-03514,47,Male,14,98.41,One year,1,Fiber optic,Bank transfer,1377.74,No,0.29363806335991105,29.36,Low,28.9
CUST-03515,72,Male,29,38.94,Two year,1,No,Electronic check,1129.26,No,0.18694147288346483,18.69,Low,7.28
CUST-03516,66,Male,6,114.44,Month-to-month,1,Fiber optic,Bank transfer,686.64,Yes,0.7454723127182088,74.55,High,85.31
CUST-03517,72,Male,7,46.97,One year,4,DSL,Credit card,328.79,Yes,0.7548303042615593,75.48,High,35.45
CUST-03518,50,Female,37,76.29,Month-to-month,1,Fiber optic,Bank transfer,2822.73,No,0.4876486873721918,48.76,Medium,37.2
CUST-03519,35,Female,53,104.06,Month-to-month,2,DSL,Electronic check,5515.18,Yes,0.47895268326353657,47.9,Medium,49.84
CUST-03520,69,Male,18,55.35,Month-to-month,2,Fiber optic,Electronic check,996.3,No,0.49353740632862836,49.35,Medium,27.32
CUST-03521,66,Male,38,69.93,Two year,3,No,Bank transfer,2657.34,No,0.2360451969399283,23.6,Low,16.51
CUST-03522,45,Male,59,115.44,Month-to-month,4,Fiber optic,Credit card,6810.96,Yes,0.6716450433736805,67.16,Medium,77.53
CUST-03523,64,Female,1,141.93,Two year,1,DSL,Electronic check,141.93,Yes,0.752624486724608,75.26,High,106.82
CUST-03524,28,Male,68,88.8,Month-to-month,1,Fiber optic,Credit card,6038.4,Yes,0.5125358779929838,51.25,Medium,45.51
CUST-03525,74,Male,44,21.3,Month-to-month,3,DSL,Mailed check,937.2,Yes,0.7104920716269513,71.05,High,15.13
CUST-03526,71,Female,47,64.0,One year,4,DSL,Electronic check,3008.0,Yes,0.5547365340498834,55.47,Medium,35.5
CUST-03527,62,Female,35,71.82,Two year,0,Fiber optic,Mailed check,2513.7,No,0.21805812740391417,21.81,Low,15.66
CUST-03528,50,Female,60,64.09,Two year,1,Fiber optic,Electronic check,3845.4,No,0.2175618553327774,21.76,Low,13.94
CUST-03529,34,Female,52,76.71,One year,2,DSL,Credit card,3988.92,Yes,0.49551282838989624,49.55,Medium,38.01
CUST-03530,23,Male,8,102.25,Month-to-month,2,Fiber optic,Mailed check,818.0,Yes,0.6933669977897848,69.34,Medium,70.9
CUST-03531,21,Female,41,35.75,Month-to-month,2,DSL,Credit card,1465.75,No,0.4268320665696379,42.68,Medium,15.26
CUST-03532,37,Female,3,55.44,Month-to-month,1,Fiber optic,Electronic check,166.32,No,0.6058168217752802,60.58,Medium,33.59
CUST-03533,65,Male,69,85.99,Month-to-month,5,DSL,Credit card,5933.31,Yes,0.7644252937934073,76.44,High,65.73
CUST-03534,64,Male,14,61.02,Two year,2,Fiber optic,Mailed check,854.28,No,0.35280766346215137,35.28,Low,21.53
CUST-03535,44,Male,26,148.84,One year,1,DSL,Bank transfer,3869.84,No,0.30118178075739926,30.12,Low,44.83
CUST-03536,32,Female,70,76.09,Two year,5,Fiber optic,Bank transfer,5326.3,No,0.2834591043803686,28.35,Low,21.57
CUST-03537,23,Male,58,133.07,Month-to-month,2,Fiber optic,Electronic check,7718.06,No,0.42574128138256756,42.57,Medium,56.65
CUST-03538,64,Female,40,136.55,One year,2,Fiber optic,Bank transfer,5462.0,Yes,0.5986639172490227,59.87,Medium,81.75
CUST-03539,31,Female,51,128.68,Two year,2,Fiber optic,Electronic check,6562.68,No,0.24301929259035865,24.3,Low,31.27
CUST-03540,28,Female,5,26.1,Month-to-month,4,DSL,Credit card,130.5,Yes,0.862070632748932,86.21,High,22.5
CUST-03541,56,Male,32,143.21,Month-to-month,3,DSL,Credit card,4582.72,No,0.5311761041012263,53.12,Medium,76.07
CUST-03542,26,Female,1,36.74,One year,1,No,Mailed check,36.74,No,0.2197773688367418,21.98,Low,8.07
CUST-03543,43,Male,54,24.47,One year,1,Fiber optic,Mailed check,1321.38,No,0.22416233212953932,22.42,Low,5.49
CUST-03544,33,Male,11,73.87,Two year,3,Fiber optic,Bank transfer,812.57,No,0.3799337218818913,37.99,Low,28.07
CUST-03545,22,Male,53,45.3,Month-to-month,4,DSL,Credit card,2400.9,Yes,0.6334117588411438,63.34,Medium,28.69
CUST-03546,74,Female,8,43.95,Month-to-month,5,DSL,Mailed check,351.6,Yes,0.8154410744148355,81.54,High,35.84
CUST-03547,69,Female,25,57.42,Month-to-month,1,Fiber optic,Bank transfer,1435.5,No,0.5124864046829003,51.25,Medium,29.43
CUST-03548,27,Female,40,52.29,Month-to-month,4,No,Electronic check,2091.6,Yes,0.6420870836051884,64.21,Medium,33.57
CUST-03549,67,Male,32,109.02,One year,1,Fiber optic,Mailed check,3488.64,No,0.42438271630553437,42.44,Medium,46.27
CUST-03550,20,Female,28,44.28,Month-to-month,1,DSL,Mailed check,1239.84,Yes,0.6100240282779646,61.0,Medium,27.01
CUST-03551,30,Female,3,90.61,Two year,3,Fiber optic,Bank transfer,271.83,Yes,0.6068111224607379,60.68,Medium,54.98
CUST-03552,60,Female,62,148.24,Two year,2,No,Mailed check,9190.88,No,0.362802095805321,36.28,Low,53.78
CUST-03553,66,Female,27,76.21,Month-to-month,2,Fiber optic,Bank transfer,2057.67,No,0.5405464668656961,54.05,Medium,41.2
CUST-03554,47,Female,45,103.44,Month-to-month,0,No,Mailed check,4654.8,No,0.40152410454746723,40.15,Medium,41.53
CUST-03555,71,Male,25,146.02,Month-to-month,1,Fiber optic,Credit card,3650.5,No,0.5238438783293222,52.38,Medium,76.49
CUST-03556,62,Male,61,37.89,One year,4,DSL,Credit card,2311.29,No,0.32252302651325115,32.25,Low,12.22
CUST-03557,23,Male,44,74.42,Month-to-month,3,DSL,Credit card,3274.48,No,0.46441207232110426,46.44,Medium,34.56
CUST-03558,34,Male,46,130.53,Month-to-month,5,DSL,Mailed check,6004.38,No,0.5675869196547104,56.76,Medium,74.09
CUST-03559,62,Female,14,141.2,Month-to-month,4,Fiber optic,Bank transfer,1976.8,No,0.43975607942167355,43.98,Medium,62.09
CUST-03560,68,Male,8,98.16,One year,3,Fiber optic,Credit card,785.28,Yes,0.7590469070298325,75.9,High,74.51
CUST-03561,70,Female,48,38.64,Month-to-month,2,Fiber optic,Electronic check,1854.72,No,0.5308225670434151,53.08,Medium,20.51
CUST-03562,36,Male,14,137.19,One year,2,DSL,Mailed check,1920.66,No,0.39281305285920776,39.28,Low,53.89
CUST-03563,59,Male,65,42.68,Two year,2,No,Bank transfer,2774.2,Yes,0.48827338402404724,48.83,Medium,20.84
CUST-03564,52,Male,7,65.87,Month-to-month,0,DSL,Mailed check,461.09,No,0.4682115153784308,46.82,Medium,30.84
CUST-03565,63,Female,49,68.82,Month-to-month,1,DSL,Bank transfer,3372.18,No,0.46110454089672376,46.11,Medium,31.73
CUST-03566,43,Female,55,78.15,Month-to-month,3,DSL,Bank transfer,4298.25,Yes,0.5384291004723035,53.84,Medium,42.08
CUST-03567,68,Male,13,122.72,Month-to-month,3,DSL,Mailed check,1595.36,Yes,0.6908668647879483,69.09,Medium,84.78
CUST-03568,22,Female,56,124.28,Month-to-month,2,No,Electronic check,6959.68,No,0.4494360989405761,44.94,Medium,55.86
CUST-03569,46,Male,56,113.56,Month-to-month,0,DSL,Electronic check,6359.36,No,0.41451400734849025,41.45,Medium,47.07
CUST-03570,54,Male,15,22.88,Two year,2,DSL,Mailed check,343.2,No,0.2715469753112993,27.15,Low,6.21
CUST-03571,37,Male,57,93.43,One year,2,Fiber optic,Credit card,5325.51,No,0.31085662720309293,31.09,Low,29.04
CUST-03572,66,Female,58,117.17,Month-to-month,1,Fiber optic,Credit card,6795.86,No,0.6027676175010817,60.28,Medium,70.63
CUST-03573,38,Male,35,77.8,Month-to-month,0,DSL,Bank transfer,2723.0,No,0.46031889570858653,46.03,Medium,35.81
CUST-03574,27,Male,16,142.84,One year,1,DSL,Credit card,2285.44,No,0.2240852993914254,22.41,Low,32.01
CUST-03575,22,Male,8,127.1,Month-to-month,1,DSL,Mailed check,1016.8,Yes,0.7304387214353376,73.04,High,92.84
CUST-03576,53,Female,45,102.96,Month-to-month,3,No,Mailed check,4633.2,Yes,0.5461847124279071,54.62,Medium,56.24
CUST-03577,23,Male,40,28.12,Month-to-month,2,Fiber optic,Electronic check,1124.8,Yes,0.44026601109484675,44.03,Medium,12.38
CUST-03578,43,Female,54,104.81,Two year,4,No,Credit card,5659.74,No,0.23613642436998145,23.61,Low,24.75
CUST-03579,21,Male,14,138.51,Month-to-month,4,DSL,Credit card,1939.14,Yes,0.6461901767957169,64.62,Medium,89.5
CUST-03580,56,Female,59,69.33,One year,0,Fiber optic,Bank transfer,4090.47,No,0.12865255075404228,12.87,Low,8.92
CUST-03581,56,Male,53,128.96,Month-to-month,4,Fiber optic,Mailed check,6834.88,No,0.536891250170184,53.69,Medium,69.24
CUST-03582,67,Male,27,60.71,One year,4,DSL,Mailed check,1639.17,Yes,0.4605532275535571,46.06,Medium,27.96
CUST-03583,52,Female,47,94.11,One year,3,Fiber optic,Mailed check,4423.17,No,0.3117226567164898,31.17,Low,29.34
CUST-03584,18,Female,6,104.3,Two year,6,Fiber optic,Electronic check,625.8,No,0.2908572248735756,29.09,Low,30.34
CUST-03585,41,Male,55,108.14,Month-to-month,4,Fiber optic,Electronic check,5947.7,Yes,0.6045742783088889,60.46,Medium,65.38
CUST-03586,74,Female,44,134.73,Month-to-month,5,Fiber optic,Electronic check,5928.12,No,0.4926239246944437,49.26,Medium,66.37
CUST-03587,53,Male,18,50.5,Month-to-month,4,Fiber optic,Mailed check,909.0,Yes,0.5654364447103138,56.54,Medium,28.55
CUST-03588,23,Male,16,54.11,Month-to-month,4,Fiber optic,Mailed check,865.76,No,0.4506489163578233,45.06,Medium,24.38
CUST-03589,58,Male,12,111.53,Month-to-month,0,No,Credit card,1338.36,No,0.37152624282615576,37.15,Low,41.44
CUST-03590,71,Female,20,43.04,Two year,3,Fiber optic,Mailed check,860.8,No,0.23720971505742508,23.72,Low,10.21
CUST-03591,63,Male,45,80.36,Month-to-month,4,Fiber optic,Mailed check,3616.2,Yes,0.6395821336133248,63.96,Medium,51.4
CUST-03592,61,Female,64,22.6,One year,3,Fiber optic,Electronic check,1446.4,Yes,0.6097023331945117,60.97,Medium,13.78
CUST-03593,74,Male,59,38.33,Month-to-month,2,DSL,Credit card,2261.47,No,0.5098094668647108,50.98,Medium,19.54
CUST-03594,48,Female,22,108.25,Month-to-month,2,DSL,Mailed check,2381.5,No,0.6263200674103704,62.63,Medium,67.8
CUST-03595,37,Female,47,117.17,Month-to-month,3,Fiber optic,Bank transfer,5506.99,No,0.5448772905542685,54.49,Medium,63.84
CUST-03596,41,Male,29,34.99,Month-to-month,3,Fiber optic,Electronic check,1014.71,No,0.4185778415455001,41.86,Medium,14.65
CUST-03597,42,Female,45,49.6,Month-to-month,2,Fiber optic,Bank transfer,2232.0,No,0.46147503894223985,46.15,Medium,22.89
CUST-03598,53,Male,9,32.86,One year,2,No,Credit card,295.74,No,0.38342416457640316,38.34,Low,12.6
CUST-03599,38,Male,24,76.34,Month-to-month,3,No,Electronic check,1832.16,No,0.4934759711566476,49.35,Medium,37.67
CUST-03600,47,Male,15,36.4,One year,2,No,Credit card,546.0,Yes,0.5626357360071664,56.26,Medium,20.48
CUST-03601,41,Male,36,76.85,One year,3,Fiber optic,Mailed check,2766.6,No,0.344544666694311,34.45,Low,26.48
CUST-03602,61,Male,13,115.17,Month-to-month,3,Fiber optic,Electronic check,1497.21,No,0.5653685760193305,56.54,Medium,65.11
CUST-03603,59,Female,44,108.84,One year,2,Fiber optic,Credit card,4788.96,No,0.3709254812058848,37.09,Low,40.37
CUST-03604,47,Male,71,56.46,Month-to-month,2,Fiber optic,Credit card,4008.66,No,0.39438111368119666,39.44,Low,22.27
CUST-03605,39,Female,72,107.59,Month-to-month,0,Fiber optic,Credit card,7746.48,Yes,0.6238710673747548,62.39,Medium,67.12
CUST-03606,45,Female,36,140.6,Month-to-month,4,Fiber optic,Bank transfer,5061.6,No,0.5039155281418664,50.39,Medium,70.85
CUST-03607,24,Male,61,65.18,Month-to-month,1,No,Electronic check,3975.98,No,0.3319398862570744,33.19,Low,21.64
CUST-03608,52,Female,40,62.79,One year,3,DSL,Credit card,2511.6,No,0.40989599027854506,40.99,Medium,25.74
CUST-03609,72,Male,27,94.29,Two year,0,DSL,Electronic check,2545.83,No,0.16238331502425818,16.24,Low,15.31
CUST-03610,45,Female,1,51.92,Month-to-month,3,Fiber optic,Mailed check,51.92,No,0.4342144657750413,43.42,Medium,22.54
CUST-03611,31,Female,34,104.71,Month-to-month,4,No,Mailed check,3560.14,Yes,0.65345338568556,65.35,Medium,68.42
CUST-03612,73,Female,68,128.19,Month-to-month,2,DSL,Credit card,8716.92,No,0.5224840328828534,52.25,Medium,66.98
CUST-03613,27,Male,21,79.71,One year,4,No,Electronic check,1673.91,No,0.2991126655883553,29.91,Low,23.84
CUST-03614,33,Female,33,108.34,Month-to-month,2,No,Credit card,3575.22,Yes,0.6233963181358442,62.34,Medium,67.54
CUST-03615,33,Male,7,104.75,Month-to-month,3,DSL,Credit card,733.25,No,0.6473842609903997,64.74,Medium,67.81
CUST-03616,71,Female,65,25.03,One year,2,No,Bank transfer,1626.95,Yes,0.6525829765624068,65.26,Medium,16.33
CUST-03617,48,Female,3,43.84,Month-to-month,3,DSL,Electronic check,131.52,Yes,0.6874121714322411,68.74,Medium,30.14
CUST-03618,59,Female,51,136.16,Two year,1,Fiber optic,Bank transfer,6944.16,Yes,0.5983565133812413,59.84,Medium,81.47
CUST-03619,42,Female,54,142.06,Month-to-month,1,Fiber optic,Credit card,7671.24,Yes,0.6511269072888103,65.11,Medium,92.5
CUST-03620,30,Male,59,121.46,Two year,3,No,Bank transfer,7166.14,No,0.3342342564980745,33.42,Low,40.6
CUST-03621,23,Male,6,139.76,Month-to-month,0,Fiber optic,Bank transfer,838.56,No,0.2829701694904194,28.3,Low,39.55
CUST-03622,61,Female,29,59.8,Month-to-month,2,Fiber optic,Bank transfer,1734.2,No,0.5232207207355569,52.32,Medium,31.29
CUST-03623,26,Female,17,52.2,One year,1,Fiber optic,Mailed check,887.4,No,0.267687749311797,26.77,Low,13.97
CUST-03624,62,Male,60,69.96,One year,3,Fiber optic,Mailed check,4197.6,No,0.274003650814621,27.4,Low,19.17
CUST-03625,53,Male,22,27.19,Two year,0,Fiber optic,Bank transfer,598.18,No,0.16312670770135676,16.31,Low,4.44
CUST-03626,73,Male,24,125.28,Month-to-month,2,No,Electronic check,3006.72,No,0.46185889020446513,46.19,Medium,57.86
CUST-03627,60,Male,51,147.94,Two year,0,DSL,Mailed check,7544.94,Yes,0.6721942320572306,67.22,Medium,99.44
CUST-03628,37,Female,50,127.12,Month-to-month,5,Fiber optic,Bank transfer,6356.0,Yes,0.6475937998155735,64.76,Medium,82.32
CUST-03629,35,Female,11,92.15,Month-to-month,2,DSL,Credit card,1013.65,No,0.5623877787330984,56.24,Medium,51.82
CUST-03630,75,Male,56,58.39,Month-to-month,7,Fiber optic,Mailed check,3269.84,Yes,0.781201846797806,78.12,High,45.61
CUST-03631,60,Male,71,45.7,One year,4,DSL,Credit card,3244.7,No,0.2902094209846755,29.02,Low,13.26
CUST-03632,74,Male,42,67.33,One year,1,DSL,Bank transfer,2827.86,No,0.2291788740312422,22.92,Low,15.43
CUST-03633,38,Male,39,106.71,Month-to-month,2,No,Bank transfer,4161.69,Yes,0.5769239976346573,57.69,Medium,61.56
CUST-03634,21,Male,69,78.12,Month-to-month,6,Fiber optic,Bank transfer,5390.28,Yes,0.6971557565440022,69.72,Medium,54.46
CUST-03635,67,Male,48,141.43,Month-to-month,0,Fiber optic,Credit card,6788.64,No,0.4134886254252485,41.35,Medium,58.48
CUST-03636,50,Female,57,131.05,Month-to-month,3,No,Mailed check,7469.85,No,0.5293465853889097,52.93,Medium,69.37
CUST-03637,44,Female,21,33.31,Month-to-month,3,Fiber optic,Bank transfer,699.51,No,0.4821746539516986,48.22,Medium,16.06
CUST-03638,24,Female,20,37.1,One year,2,DSL,Electronic check,742.0,No,0.31088263380958564,31.09,Low,11.53
CUST-03639,23,Male,15,107.91,One year,4,DSL,Bank transfer,1618.65,No,0.33544444079429636,33.54,Low,36.2
CUST-03640,32,Male,69,50.0,Two year,3,Fiber optic,Mailed check,3450.0,No,0.24925057382616914,24.93,Low,12.46
CUST-03641,35,Male,51,122.83,Month-to-month,4,DSL,Mailed check,6264.33,Yes,0.6452948982663524,64.53,Medium,79.26
CUST-03642,49,Female,62,96.88,Month-to-month,0,Fiber optic,Electronic check,6006.56,No,0.3545646935666122,35.46,Low,34.35
CUST-03643,73,Male,37,49.88,Month-to-month,1,Fiber optic,Bank transfer,1845.56,No,0.45533073452001055,45.53,Medium,22.71
CUST-03644,28,Male,6,82.23,One year,2,Fiber optic,Mailed check,493.38,No,0.4457846888468445,44.58,Medium,36.66
CUST-03645,37,Female,71,72.79,Month-to-month,6,DSL,Mailed check,5168.09,No,0.5930409123688786,59.3,Medium,43.17
CUST-03646,41,Male,26,133.51,Two year,2,Fiber optic,Mailed check,3471.26,No,0.3414737844770089,34.15,Low,45.59
CUST-03647,32,Female,8,24.18,One year,2,DSL,Credit card,193.44,Yes,0.704769918020282,70.48,High,17.04
CUST-03648,65,Female,4,136.46,Month-to-month,1,Fiber optic,Mailed check,545.84,Yes,0.8263627231890919,82.64,High,112.77
CUST-03649,24,Male,21,104.77,Month-to-month,1,Fiber optic,Mailed check,2200.17,No,0.44639744999924,44.64,Medium,46.77
CUST-03650,38,Female,31,115.88,One year,1,DSL,Credit card,3592.28,Yes,0.47837534294430895,47.84,Medium,55.43
CUST-03651,59,Male,21,20.34,One year,3,No,Bank transfer,427.14,No,0.3274444079173815,32.74,Low,6.66
CUST-03652,43,Female,25,101.67,Month-to-month,2,Fiber optic,Electronic check,2541.75,No,0.48170812586846645,48.17,Medium,48.98
CUST-03653,61,Male,15,96.5,Month-to-month,2,DSL,Credit card,1447.5,Yes,0.5571766072948358,55.72,Medium,53.77
CUST-03654,73,Female,35,89.84,One year,2,No,Credit card,3144.4,Yes,0.6087536320622388,60.88,Medium,54.69
CUST-03655,31,Male,49,122.16,One year,5,Fiber optic,Credit card,5985.84,No,0.3449659149764029,34.5,Low,42.14
CUST-03656,74,Female,43,92.26,Month-to-month,0,Fiber optic,Mailed check,3967.18,Yes,0.5613573609913804,56.14,Medium,51.79
CUST-03657,54,Female,41,131.42,Month-to-month,0,DSL,Bank transfer,5388.22,No,0.45935721623322223,45.94,Medium,60.37
CUST-03658,75,Female,37,50.24,Month-to-month,3,Fiber optic,Bank transfer,1858.88,No,0.5434862039637222,54.35,Medium,27.3
CUST-03659,38,Male,57,124.78,Two year,3,Fiber optic,Bank transfer,7112.46,Yes,0.429304464252411,42.93,Medium,53.57
CUST-03660,35,Male,42,43.31,Month-to-month,1,DSL,Electronic check,1819.02,Yes,0.4212921398164506,42.13,Medium,18.25
CUST-03661,22,Female,47,125.71,One year,3,Fiber optic,Bank transfer,5908.37,No,0.32613964647977,32.61,Low,41.0
CUST-03662,20,Male,61,142.26,Month-to-month,5,Fiber optic,Electronic check,8677.86,No,0.41507444770804497,41.51,Medium,59.05
CUST-03663,40,Female,14,63.64,Month-to-month,4,DSL,Mailed check,890.96,No,0.5508353415463143,55.08,Medium,35.06
CUST-03664,43,Male,68,88.89,Month-to-month,1,Fiber optic,Bank transfer,6044.52,Yes,0.47126703572813017,47.13,Medium,41.89
CUST-03665,54,Female,53,105.58,Month-to-month,0,DSL,Electronic check,5595.74,No,0.39093754209584136,39.09,Low,41.28
CUST-03666,41,Male,34,30.33,One year,3,DSL,Mailed check,1031.22,No,0.32809789562401986,32.81,Low,9.95
CUST-03667,66,Female,24,84.23,One year,0,No,Mailed check,2021.52,No,0.2689306392650598,26.89,Low,22.65
CUST-03668,36,Female,20,66.88,Month-to-month,3,DSL,Electronic check,1337.6,Yes,0.5133267474069937,51.33,Medium,34.33
CUST-03669,68,Female,69,133.42,Month-to-month,2,Fiber optic,Mailed check,9205.98,No,0.498751581414488,49.88,Medium,66.54
CUST-03670,42,Female,30,133.97,One year,3,Fiber optic,Mailed check,4019.1,Yes,0.6143136106236491,61.43,Medium,82.3
CUST-03671,38,Male,7,111.1,Month-to-month,4,Fiber optic,Bank transfer,777.7,Yes,0.8259309612715314,82.59,High,91.76
CUST-03672,29,Female,36,105.24,Month-to-month,5,Fiber optic,Electronic check,3788.64,No,0.47120379822082126,47.12,Medium,49.59
CUST-03673,74,Male,38,115.38,Month-to-month,4,DSL,Mailed check,4384.44,No,0.5794545519581058,57.95,Medium,66.86
CUST-03674,58,Male,52,67.58,Two year,1,Fiber optic,Credit card,3514.16,No,0.2944404204556461,29.44,Low,19.9
CUST-03675,50,Female,15,72.59,Month-to-month,1,No,Credit card,1088.85,No,0.497933209287447,49.79,Medium,36.14
CUST-03676,67,Male,46,91.98,One year,4,DSL,Mailed check,4231.08,No,0.3752998106695833,37.53,Low,34.52
CUST-03677,70,Male,23,141.94,Month-to-month,1,Fiber optic,Bank transfer,3264.62,Yes,0.5769853234289031,57.7,Medium,81.9
CUST-03678,21,Male,12,114.12,Month-to-month,5,Fiber optic,Credit card,1369.44,Yes,0.7425971901554729,74.26,High,84.75
CUST-03679,59,Female,44,91.63,Month-to-month,0,DSL,Bank transfer,4031.72,No,0.4359107880924795,43.59,Medium,39.94
CUST-03680,74,Male,15,120.15,Month-to-month,5,Fiber optic,Mailed check,1802.25,Yes,0.7225206653228183,72.25,High,86.81
CUST-03681,24,Male,49,68.22,One year,4,Fiber optic,Electronic check,3342.78,No,0.24340394749334548,24.34,Low,16.61
CUST-03682,39,Female,21,114.96,One year,1,DSL,Mailed check,2414.16,No,0.3704344682616945,37.04,Low,42.59
CUST-03683,72,Female,15,73.39,Month-to-month,2,Fiber optic,Mailed check,1100.85,Yes,0.6099310196367992,60.99,Medium,44.76
CUST-03684,50,Male,14,56.36,One year,3,Fiber optic,Credit card,789.04,No,0.4066647663174027,40.67,Medium,22.92
CUST-03685,34,Female,42,99.26,Month-to-month,4,DSL,Electronic check,4168.92,No,0.519762340138136,51.98,Medium,51.59
CUST-03686,41,Male,15,109.29,Month-to-month,1,Fiber optic,Bank transfer,1639.35,No,0.49336434545454705,49.34,Medium,53.92
CUST-03687,51,Male,63,79.71,Two year,1,DSL,Bank transfer,5021.73,No,0.2573079662320071,25.73,Low,20.51
CUST-03688,45,Male,68,93.52,One year,2,Fiber optic,Electronic check,6359.36,No,0.2569822338547208,25.7,Low,24.03
CUST-03689,75,Female,27,110.23,One year,2,Fiber optic,Bank transfer,2976.21,Yes,0.5820959495467128,58.21,Medium,64.16
CUST-03690,60,Male,53,119.8,Month-to-month,4,Fiber optic,Credit card,6349.4,Yes,0.6614289639780861,66.14,Medium,79.24
CUST-03691,58,Female,52,136.42,Month-to-month,1,DSL,Mailed check,7093.84,Yes,0.6343422666203629,63.43,Medium,86.54
CUST-03692,56,Female,63,66.09,Month-to-month,0,No,Bank transfer,4163.67,No,0.358937862227741,35.89,Low,23.72
CUST-03693,39,Male,53,143.69,Two year,2,No,Credit card,7615.57,No,0.24109412345524206,24.11,Low,34.64
CUST-03694,66,Female,57,102.85,One year,2,Fiber optic,Bank transfer,5862.45,Yes,0.4619750137638821,46.2,Medium,47.51
CUST-03695,34,Female,52,122.4,Month-to-month,5,DSL,Credit card,6364.8,No,0.5682063012996287,56.82,Medium,69.55
CUST-03696,51,Female,43,110.97,Two year,0,No,Bank transfer,4771.71,Yes,0.5719660018250566,57.2,Medium,63.47
CUST-03697,23,Female,7,46.72,Month-to-month,1,No,Bank transfer,327.04,Yes,0.6697424809615032,66.97,Medium,31.29
CUST-03698,63,Female,42,29.29,One year,2,Fiber optic,Electronic check,1230.18,No,0.3348317553214123,33.48,Low,9.81
CUST-03699,23,Male,4,114.42,Month-to-month,1,Fiber optic,Electronic check,457.68,No,0.5481742444492416,54.82,Medium,62.72
CUST-03700,51,Female,69,86.44,Month-to-month,3,DSL,Credit card,5964.36,No,0.4680727137579811,46.81,Medium,40.46
CUST-03701,18,Male,5,111.29,Month-to-month,1,DSL,Electronic check,556.45,Yes,0.709559219035584,70.96,High,78.97
CUST-03702,27,Male,41,81.99,Month-to-month,3,DSL,Mailed check,3361.59,No,0.5235047635047455,52.35,Medium,42.92
CUST-03703,38,Male,4,60.59,One year,1,DSL,Electronic check,242.36,No,0.25062425782468534,25.06,Low,15.19
CUST-03704,22,Male,2,57.05,One year,4,No,Credit card,114.1,Yes,0.7736209494298553,77.36,High,44.14
CUST-03705,19,Male,67,114.97,One year,2,Fiber optic,Electronic check,7702.99,Yes,0.5944677763943821,59.45,Medium,68.35
CUST-03706,39,Male,21,55.98,Two year,0,DSL,Credit card,1175.58,No,0.17237921790869998,17.24,Low,9.65
CUST-03707,65,Female,70,112.91,Month-to-month,1,Fiber optic,Mailed check,7903.7,No,0.5854852674276594,58.55,Medium,66.11
CUST-03708,74,Female,43,69.91,Two year,2,DSL,Credit card,3006.13,No,0.33907956185378957,33.91,Low,23.71
CUST-03709,19,Female,69,120.22,Two year,2,Fiber optic,Credit card,8295.18,Yes,0.5832178211195205,58.32,Medium,70.11
CUST-03710,27,Male,9,38.57,Month-to-month,3,Fiber optic,Mailed check,347.13,Yes,0.7116160632092168,71.16,High,27.45
CUST-03711,51,Female,28,46.65,Month-to-month,3,DSL,Mailed check,1306.2,Yes,0.5704348702326059,57.04,Medium,26.61
CUST-03712,33,Female,26,109.17,One year,2,DSL,Credit card,2838.42,No,0.38688517634186353,38.69,Low,42.24
CUST-03713,65,Female,3,92.83,Month-to-month,2,Fiber optic,Bank transfer,278.49,Yes,0.7599180017825278,75.99,High,70.54
CUST-03714,68,Male,49,46.5,One year,2,Fiber optic,Bank transfer,2278.5,Yes,0.441950485155099,44.2,Medium,20.55
CUST-03715,56,Female,17,137.37,Month-to-month,2,Fiber optic,Credit card,2335.29,Yes,0.6980848168143864,69.81,Medium,95.9
CUST-03716,39,Male,63,55.87,Month-to-month,1,Fiber optic,Electronic check,3519.81,No,0.36801869599218845,36.8,Low,20.56
CUST-03717,29,Female,55,74.74,Month-to-month,1,Fiber optic,Credit card,4110.7,No,0.4178860143718333,41.79,Medium,31.23
CUST-03718,41,Male,23,46.3,Month-to-month,4,Fiber optic,Credit card,1064.9,No,0.5003418938296185,50.03,Medium,23.17
CUST-03719,64,Male,34,70.44,Month-to-month,6,No,Electronic check,2394.96,Yes,0.7644973441212923,76.45,High,53.85
CUST-03720,57,Male,69,83.91,Month-to-month,1,DSL,Mailed check,5789.79,No,0.4118274154913953,41.18,Medium,34.56
CUST-03721,55,Female,15,58.38,Month-to-month,1,DSL,Credit card,875.7,Yes,0.557813830121079,55.78,Medium,32.57
CUST-03722,27,Female,47,119.98,Two year,3,No,Bank transfer,5639.06,Yes,0.5111553974328763,51.12,Medium,61.33
CUST-03723,52,Male,3,71.21,Month-to-month,3,No,Mailed check,213.63,No,0.5531702031187571,55.32,Medium,39.39
CUST-03724,68,Female,28,114.84,One year,2,DSL,Mailed check,3215.52,No,0.32459051487038576,32.46,Low,37.28
CUST-03725,66,Male,3,46.92,Month-to-month,3,No,Credit card,140.76,No,0.3938953474057334,39.39,Low,18.48
CUST-03726,49,Male,4,69.01,One year,2,DSL,Bank transfer,276.04,No,0.36076180914865325,36.08,Low,24.9
CUST-03727,24,Female,31,21.05,Two year,1,Fiber optic,Electronic check,652.55,No,0.21068348966181008,21.07,Low,4.43
CUST-03728,38,Female,45,118.62,Month-to-month,2,DSL,Electronic check,5337.9,No,0.5173119137021945,51.73,Medium,61.36
CUST-03729,37,Female,59,101.37,Two year,3,DSL,Electronic check,5980.83,Yes,0.46036330233240497,46.04,Medium,46.67
CUST-03730,43,Male,45,126.32,Month-to-month,1,Fiber optic,Bank transfer,5684.4,No,0.5078661389681867,50.79,Medium,64.15
CUST-03731,21,Male,37,79.23,Month-to-month,5,No,Mailed check,2931.51,No,0.5906027681036706,59.06,Medium,46.79
CUST-03732,63,Female,65,123.97,Two year,2,Fiber optic,Mailed check,8058.05,Yes,0.6352041003205051,63.52,Medium,78.75
CUST-03733,69,Male,9,104.19,Month-to-month,3,No,Credit card,937.71,Yes,0.7088406483388446,70.88,High,73.85
CUST-03734,39,Female,17,20.47,Month-to-month,1,Fiber optic,Mailed check,347.99,No,0.4718850838693255,47.19,Medium,9.66
CUST-03735,32,Male,65,52.98,One year,4,Fiber optic,Mailed check,3443.7,Yes,0.4831375974448245,48.31,Medium,25.6
CUST-03736,73,Female,3,84.21,One year,3,DSL,Electronic check,252.63,Yes,0.8256522111129762,82.57,High,69.53
CUST-03737,57,Female,26,100.43,One year,1,DSL,Electronic check,2611.18,No,0.19816795876977658,19.82,Low,19.9
CUST-03738,38,Male,53,28.53,Month-to-month,2,Fiber optic,Electronic check,1512.09,No,0.4283188361551106,42.83,Medium,12.22
CUST-03739,32,Female,31,111.66,Two year,0,Fiber optic,Mailed check,3461.46,No,0.19198911380992537,19.2,Low,21.44
CUST-03740,39,Female,26,90.66,One year,4,Fiber optic,Credit card,2357.16,Yes,0.44993481954757103,44.99,Medium,40.79
CUST-03741,69,Male,23,88.35,Two year,1,DSL,Mailed check,2032.05,No,0.1819103904355712,18.19,Low,16.07
CUST-03742,45,Female,30,57.97,Month-to-month,1,Fiber optic,Credit card,1739.1,Yes,0.5638648122652683,56.39,Medium,32.69
CUST-03743,31,Male,10,97.33,One year,4,Fiber optic,Mailed check,973.3,No,0.5067504511618518,50.68,Medium,49.32
CUST-03744,44,Female,72,23.57,Two year,1,Fiber optic,Bank transfer,1697.04,No,0.21925845358597082,21.93,Low,5.17
CUST-03745,58,Male,64,28.41,Month-to-month,2,Fiber optic,Mailed check,1818.24,Yes,0.555170581130632,55.52,Medium,15.77
CUST-03746,57,Female,22,115.4,Two year,3,Fiber optic,Bank transfer,2538.8,No,0.3428736762297066,34.29,Low,39.57
CUST-03747,75,Female,15,61.85,Month-to-month,2,No,Credit card,927.75,No,0.3970186694150817,39.7,Low,24.56
CUST-03748,45,Female,56,65.11,Month-to-month,2,DSL,Mailed check,3646.16,No,0.5989148173438056,59.89,Medium,39.0
CUST-03749,43,Female,20,47.09,Two year,6,Fiber optic,Mailed check,941.8,No,0.31473604370496244,31.47,Low,14.82
CUST-03750,66,Male,47,77.93,Two year,5,DSL,Credit card,3662.71,Yes,0.5930610639071255,59.31,Medium,46.22
CUST-03751,19,Male,53,26.76,Month-to-month,6,Fiber optic,Electronic check,1418.28,No,0.4559540701244299,45.6,Medium,12.2
CUST-03752,42,Male,53,59.05,Month-to-month,5,DSL,Electronic check,3129.65,Yes,0.6503976223877325,65.04,Medium,38.41
CUST-03753,73,Male,1,88.53,One year,6,Fiber optic,Bank transfer,88.53,Yes,0.8297398100364661,82.97,High,73.46
CUST-03754,20,Male,2,80.53,Two year,2,Fiber optic,Mailed check,161.06,Yes,0.7082650323817833,70.83,High,57.04
CUST-03755,25,Male,58,149.96,One year,4,Fiber optic,Electronic check,8697.68,No,0.2690250498359117,26.9,Low,40.34
CUST-03756,61,Male,19,70.54,One year,3,Fiber optic,Credit card,1340.26,No,0.4186018156313511,41.86,Medium,29.53
CUST-03757,50,Female,62,70.31,One year,0,DSL,Credit card,4359.22,No,0.15128372538830237,15.13,Low,10.64
CUST-03758,59,Female,72,85.47,Month-to-month,4,DSL,Mailed check,6153.84,Yes,0.5960551441111611,59.61,Medium,50.94
CUST-03759,69,Female,12,44.74,Two year,3,No,Bank transfer,536.88,No,0.18458588234097353,18.46,Low,8.26
CUST-03760,52,Female,26,133.92,Month-to-month,2,Fiber optic,Credit card,3481.92,No,0.6548771998234597,65.49,Medium,87.7
CUST-03761,23,Male,27,94.39,One year,0,Fiber optic,Mailed check,2548.53,No,0.177715532080468,17.77,Low,16.77
CUST-03762,56,Male,29,44.97,Month-to-month,2,Fiber optic,Bank transfer,1304.13,No,0.46075882243324806,46.08,Medium,20.72
CUST-03763,69,Male,15,123.15,Month-to-month,3,DSL,Electronic check,1847.25,Yes,0.6985944168461758,69.86,Medium,86.03
CUST-03764,40,Female,46,24.46,One year,2,DSL,Mailed check,1125.16,Yes,0.6009998912629699,60.1,Medium,14.7
CUST-03765,42,Male,1,147.73,Two year,3,DSL,Bank transfer,147.73,Yes,0.7968841303019265,79.69,High,117.72
CUST-03766,67,Female,60,132.47,One year,4,Fiber optic,Credit card,7948.2,Yes,0.6698873744749229,66.99,Medium,88.74
CUST-03767,60,Male,57,95.35,One year,3,Fiber optic,Electronic check,5434.95,No,0.2916278882111165,29.16,Low,27.81
CUST-03768,36,Male,3,34.47,Month-to-month,4,Fiber optic,Credit card,103.41,Yes,0.8623949950842755,86.24,High,29.73
CUST-03769,22,Male,18,47.99,Two year,5,No,Credit card,863.82,No,0.21850860266490546,21.85,Low,10.49
CUST-03770,68,Male,52,56.33,Month-to-month,2,Fiber optic,Electronic check,2929.16,No,0.4939300537165365,49.39,Medium,27.82
CUST-03771,28,Female,60,51.33,Month-to-month,2,No,Mailed check,3079.8,No,0.4961762375022176,49.62,Medium,25.47
CUST-03772,73,Female,34,84.68,Month-to-month,4,DSL,Mailed check,2879.12,Yes,0.6942325123906123,69.42,Medium,58.79
CUST-03773,29,Male,60,142.79,One year,2,No,Mailed check,8567.4,Yes,0.5316524437316213,53.17,Medium,75.91
CUST-03774,27,Female,26,77.74,Two year,1,Fiber optic,Credit card,2021.24,No,0.2543446914188729,25.43,Low,19.77
CUST-03775,25,Male,72,106.0,One year,0,Fiber optic,Credit card,7632.0,No,0.1959252473107241,19.59,Low,20.77
CUST-03776,41,Male,19,109.52,Month-to-month,2,Fiber optic,Mailed check,2080.88,Yes,0.5884066237081983,58.84,Medium,64.44
CUST-03777,45,Male,22,133.31,Month-to-month,2,No,Mailed check,2932.82,Yes,0.6597764199929504,65.98,Medium,87.95
CUST-03778,58,Male,33,24.4,Month-to-month,2,Fiber optic,Electronic check,805.2,Yes,0.516227982858332,51.62,Medium,12.6
CUST-03779,53,Female,38,72.56,Month-to-month,1,DSL,Credit card,2757.28,Yes,0.53463574680787,53.46,Medium,38.79
CUST-03780,54,Male,35,122.02,Month-to-month,2,No,Bank transfer,4270.7,No,0.5163153679391287,51.63,Medium,63.0
CUST-03781,38,Male,67,125.93,One year,1,Fiber optic,Mailed check,8437.31,No,0.232503170658075,23.25,Low,29.28
CUST-03782,25,Female,10,140.55,Two year,2,Fiber optic,Mailed check,1405.5,Yes,0.799939162357773,79.99,High,112.43
CUST-03783,72,Male,15,111.36,Month-to-month,6,DSL,Credit card,1670.4,Yes,0.7720790074148143,77.21,High,85.98
CUST-03784,26,Female,11,51.87,Month-to-month,5,DSL,Mailed check,570.57,Yes,0.7982769646059095,79.83,High,41.41
CUST-03785,64,Male,24,85.74,Two year,2,Fiber optic,Mailed check,2057.76,Yes,0.44709164974818083,44.71,Medium,38.33
CUST-03786,32,Male,4,24.2,One year,4,Fiber optic,Credit card,96.8,Yes,0.7702124794132977,77.02,High,18.64
CUST-03787,65,Male,13,104.1,Two year,7,No,Mailed check,1353.3,Yes,0.7707605413507408,77.08,High,80.24
CUST-03788,63,Male,57,92.06,Month-to-month,1,Fiber optic,Electronic check,5247.42,Yes,0.4951296020967793,49.51,Medium,45.58
CUST-03789,57,Male,37,106.69,Month-to-month,2,No,Bank transfer,3947.53,No,0.5129609390171048,51.3,Medium,54.73
CUST-03790,35,Male,48,140.92,Two year,2,DSL,Credit card,6764.16,No,0.35457415383154745,35.46,Low,49.97
CUST-03791,59,Female,71,109.35,Month-to-month,3,DSL,Electronic check,7763.85,Yes,0.6161801323435794,61.62,Medium,67.38
CUST-03792,37,Male,1,61.66,One year,5,Fiber optic,Credit card,61.66,No,0.4549730834258501,45.5,Medium,28.05
CUST-03793,23,Female,60,45.84,Month-to-month,2,DSL,Credit card,2750.4,No,0.4559423932816504,45.59,Medium,20.9
CUST-03794,29,Female,12,131.1,Month-to-month,3,Fiber optic,Credit card,1573.2,No,0.5612703596722386,56.13,Medium,73.58
CUST-03795,19,Male,21,45.26,Two year,2,Fiber optic,Bank transfer,950.46,No,0.25334533290648287,25.33,Low,11.47
CUST-03796,24,Female,11,41.01,Month-to-month,1,Fiber optic,Electronic check,451.11,Yes,0.6378108795197698,63.78,Medium,26.16
CUST-03797,33,Male,44,46.86,Two year,3,DSL,Bank transfer,2061.84,No,0.32406034291962665,32.41,Low,15.19
CUST-03798,20,Female,58,86.15,Month-to-month,1,DSL,Credit card,4996.7,No,0.4125394311415082,41.25,Medium,35.54
CUST-03799,62,Male,44,36.14,Two year,3,DSL,Mailed check,1590.16,Yes,0.4517020000704689,45.17,Medium,16.32
CUST-03800,20,Female,34,141.96,Month-to-month,3,Fiber optic,Bank transfer,4826.64,Yes,0.6327601723343825,63.28,Medium,89.83
CUST-03801,44,Female,25,145.61,Month-to-month,1,DSL,Mailed check,3640.25,No,0.5858087866791867,58.58,Medium,85.3
CUST-03802,67,Male,4,146.59,Month-to-month,2,No,Credit card,586.36,No,0.4745821112325496,47.46,Medium,69.57
CUST-03803,60,Female,64,25.09,One year,2,Fiber optic,Mailed check,1605.76,No,0.3731036136275639,37.31,Low,9.36
CUST-03804,57,Male,16,143.01,Two year,3,No,Bank transfer,2288.16,No,0.29293629240276065,29.29,Low,41.89
CUST-03805,55,Male,10,149.66,Month-to-month,1,Fiber optic,Electronic check,1496.6,No,0.47754595641871417,47.75,Medium,71.47
CUST-03806,50,Male,66,142.52,One year,2,No,Mailed check,9406.32,No,0.3364468932434726,33.64,Low,47.95
CUST-03807,45,Male,35,107.22,Two year,6,Fiber optic,Bank transfer,3752.7,No,0.3350537202875704,33.51,Low,35.92
CUST-03808,18,Male,6,111.16,Two year,1,Fiber optic,Electronic check,666.96,No,0.2658653118534986,26.59,Low,29.55
CUST-03809,72,Female,19,35.89,One year,6,DSL,Credit card,681.91,No,0.44977950804432804,44.98,Medium,16.14
CUST-03810,25,Female,59,133.66,Two year,1,No,Electronic check,7885.94,No,0.19704743085211723,19.7,Low,26.34
CUST-03811,54,Female,53,27.75,One year,3,Fiber optic,Credit card,1470.75,Yes,0.45124729258889135,45.12,Medium,12.52
CUST-03812,49,Male,8,61.3,Month-to-month,3,DSL,Bank transfer,490.4,Yes,0.6057848810541167,60.58,Medium,37.13
CUST-03813,65,Female,10,148.85,Month-to-month,1,DSL,Bank transfer,1488.5,No,0.5199296848323758,51.99,Medium,77.39
CUST-03814,60,Female,67,74.9,Two year,1,DSL,Electronic check,5018.3,No,0.1985774157301081,19.86,Low,14.87
CUST-03815,54,Female,38,37.05,Month-to-month,2,Fiber optic,Bank transfer,1407.9,No,0.47429641596054156,47.43,Medium,17.57
CUST-03816,21,Female,29,146.01,Month-to-month,1,Fiber optic,Bank transfer,4234.29,Yes,0.6762186598644206,67.62,Medium,98.73
CUST-03817,47,Female,15,147.94,Two year,7,Fiber optic,Credit card,2219.1,No,0.4126246766679359,41.26,Medium,61.04
CUST-03818,23,Male,23,44.32,Month-to-month,3,Fiber optic,Bank transfer,1019.36,Yes,0.4699322241631656,46.99,Medium,20.83
CUST-03819,63,Male,46,132.42,Two year,3,Fiber optic,Mailed check,6091.32,No,0.3490049416484729,34.9,Low,46.22
CUST-03820,71,Female,28,70.76,Two year,3,DSL,Credit card,1981.28,No,0.2473018556830768,24.73,Low,17.5
CUST-03821,36,Male,26,69.58,Two year,5,DSL,Mailed check,1809.08,No,0.32807735576517827,32.81,Low,22.83
CUST-03822,49,Male,10,54.15,Month-to-month,1,Fiber optic,Electronic check,541.5,No,0.4933108832792059,49.33,Medium,26.71
CUST-03823,26,Female,47,25.81,Month-to-month,3,DSL,Mailed check,1213.07,Yes,0.557733775672279,55.77,Medium,14.4
CUST-03824,29,Female,4,54.84,Two year,3,Fiber optic,Bank transfer,219.36,No,0.30215398574440927,30.22,Low,16.57
CUST-03825,28,Male,55,26.99,Month-to-month,1,DSL,Electronic check,1484.45,No,0.33312340806681334,33.31,Low,8.99
CUST-03826,63,Female,66,140.17,Month-to-month,0,Fiber optic,Bank transfer,9251.22,Yes,0.5995376828076886,59.95,Medium,84.04
CUST-03827,72,Male,67,106.02,One year,2,Fiber optic,Electronic check,7103.34,No,0.2944635705746292,29.45,Low,31.22
CUST-03828,33,Male,7,135.26,Month-to-month,6,DSL,Electronic check,946.82,Yes,0.8509556185663748,85.1,High,115.1
CUST-03829,18,Female,55,113.25,Two year,3,Fiber optic,Credit card,6228.75,No,0.2959137261947991,29.59,Low,33.51
CUST-03830,62,Male,31,37.07,One year,1,Fiber optic,Mailed check,1149.17,No,0.22136713371853897,22.14,Low,8.21
CUST-03831,72,Male,19,142.28,Month-to-month,2,Fiber optic,Bank transfer,2703.32,No,0.5735839281492189,57.36,Medium,81.61
CUST-03832,70,Male,28,136.99,Month-to-month,2,Fiber optic,Electronic check,3835.72,No,0.5815310357275741,58.15,Medium,79.66
CUST-03833,38,Female,28,65.25,Month-to-month,1,DSL,Credit card,1827.0,Yes,0.5647334273940559,56.47,Medium,36.85
CUST-03834,47,Female,19,34.5,Month-to-month,1,Fiber optic,Electronic check,655.5,Yes,0.5256851555238811,52.57,Medium,18.14
CUST-03835,30,Female,20,111.54,One year,3,DSL,Mailed check,2230.8,No,0.3613607775304404,36.14,Low,40.31
CUST-03836,51,Female,13,114.69,Month-to-month,4,Fiber optic,Electronic check,1490.97,Yes,0.7190091413089847,71.9,High,82.46
CUST-03837,21,Male,43,136.59,Month-to-month,1,DSL,Mailed check,5873.37,Yes,0.5488492079373581,54.88,Medium,74.97
CUST-03838,45,Female,11,26.85,Two year,5,Fiber optic,Electronic check,295.35,No,0.279523994141626,27.95,Low,7.51
CUST-03839,55,Female,48,38.42,One year,5,DSL,Mailed check,1844.16,No,0.2897945572830362,28.98,Low,11.13
CUST-03840,75,Female,15,97.77,Month-to-month,1,Fiber optic,Bank transfer,1466.55,No,0.5066299948939966,50.66,Medium,49.53
CUST-03841,48,Female,17,100.49,Two year,1,Fiber optic,Mailed check,1708.33,No,0.23319260005675735,23.32,Low,23.43
CUST-03842,72,Male,54,24.37,Month-to-month,2,Fiber optic,Mailed check,1315.98,No,0.4871125615272871,48.71,Medium,11.87
CUST-03843,44,Male,50,71.6,Two year,0,Fiber optic,Bank transfer,3580.0,No,0.17198175638717536,17.2,Low,12.31
CUST-03844,22,Male,28,95.94,One year,2,Fiber optic,Mailed check,2686.32,No,0.22979862263106265,22.98,Low,22.05
CUST-03845,42,Female,4,115.93,One year,2,DSL,Electronic check,463.72,No,0.36156996580522344,36.16,Low,41.92
CUST-03846,20,Female,22,61.1,One year,4,DSL,Electronic check,1344.2,Yes,0.471629332548647,47.16,Medium,28.82
CUST-03847,50,Male,39,82.91,Month-to-month,1,No,Electronic check,3233.49,No,0.42668312115075346,42.67,Medium,35.38
CUST-03848,21,Female,34,125.83,Two year,2,Fiber optic,Bank transfer,4278.22,No,0.3371389514348275,33.71,Low,42.42
CUST-03849,42,Female,44,144.01,Two year,5,Fiber optic,Mailed check,6336.44,Yes,0.77668676954794,77.67,High,111.85
CUST-03850,37,Male,42,49.94,Month-to-month,4,DSL,Mailed check,2097.48,No,0.5687431408864799,56.87,Medium,28.4
CUST-03851,51,Male,40,52.9,Month-to-month,2,DSL,Electronic check,2116.0,No,0.4527156148573129,45.27,Medium,23.95
CUST-03852,43,Female,12,142.18,Two year,0,No,Mailed check,1706.16,No,0.2764118417364603,27.64,Low,39.3
CUST-03853,22,Female,2,71.47,Month-to-month,1,Fiber optic,Electronic check,142.94,Yes,0.7331580430469335,73.32,High,52.4
CUST-03854,52,Female,28,113.39,Two year,0,Fiber optic,Electronic check,3174.92,No,0.24883069824723128,24.88,Low,28.21
CUST-03855,45,Male,67,99.59,One year,0,No,Electronic check,6672.53,No,0.12612024737766195,12.61,Low,12.56
CUST-03856,46,Male,71,57.13,One year,1,Fiber optic,Bank transfer,4056.23,No,0.15963481347686184,15.96,Low,9.12
CUST-03857,26,Male,72,104.96,Month-to-month,1,Fiber optic,Credit card,7557.12,No,0.43656091578467976,43.66,Medium,45.82
CUST-03858,69,Male,10,105.22,Month-to-month,3,Fiber optic,Credit card,1052.2,Yes,0.7493836639964939,74.94,High,78.85
CUST-03859,55,Female,57,97.02,Month-to-month,1,Fiber optic,Mailed check,5530.14,No,0.46558494188336086,46.56,Medium,45.17
CUST-03860,67,Male,37,32.96,One year,2,DSL,Electronic check,1219.52,No,0.2851069822505959,28.51,Low,9.4
CUST-03861,23,Male,64,149.37,One year,3,Fiber optic,Credit card,9559.68,No,0.2237521507126939,22.38,Low,33.42
CUST-03862,36,Female,40,72.05,One year,1,DSL,Credit card,2882.0,No,0.24703779339423293,24.7,Low,17.8
CUST-03863,61,Female,60,102.97,One year,2,Fiber optic,Mailed check,6178.2,No,0.29838228390407273,29.84,Low,30.72
CUST-03864,74,Female,48,135.15,Two year,2,DSL,Bank transfer,6487.2,Yes,0.6171846474675641,61.72,Medium,83.41
CUST-03865,28,Male,19,75.03,Month-to-month,2,DSL,Mailed check,1425.57,Yes,0.5745271918739886,57.45,Medium,43.11
CUST-03866,19,Female,72,120.61,One year,4,No,Mailed check,8683.92,No,0.3244485993401898,32.44,Low,39.13
CUST-03867,64,Female,33,146.34,Month-to-month,3,Fiber optic,Electronic check,4829.22,No,0.6069204953694558,60.69,Medium,88.82
CUST-03868,61,Male,44,66.66,Month-to-month,0,DSL,Bank transfer,2933.04,No,0.3865459747962156,38.65,Low,25.77
CUST-03869,61,Male,37,72.69,Month-to-month,3,No,Mailed check,2689.53,No,0.5119142423813156,51.19,Medium,37.21
CUST-03870,26,Female,36,137.72,Month-to-month,3,Fiber optic,Credit card,4957.92,No,0.5613824167187073,56.14,Medium,77.31
CUST-03871,38,Male,21,40.75,Month-to-month,9,DSL,Credit card,855.75,No,0.4842216687364535,48.42,Medium,19.73
CUST-03872,41,Female,2,23.72,Month-to-month,3,Fiber optic,Mailed check,47.44,No,0.5273051883508175,52.73,Medium,12.51
CUST-03873,51,Female,31,138.16,Month-to-month,1,Fiber optic,Electronic check,4282.96,Yes,0.6352023420247108,63.52,Medium,87.76
CUST-03874,39,Male,30,126.81,Two year,4,Fiber optic,Electronic check,3804.3,No,0.29473699882428805,29.47,Low,37.38
CUST-03875,20,Female,44,146.44,Month-to-month,4,No,Mailed check,6443.36,Yes,0.7386307004666619,73.86,High,108.17
CUST-03876,29,Male,12,27.57,One year,4,DSL,Bank transfer,330.84,No,0.4005905502346014,40.06,Medium,11.04
CUST-03877,45,Male,51,40.3,Month-to-month,1,DSL,Electronic check,2055.3,No,0.39153837524949087,39.15,Low,15.78
CUST-03878,47,Male,49,33.69,Month-to-month,2,DSL,Credit card,1650.81,No,0.48977274553644823,48.98,Medium,16.5
CUST-03879,43,Female,24,108.84,Month-to-month,1,DSL,Bank transfer,2612.16,No,0.5404844943730329,54.05,Medium,58.83
CUST-03880,65,Male,24,98.78,Month-to-month,5,Fiber optic,Mailed check,2370.72,Yes,0.6576784079306153,65.77,Medium,64.97
CUST-03881,38,Male,60,66.71,One year,3,No,Bank transfer,4002.6,No,0.312656063833555,31.27,Low,20.86
CUST-03882,45,Female,11,27.47,Month-to-month,1,Fiber optic,Electronic check,302.17,Yes,0.6831463729513375,68.31,Medium,18.77
CUST-03883,73,Female,13,103.16,Month-to-month,3,DSL,Electronic check,1341.08,Yes,0.6273064994880755,62.73,Medium,64.71
CUST-03884,43,Female,72,94.12,Month-to-month,2,Fiber optic,Credit card,6776.64,No,0.42211559621204714,42.21,Medium,39.73
CUST-03885,50,Female,72,34.68,One year,2,Fiber optic,Mailed check,2496.96,No,0.3155455974362558,31.55,Low,10.94
CUST-03886,38,Male,64,138.16,One year,2,Fiber optic,Bank transfer,8842.24,No,0.3180736427273795,31.81,Low,43.95
CUST-03887,52,Male,20,45.86,Month-to-month,3,DSL,Bank transfer,917.2,No,0.47712967939497286,47.71,Medium,21.88
CUST-03888,69,Male,72,116.66,Month-to-month,3,DSL,Bank transfer,8399.52,Yes,0.6443364265164495,64.43,Medium,75.17
CUST-03889,51,Female,71,135.06,Month-to-month,0,DSL,Bank transfer,9589.26,No,0.438999301492492,43.9,Medium,59.29
CUST-03890,58,Female,28,95.33,Month-to-month,3,DSL,Credit card,2669.24,Yes,0.5650112252079129,56.5,Medium,53.86
CUST-03891,68,Male,2,52.09,Month-to-month,2,Fiber optic,Credit card,104.18,Yes,0.6930533629248072,69.31,Medium,36.1
CUST-03892,64,Female,43,60.2,One year,1,DSL,Credit card,2588.6,No,0.24623887527054464,24.62,Low,14.82
CUST-03893,35,Female,8,135.15,One year,0,DSL,Electronic check,1081.2,No,0.4035844830674275,40.36,Medium,54.54
CUST-03894,75,Male,13,58.77,One year,1,Fiber optic,Credit card,764.01,No,0.3921801152849885,39.22,Low,23.05
CUST-03895,28,Male,35,117.0,One year,2,Fiber optic,Credit card,4095.0,No,0.33649293900158916,33.65,Low,39.37
CUST-03896,74,Female,23,148.72,Month-to-month,1,Fiber optic,Mailed check,3420.56,Yes,0.6864558364954786,68.65,Medium,102.09
CUST-03897,40,Female,46,149.98,Month-to-month,1,DSL,Mailed check,6899.08,Yes,0.6376714909436083,63.77,Medium,95.64
CUST-03898,65,Female,15,89.35,Month-to-month,3,DSL,Mailed check,1340.25,No,0.5601688164486619,56.02,Medium,50.05
CUST-03899,39,Male,2,127.45,One year,2,Fiber optic,Mailed check,254.9,Yes,0.7362380358050328,73.62,High,93.83
CUST-03900,34,Male,61,148.73,Month-to-month,7,Fiber optic,Credit card,9072.53,No,0.43173404950649663,43.17,Medium,64.21
CUST-03901,22,Male,64,68.71,Two year,0,Fiber optic,Credit card,4397.44,No,0.13803080610555293,13.8,Low,9.48
CUST-03902,61,Male,52,52.81,Month-to-month,1,DSL,Electronic check,2746.12,Yes,0.45998157973849857,46.0,Medium,24.29
CUST-03903,28,Male,36,34.85,Month-to-month,1,DSL,Bank transfer,1254.6,No,0.43011327404330646,43.01,Medium,14.99
CUST-03904,47,Female,67,38.32,One year,1,Fiber optic,Bank transfer,2567.44,No,0.1796524718537908,17.97,Low,6.88
CUST-03905,32,Female,69,130.96,Month-to-month,1,No,Mailed check,9036.24,No,0.3822251453746778,38.22,Low,50.06
CUST-03906,44,Female,67,96.53,Month-to-month,2,Fiber optic,Electronic check,6467.51,Yes,0.5052892331900231,50.53,Medium,48.78
CUST-03907,52,Male,47,133.58,Month-to-month,4,No,Credit card,6278.26,Yes,0.6992906300112304,69.93,Medium,93.41
CUST-03908,50,Male,2,122.63,Month-to-month,1,Fiber optic,Bank transfer,245.26,Yes,0.8022741589481862,80.23,High,98.38
CUST-03909,37,Male,44,107.59,Two year,1,No,Mailed check,4733.96,No,0.2664462739596402,26.64,Low,28.67
CUST-03910,33,Female,64,99.21,One year,1,Fiber optic,Mailed check,6349.44,No,0.26329670403154765,26.33,Low,26.12
CUST-03911,51,Male,28,26.28,Month-to-month,3,Fiber optic,Bank transfer,735.84,Yes,0.48219637568099966,48.22,Medium,12.67
CUST-03912,19,Male,54,133.4,Month-to-month,1,Fiber optic,Bank transfer,7203.6,No,0.37521539411126753,37.52,Low,50.05
CUST-03913,52,Female,67,74.32,Month-to-month,4,DSL,Bank transfer,4979.44,No,0.5363629734225658,53.64,Medium,39.86
CUST-03914,57,Male,36,92.77,Two year,2,DSL,Credit card,3339.72,No,0.32823216565698027,32.82,Low,30.45
CUST-03915,73,Female,63,22.85,Month-to-month,4,Fiber optic,Bank transfer,1439.55,Yes,0.6793760548033273,67.94,Medium,15.52
CUST-03916,45,Male,25,141.69,Month-to-month,5,DSL,Electronic check,3542.25,No,0.4885040602042254,48.85,Medium,69.22
CUST-03917,64,Male,48,137.36,Month-to-month,4,Fiber optic,Electronic check,6593.28,Yes,0.6181212999348836,61.81,Medium,84.91
CUST-03918,56,Female,39,90.63,Month-to-month,4,Fiber optic,Bank transfer,3534.57,Yes,0.546936913608533,54.69,Medium,49.57
CUST-03919,23,Female,47,95.05,One year,2,DSL,Credit card,4467.35,No,0.3085564129678505,30.86,Low,29.33
CUST-03920,26,Female,21,111.65,One year,1,Fiber optic,Mailed check,2344.65,No,0.3266698700201226,32.67,Low,36.47
CUST-03921,37,Female,30,54.41,Month-to-month,3,DSL,Bank transfer,1632.3,Yes,0.5627748258985109,56.28,Medium,30.62
CUST-03922,18,Female,31,48.85,One year,1,DSL,Bank transfer,1514.35,No,0.24240644174037385,24.24,Low,11.84
CUST-03923,25,Female,26,107.62,Month-to-month,5,Fiber optic,Bank transfer,2798.12,No,0.4813072679765824,48.13,Medium,51.8
CUST-03924,72,Male,22,33.57,Month-to-month,3,Fiber optic,Electronic check,738.54,No,0.49956796355353894,49.96,Medium,16.77
CUST-03925,40,Male,21,79.03,Month-to-month,2,DSL,Electronic check,1659.63,No,0.44464805889063647,44.46,Medium,35.14
CUST-03926,20,Female,1,84.06,Month-to-month,1,DSL,Mailed check,84.06,Yes,0.745211320531447,74.52,High,62.64
CUST-03927,21,Male,37,69.57,One year,2,Fiber optic,Credit card,2574.09,No,0.22907148774877228,22.91,Low,15.94
CUST-03928,75,Female,46,44.08,Two year,3,DSL,Bank transfer,2027.68,Yes,0.5341573122869767,53.42,Medium,23.55
CUST-03929,42,Male,9,66.19,Month-to-month,2,No,Bank transfer,595.71,No,0.4536175761063035,45.36,Medium,30.02
CUST-03930,64,Female,17,63.88,Month-to-month,2,No,Bank transfer,1085.96,Yes,0.5542683501721712,55.43,Medium,35.41
CUST-03931,55,Male,47,84.9,Month-to-month,3,DSL,Mailed check,3990.3,No,0.5229443780027917,52.29,Medium,44.4
CUST-03932,32,Male,59,107.71,Two year,2,No,Bank transfer,6354.89,Yes,0.4456349844975131,44.56,Medium,48.0
CUST-03933,38,Male,54,145.87,Two year,3,Fiber optic,Electronic check,7876.98,No,0.2342176876149639,23.42,Low,34.17
CUST-03934,52,Male,12,38.74,Month-to-month,3,Fiber optic,Credit card,464.88,Yes,0.555075703000207,55.51,Medium,21.5
CUST-03935,74,Male,64,133.49,One year,5,DSL,Electronic check,8543.36,Yes,0.6844220923583055,68.44,Medium,91.36
CUST-03936,70,Female,6,56.94,One year,2,DSL,Bank transfer,341.64,No,0.4801064533493451,48.01,Medium,27.34
CUST-03937,70,Female,53,96.88,Month-to-month,1,No,Mailed check,5134.64,No,0.37829580691239895,37.83,Low,36.65
CUST-03938,63,Female,16,91.08,Month-to-month,0,Fiber optic,Electronic check,1457.28,No,0.4222642021240811,42.23,Medium,38.46
CUST-03939,69,Male,5,92.4,One year,3,Fiber optic,Credit card,462.0,Yes,0.7784372203474355,77.84,High,71.93
CUST-03940,31,Female,46,114.04,Month-to-month,4,DSL,Mailed check,5245.84,Yes,0.6305354554988342,63.05,Medium,71.91
CUST-03941,53,Male,14,69.62,Month-to-month,2,No,Bank transfer,974.68,No,0.4586120308526111,45.86,Medium,31.93
CUST-03942,29,Male,44,61.48,Month-to-month,3,Fiber optic,Bank transfer,2705.12,No,0.45656800073004766,45.66,Medium,28.07
CUST-03943,34,Male,63,130.87,Month-to-month,2,Fiber optic,Mailed check,8244.81,No,0.4911800142213726,49.12,Medium,64.28
CUST-03944,56,Female,52,48.61,Two year,6,DSL,Electronic check,2527.72,No,0.18789982708761133,18.79,Low,9.13
CUST-03945,26,Male,26,43.43,Month-to-month,3,No,Electronic check,1129.18,Yes,0.5438219482221719,54.38,Medium,23.62
CUST-03946,52,Female,53,22.03,Month-to-month,4,Fiber optic,Mailed check,1167.59,Yes,0.6668179541110941,66.68,Medium,14.69
CUST-03947,30,Female,29,47.38,Month-to-month,2,DSL,Electronic check,1374.02,No,0.45078779678904785,45.08,Medium,21.36
CUST-03948,32,Male,19,87.41,One year,1,Fiber optic,Credit card,1660.79,No,0.23791310637568217,23.79,Low,20.8
CUST-03949,35,Male,47,90.01,Month-to-month,4,Fiber optic,Mailed check,4230.47,No,0.551836653054895,55.18,Medium,49.67
CUST-03950,68,Female,8,53.07,One year,2,Fiber optic,Credit card,424.56,Yes,0.686643543084251,68.66,Medium,36.44
CUST-03951,50,Female,23,29.4,Month-to-month,1,Fiber optic,Mailed check,676.2,No,0.4697570275100345,46.98,Medium,13.81
CUST-03952,23,Female,35,116.8,One year,4,Fiber optic,Credit card,4088.0,No,0.26225049939185036,26.23,Low,30.63
CUST-03953,44,Female,53,118.54,Two year,4,Fiber optic,Bank transfer,6282.62,No,0.2921149713189992,29.21,Low,34.63
CUST-03954,40,Female,58,149.72,Two year,2,Fiber optic,Bank transfer,8683.76,Yes,0.6290149463739447,62.9,Medium,94.18
CUST-03955,44,Female,5,137.0,Month-to-month,1,Fiber optic,Electronic check,685.0,Yes,0.8232281907936693,82.32,High,112.78
CUST-03956,51,Male,16,140.39,One year,0,Fiber optic,Mailed check,2246.24,No,0.34405686912118144,34.41,Low,48.3
CUST-03957,73,Female,17,123.77,Month-to-month,3,DSL,Bank transfer,2104.09,Yes,0.6946626284637858,69.47,Medium,85.98
CUST-03958,63,Female,32,100.02,One year,2,No,Mailed check,3200.64,No,0.2891567170302404,28.92,Low,28.92
CUST-03959,55,Female,52,36.71,Month-to-month,3,Fiber optic,Mailed check,1908.92,Yes,0.521161096688857,52.12,Medium,19.13
CUST-03960,31,Female,20,100.9,One year,1,Fiber optic,Credit card,2018.0,No,0.21283606240666167,21.28,Low,21.48
CUST-03961,53,Male,66,27.27,Month-to-month,1,DSL,Bank transfer,1799.82,No,0.39685664243876523,39.69,Low,10.82
CUST-03962,70,Male,1,135.09,Two year,3,Fiber optic,Electronic check,135.09,Yes,0.804444284992843,80.44,High,108.67
CUST-03963,25,Female,58,82.64,One year,2,Fiber optic,Electronic check,4793.12,No,0.18975604530341073,18.98,Low,15.68
CUST-03964,52,Female,44,110.67,Month-to-month,4,DSL,Electronic check,4869.48,No,0.6088581564567539,60.89,Medium,67.38
CUST-03965,36,Female,6,26.79,Two year,5,No,Mailed check,160.74,No,0.19561648058732947,19.56,Low,5.24
CUST-03966,47,Male,50,89.45,Month-to-month,2,DSL,Electronic check,4472.5,Yes,0.4898911736426042,48.99,Medium,43.82
CUST-03967,31,Male,72,59.16,Two year,3,Fiber optic,Mailed check,4259.52,No,0.2926090257500525,29.26,Low,17.31
CUST-03968,37,Male,20,57.05,One year,3,Fiber optic,Bank transfer,1141.0,No,0.3980673384366131,39.81,Low,22.71
CUST-03969,66,Male,14,70.66,Two year,2,No,Mailed check,989.24,No,0.23946923564475572,23.95,Low,16.92
CUST-03970,42,Male,5,20.08,Month-to-month,8,DSL,Electronic check,100.4,No,0.33632386046867757,33.63,Low,6.75
CUST-03971,57,Male,41,80.67,Month-to-month,1,Fiber optic,Bank transfer,3307.47,Yes,0.48555011623710925,48.56,Medium,39.17
CUST-03972,41,Female,40,83.25,One year,2,Fiber optic,Electronic check,3330.0,No,0.22694985399865036,22.69,Low,18.89
CUST-03973,31,Male,34,132.21,Two year,3,DSL,Mailed check,4495.14,Yes,0.5570155569539775,55.7,Medium,73.64
CUST-03974,43,Male,45,78.31,Month-to-month,3,No,Mailed check,3523.95,No,0.5542738053062877,55.43,Medium,43.41
CUST-03975,55,Female,71,67.26,Month-to-month,4,Fiber optic,Electronic check,4775.46,No,0.5006240612946906,50.06,Medium,33.67
CUST-03976,40,Male,71,149.32,Month-to-month,1,Fiber optic,Bank transfer,10601.72,No,0.4302182049650178,43.02,Medium,64.24
CUST-03977,39,Female,27,94.26,Two year,2,No,Mailed check,2545.02,No,0.24519935893075429,24.52,Low,23.11
CUST-03978,65,Male,44,81.44,One year,3,Fiber optic,Credit card,3583.36,Yes,0.526240767333186,52.62,Medium,42.86
CUST-03979,74,Female,33,84.47,Month-to-month,3,Fiber optic,Credit card,2787.51,Yes,0.6364860905264011,63.65,Medium,53.76
CUST-03980,36,Female,33,125.19,Month-to-month,5,Fiber optic,Credit card,4131.27,No,0.5523438364874894,55.23,Medium,69.15
CUST-03981,63,Female,44,64.29,One year,2,Fiber optic,Credit card,2828.76,No,0.3712309370590148,37.12,Low,23.87
CUST-03982,68,Female,20,70.59,Month-to-month,2,Fiber optic,Electronic check,1411.8,No,0.5289958536944677,52.9,Medium,37.34
CUST-03983,20,Female,36,118.26,One year,2,Fiber optic,Mailed check,4257.36,No,0.3773434348367393,37.73,Low,44.62
CUST-03984,59,Male,7,29.49,Month-to-month,4,Fiber optic,Bank transfer,206.43,Yes,0.8418276419282636,84.18,High,24.83
CUST-03985,36,Male,32,132.47,One year,1,Fiber optic,Credit card,4239.04,No,0.31264991355724736,31.26,Low,41.42
CUST-03986,26,Female,67,75.93,Two year,3,No,Electronic check,5087.31,No,0.15796747248238605,15.8,Low,11.99
CUST-03987,45,Female,39,95.57,Month-to-month,0,Fiber optic,Bank transfer,3727.23,No,0.45237535308292126,45.24,Medium,43.23
CUST-03988,37,Female,24,118.47,Month-to-month,0,DSL,Electronic check,2843.28,Yes,0.6271522262526026,62.72,Medium,74.3
CUST-03989,62,Male,70,54.59,One year,6,Fiber optic,Mailed check,3821.3,No,0.27691258578143735,27.69,Low,15.12
CUST-03990,24,Female,54,135.74,Month-to-month,1,Fiber optic,Credit card,7329.96,No,0.4958856716960769,49.59,Medium,67.31
CUST-03991,31,Female,38,147.3,Two year,3,DSL,Bank transfer,5597.4,No,0.39548835876694255,39.55,Low,58.26
CUST-03992,26,Female,32,84.26,Month-to-month,5,No,Bank transfer,2696.32,Yes,0.7054928928902672,70.55,High,59.44
CUST-03993,72,Female,45,141.8,Two year,2,DSL,Electronic check,6381.0,No,0.24970106359457664,24.97,Low,35.41
CUST-03994,74,Male,61,20.15,Month-to-month,3,Fiber optic,Electronic check,1229.15,No,0.4561585622642891,45.62,Medium,9.19
CUST-03995,36,Female,70,136.25,Month-to-month,1,No,Mailed check,9537.5,No,0.3652581749436939,36.53,Low,49.77
CUST-03996,64,Female,53,60.44,Month-to-month,2,Fiber optic,Bank transfer,3203.32,No,0.5334391982826815,53.34,Medium,32.24
CUST-03997,69,Male,51,60.49,Two year,3,Fiber optic,Credit card,3084.99,No,0.27214751645773017,27.21,Low,16.46
CUST-03998,31,Female,56,49.65,Two year,3,No,Credit card,2780.4,No,0.20841238210029592,20.84,Low,10.35
CUST-03999,73,Female,27,61.21,Month-to-month,1,Fiber optic,Bank transfer,1652.67,No,0.5131415791014159,51.31,Medium,31.41
CUST-04000,55,Male,38,47.75,Month-to-month,3,No,Bank transfer,1814.5,No,0.46478008907325263,46.48,Medium,22.19
CUST-04001,70,Male,62,137.76,Month-to-month,1,Fiber optic,Mailed check,8541.12,No,0.49948164617969126,49.95,Medium,68.81
CUST-04002,53,Male,18,136.87,Month-to-month,1,Fiber optic,Credit card,2463.66,Yes,0.637122917596911,63.71,Medium,87.2
CUST-04003,57,Female,64,33.29,One year,4,Fiber optic,Credit card,2130.56,No,0.3162711853083797,31.63,Low,10.53
CUST-04004,34,Female,30,38.57,Month-to-month,2,DSL,Electronic check,1157.1,Yes,0.49326835519854617,49.33,Medium,19.03
CUST-04005,47,Male,49,132.06,One year,1,Fiber optic,Electronic check,6470.94,Yes,0.5641527032170228,56.42,Medium,74.5
CUST-04006,26,Male,41,71.86,One year,4,No,Credit card,2946.26,Yes,0.504702064374592,50.47,Medium,36.27
CUST-04007,50,Male,13,42.01,One year,6,Fiber optic,Bank transfer,546.13,No,0.36264106972177546,36.26,Low,15.23
CUST-04008,73,Female,34,86.39,Two year,2,DSL,Bank transfer,2937.26,No,0.2848196375667043,28.48,Low,24.61
CUST-04009,69,Female,25,74.17,Month-to-month,4,DSL,Electronic check,1854.25,Yes,0.6773132845413925,67.73,Medium,50.24
CUST-04010,42,Male,66,48.49,Month-to-month,0,DSL,Bank transfer,3200.34,No,0.40049107117740723,40.05,Medium,19.42
CUST-04011,31,Female,18,113.7,One year,1,Fiber optic,Mailed check,2046.6,No,0.3636583729661494,36.37,Low,41.35
CUST-04012,28,Male,5,102.07,Month-to-month,1,Fiber optic,Bank transfer,510.35,Yes,0.7888689095635104,78.89,High,80.52
CUST-04013,70,Female,19,32.96,Month-to-month,2,No,Bank transfer,626.24,Yes,0.5506100056242244,55.06,Medium,18.15
CUST-04014,52,Female,42,140.3,Two year,1,No,Bank transfer,5892.6,Yes,0.6284236878862786,62.84,Medium,88.17
CUST-04015,58,Female,18,92.6,One year,0,Fiber optic,Electronic check,1666.8,No,0.19663032931196422,19.66,Low,18.21
CUST-04016,31,Female,32,52.53,Month-to-month,3,Fiber optic,Bank transfer,1680.96,No,0.5124725513828867,51.25,Medium,26.92
CUST-04017,47,Male,21,46.82,One year,3,Fiber optic,Credit card,983.22,Yes,0.475267419389938,47.53,Medium,22.25
CUST-04018,58,Female,10,37.67,Month-to-month,2,DSL,Electronic check,376.7,Yes,0.6245486570818175,62.45,Medium,23.53
CUST-04019,21,Female,37,75.2,Two year,3,No,Bank transfer,2782.4,No,0.209294636223758,20.93,Low,15.74
CUST-04020,21,Male,49,37.62,Month-to-month,7,DSL,Bank transfer,1843.38,No,0.5963801169333343,59.64,Medium,22.44
CUST-04021,45,Female,13,74.06,One year,2,No,Mailed check,962.78,Yes,0.5933530958936256,59.34,Medium,43.94
CUST-04022,25,Male,55,39.34,One year,1,Fiber optic,Bank transfer,2163.7,No,0.2001872303820356,20.02,Low,7.88
CUST-04023,19,Male,17,105.38,Month-to-month,3,Fiber optic,Electronic check,1791.46,No,0.3863219335380744,38.63,Low,40.71
CUST-04024,58,Female,9,122.08,One year,3,Fiber optic,Bank transfer,1098.72,No,0.5512212801040157,55.12,Medium,67.29
CUST-04025,63,Female,44,91.44,Two year,3,Fiber optic,Electronic check,4023.36,No,0.3210865439890808,32.11,Low,29.36
CUST-04026,39,Male,46,108.41,One year,3,No,Credit card,4986.86,Yes,0.4926102692767003,49.26,Medium,53.4
CUST-04027,58,Male,8,141.99,Month-to-month,2,Fiber optic,Bank transfer,1135.92,Yes,0.7306917221225864,73.07,High,103.75
CUST-04028,73,Male,37,102.99,One year,3,No,Electronic check,3810.63,No,0.22982071388628691,22.98,Low,23.67
CUST-04029,72,Female,19,67.34,Two year,0,Fiber optic,Credit card,1279.46,Yes,0.5829125423704418,58.29,Medium,39.25
CUST-04030,33,Male,63,78.43,Month-to-month,4,Fiber optic,Electronic check,4941.09,Yes,0.5763809107864001,57.64,Medium,45.21
CUST-04031,46,Male,46,131.87,One year,4,Fiber optic,Bank transfer,6066.02,Yes,0.5267940429490479,52.68,Medium,69.47
CUST-04032,66,Male,71,36.99,Month-to-month,4,Fiber optic,Electronic check,2626.29,No,0.539077581013522,53.91,Medium,19.94
CUST-04033,65,Female,26,62.35,Month-to-month,4,Fiber optic,Bank transfer,1621.1,Yes,0.6034740209258775,60.35,Medium,37.63
CUST-04034,47,Male,46,95.05,Month-to-month,2,Fiber optic,Electronic check,4372.3,No,0.46785660972517795,46.79,Medium,44.47
CUST-04035,29,Female,46,107.93,Two year,2,Fiber optic,Credit card,4964.78,No,0.3073291412704591,30.73,Low,33.17
CUST-04036,52,Female,14,119.25,One year,2,No,Bank transfer,1669.5,No,0.3653726400227924,36.54,Low,43.57
CUST-04037,28,Male,63,61.37,Month-to-month,1,Fiber optic,Credit card,3866.31,Yes,0.49567072180883126,49.57,Medium,30.42
CUST-04038,63,Female,72,38.96,Two year,3,DSL,Bank transfer,2805.12,No,0.3107919586058499,31.08,Low,12.11
CUST-04039,67,Male,3,144.13,Month-to-month,1,Fiber optic,Electronic check,432.39,Yes,0.7801636243883678,78.02,High,112.44
CUST-04040,38,Female,28,29.93,One year,2,Fiber optic,Credit card,838.04,Yes,0.4009187767063377,40.09,Medium,12.0
CUST-04041,38,Female,29,32.45,Month-to-month,1,DSL,Bank transfer,941.05,No,0.47675191744200696,47.68,Medium,15.47
CUST-04042,22,Male,18,84.34,Two year,2,Fiber optic,Credit card,1518.12,No,0.20495219977446594,20.5,Low,17.29
CUST-04043,65,Male,35,126.51,One year,2,Fiber optic,Mailed check,4427.85,No,0.36602977352534616,36.6,Low,46.31
CUST-04044,37,Male,47,120.69,One year,0,DSL,Credit card,5672.43,No,0.2230525626055506,22.31,Low,26.92
CUST-04045,54,Female,5,141.9,Month-to-month,1,Fiber optic,Bank transfer,709.5,Yes,0.8236257175015831,82.36,High,116.87
CUST-04046,20,Female,59,38.41,Month-to-month,2,DSL,Electronic check,2266.19,No,0.3667890040218099,36.68,Low,14.09
CUST-04047,61,Male,59,68.84,Month-to-month,3,Fiber optic,Mailed check,4061.56,No,0.47359207035697287,47.36,Medium,32.6
CUST-04048,50,Male,47,56.68,Two year,1,Fiber optic,Mailed check,2663.96,No,0.1879382716186913,18.79,Low,10.65
CUST-04049,70,Female,13,131.91,Month-to-month,2,DSL,Mailed check,1714.83,Yes,0.7295792830000116,72.96,High,96.24
CUST-04050,26,Female,33,83.49,One year,2,Fiber optic,Credit card,2755.17,No,0.3144599215931027,31.45,Low,26.25
CUST-04051,26,Female,62,23.49,Month-to-month,2,Fiber optic,Bank transfer,1456.38,No,0.3917449914007411,39.17,Low,9.2
CUST-04052,21,Male,16,112.04,Month-to-month,1,No,Credit card,1792.64,No,0.4195326892624415,41.95,Medium,47.0
CUST-04053,52,Female,44,70.53,Month-to-month,1,Fiber optic,Mailed check,3103.32,No,0.46291569631083607,46.29,Medium,32.65
CUST-04054,34,Male,58,89.05,One year,0,DSL,Mailed check,5164.9,No,0.19229428563948894,19.23,Low,17.12
CUST-04055,51,Female,6,136.19,One year,4,No,Mailed check,817.14,No,0.3963416414500055,39.63,Low,53.98
CUST-04056,41,Female,15,53.38,Two year,2,Fiber optic,Credit card,800.7,No,0.2631125688224274,26.31,Low,14.04
CUST-04057,49,Male,4,51.23,Two year,2,Fiber optic,Mailed check,204.92,No,0.18474330949448417,18.47,Low,9.46
CUST-04058,18,Male,56,54.22,Month-to-month,2,DSL,Electronic check,3036.32,No,0.3603566468024422,36.04,Low,19.54
CUST-04059,25,Male,64,63.95,Two year,0,No,Bank transfer,4092.8,No,0.14297028985012117,14.3,Low,9.14
CUST-04060,62,Female,68,33.96,Month-to-month,3,Fiber optic,Mailed check,2309.28,No,0.45210492727657,45.21,Medium,15.35
CUST-04061,40,Female,34,110.64,Two year,1,No,Bank transfer,3761.76,No,0.34815443613119623,34.82,Low,38.52
CUST-04062,64,Female,56,46.96,Month-to-month,5,DSL,Credit card,2629.76,Yes,0.7610767412569154,76.11,High,35.74
CUST-04063,57,Male,32,140.4,Two year,2,Fiber optic,Mailed check,4492.8,No,0.3816935672960296,38.17,Low,53.59
CUST-04064,29,Female,9,48.04,Month-to-month,2,DSL,Electronic check,432.36,No,0.39884716355829036,39.88,Low,19.16
CUST-04065,71,Male,63,53.23,Month-to-month,2,Fiber optic,Mailed check,3353.49,Yes,0.5391423390441985,53.91,Medium,28.7
CUST-04066,29,Male,72,58.61,Month-to-month,1,No,Electronic check,4219.92,No,0.31391562071184415,31.39,Low,18.4
CUST-04067,63,Male,33,119.91,Month-to-month,3,DSL,Electronic check,3957.03,Yes,0.6606533788050633,66.07,Medium,79.22
CUST-04068,64,Female,21,75.59,Month-to-month,3,DSL,Bank transfer,1587.39,Yes,0.585139435683036,58.51,Medium,44.23
CUST-04069,32,Female,55,126.51,Two year,3,Fiber optic,Bank transfer,6958.05,No,0.33470586810987724,33.47,Low,42.34
CUST-04070,58,Male,57,122.03,One year,3,DSL,Credit card,6955.71,Yes,0.48921606273671425,48.92,Medium,59.7
CUST-04071,36,Female,2,140.83,Month-to-month,3,Fiber optic,Electronic check,281.66,Yes,0.8111100158042839,81.11,High,114.23
CUST-04072,43,Male,13,118.36,Month-to-month,1,Fiber optic,Electronic check,1538.68,No,0.4236459802171966,42.36,Medium,50.14
CUST-04073,69,Male,4,26.75,Month-to-month,2,Fiber optic,Bank transfer,107.0,Yes,0.6904310833643601,69.04,Medium,18.47
CUST-04074,46,Female,50,128.85,Two year,3,DSL,Credit card,6442.5,Yes,0.5754028080450097,57.54,Medium,74.14
CUST-04075,39,Male,48,141.95,Month-to-month,6,No,Bank transfer,6813.6,Yes,0.7144802219460532,71.45,High,101.42
CUST-04076,57,Male,30,149.18,Month-to-month,1,Fiber optic,Bank transfer,4475.4,No,0.5645626872661673,56.46,Medium,84.22
CUST-04077,38,Female,29,36.28,Month-to-month,1,DSL,Credit card,1052.12,Yes,0.5605591420357882,56.06,Medium,20.34
CUST-04078,68,Male,8,99.73,Month-to-month,2,DSL,Electronic check,797.84,Yes,0.6744354934096808,67.44,Medium,67.26
CUST-04079,55,Male,12,45.93,Month-to-month,2,No,Electronic check,551.16,Yes,0.52006469363367,52.01,Medium,23.89
CUST-04080,37,Male,41,54.13,Month-to-month,4,Fiber optic,Credit card,2219.33,No,0.5124792806091588,51.25,Medium,27.74
CUST-04081,74,Male,26,116.93,Month-to-month,5,Fiber optic,Electronic check,3040.18,No,0.5039913342901042,50.4,Medium,58.93
CUST-04082,46,Male,50,147.1,Month-to-month,2,DSL,Credit card,7355.0,Yes,0.6426698597020762,64.27,Medium,94.54
CUST-04083,68,Male,2,97.33,Month-to-month,2,DSL,Credit card,194.66,No,0.5381202644769472,53.81,Medium,52.38
CUST-04084,21,Male,55,130.58,One year,2,Fiber optic,Bank transfer,7181.9,No,0.3555550861252425,35.56,Low,46.43
CUST-04085,72,Female,56,21.15,Month-to-month,1,Fiber optic,Electronic check,1184.4,Yes,0.5704671133216114,57.05,Medium,12.07
CUST-04086,24,Female,14,24.76,Month-to-month,0,Fiber optic,Electronic check,346.64,No,0.30392933087844487,30.39,Low,7.53
CUST-04087,45,Male,6,97.57,Month-to-month,3,Fiber optic,Credit card,585.42,No,0.6286023421197521,62.86,Medium,61.33
CUST-04088,45,Male,61,70.57,Two year,4,Fiber optic,Bank transfer,4304.77,No,0.32808295278702904,32.81,Low,23.15
CUST-04089,21,Female,12,135.67,One year,3,DSL,Bank transfer,1628.04,No,0.3193822341139063,31.94,Low,43.33
CUST-04090,39,Female,13,59.26,One year,2,Fiber optic,Electronic check,770.38,No,0.24171329908899983,24.17,Low,14.32
CUST-04091,29,Female,19,76.17,Month-to-month,3,Fiber optic,Mailed check,1447.23,No,0.5222700337100024,52.23,Medium,39.78
CUST-04092,62,Female,44,88.63,Month-to-month,2,No,Credit card,3899.72,Yes,0.5656401688267281,56.56,Medium,50.13
CUST-04093,20,Female,59,55.5,Month-to-month,4,Fiber optic,Electronic check,3274.5,No,0.46647575363526195,46.65,Medium,25.89
CUST-04094,39,Male,37,138.1,Month-to-month,3,Fiber optic,Electronic check,5109.7,Yes,0.5871089042008942,58.71,Medium,81.08
CUST-04095,61,Female,25,80.39,One year,6,Fiber optic,Mailed check,2009.75,No,0.3153001766781939,31.53,Low,25.35
CUST-04096,19,Female,16,75.14,Two year,1,DSL,Mailed check,1202.24,No,0.19661553718396654,19.66,Low,14.77
CUST-04097,41,Female,38,130.47,Two year,3,Fiber optic,Bank transfer,4957.86,No,0.336847014902137,33.68,Low,43.95
CUST-04098,51,Male,43,60.56,Month-to-month,4,Fiber optic,Bank transfer,2604.08,No,0.5378717956910265,53.79,Medium,32.57
CUST-04099,44,Male,14,126.27,Month-to-month,1,Fiber optic,Bank transfer,1767.78,No,0.5033861374238263,50.34,Medium,63.56
CUST-04100,72,Male,6,35.9,Month-to-month,3,Fiber optic,Bank transfer,215.4,Yes,0.6948306344041036,69.48,Medium,24.94
CUST-04101,58,Male,23,43.76,Month-to-month,2,Fiber optic,Credit card,1006.48,Yes,0.5220472989218828,52.2,Medium,22.84
CUST-04102,18,Male,60,143.61,Two year,2,DSL,Mailed check,8616.6,No,0.314826746621107,31.48,Low,45.21
CUST-04103,25,Male,12,129.52,Month-to-month,1,DSL,Electronic check,1554.24,No,0.42753936711153473,42.75,Medium,55.37
CUST-04104,40,Female,13,70.43,Two year,3,Fiber optic,Bank transfer,915.59,No,0.29624389238840143,29.62,Low,20.86
CUST-04105,55,Male,6,103.0,Month-to-month,2,Fiber optic,Electronic check,618.0,No,0.6408278432855133,64.08,Medium,66.01
CUST-04106,23,Male,63,142.59,Month-to-month,1,Fiber optic,Credit card,8983.17,No,0.4132387437488248,41.32,Medium,58.92
CUST-04107,39,Female,38,47.54,Month-to-month,2,Fiber optic,Bank transfer,1806.52,No,0.49086956422821004,49.09,Medium,23.34
CUST-04108,42,Male,50,27.67,One year,4,Fiber optic,Credit card,1383.5,No,0.31172628592209745,31.17,Low,8.63
CUST-04109,35,Female,52,89.87,Month-to-month,3,DSL,Bank transfer,4673.24,Yes,0.5546426165616777,55.46,Medium,49.85
CUST-04110,34,Female,40,38.54,Month-to-month,3,DSL,Electronic check,1541.6,No,0.48724031698557646,48.72,Medium,18.78
CUST-04111,29,Male,8,44.35,Month-to-month,6,Fiber optic,Credit card,354.8,No,0.5674853769877424,56.75,Medium,25.17
CUST-04112,23,Female,61,135.9,Month-to-month,1,DSL,Bank transfer,8289.9,No,0.4754176917292539,47.54,Medium,64.61
CUST-04113,43,Female,8,20.96,Month-to-month,3,DSL,Electronic check,167.68,No,0.44228215029818263,44.23,Medium,9.27
CUST-04114,44,Female,34,126.19,Month-to-month,2,DSL,Electronic check,4290.46,No,0.5795164772108398,57.95,Medium,73.13
CUST-04115,25,Female,60,87.2,One year,1,Fiber optic,Electronic check,5232.0,No,0.16938682715667866,16.94,Low,14.77
CUST-04116,36,Male,57,92.71,One year,2,Fiber optic,Bank transfer,5284.47,No,0.3134947439963442,31.35,Low,29.06
CUST-04117,59,Female,46,107.33,Month-to-month,2,Fiber optic,Electronic check,4937.18,Yes,0.5847614384974174,58.48,Medium,62.76
CUST-04118,18,Male,22,76.09,One year,2,No,Electronic check,1673.98,No,0.29894061911607517,29.89,Low,22.75
CUST-04119,74,Female,40,35.03,Month-to-month,2,DSL,Bank transfer,1401.2,Yes,0.593994493298317,59.4,Medium,20.81
CUST-04120,46,Female,45,33.37,One year,0,No,Credit card,1501.65,No,0.16972571462881475,16.97,Low,5.66
CUST-04121,62,Female,55,118.07,Month-to-month,3,Fiber optic,Electronic check,6493.85,Yes,0.6244271118329748,62.44,Medium,73.73
CUST-04122,66,Male,51,48.73,Month-to-month,5,No,Bank transfer,2485.23,No,0.608924750680371,60.89,Medium,29.67
CUST-04123,52,Male,5,23.65,Month-to-month,1,No,Credit card,118.25,Yes,0.599409846027255,59.94,Medium,14.18
CUST-04124,57,Male,13,147.35,One year,4,Fiber optic,Electronic check,1915.55,Yes,0.7464122011089204,74.64,High,109.98
CUST-04125,31,Female,28,147.45,Month-to-month,5,DSL,Bank transfer,4128.6,Yes,0.6500923040681154,65.01,Medium,95.86
CUST-04126,52,Female,62,69.16,Month-to-month,0,Fiber optic,Mailed check,4287.92,No,0.3872609875619516,38.73,Low,26.78
CUST-04127,65,Female,24,23.32,Month-to-month,0,Fiber optic,Bank transfer,559.68,No,0.3934902605927613,39.35,Low,9.18
CUST-04128,62,Female,7,114.54,Month-to-month,3,DSL,Electronic check,801.78,Yes,0.7373853697368928,73.74,High,84.46
CUST-04129,37,Male,38,128.03,One year,2,DSL,Credit card,4865.14,No,0.3468609856049271,34.69,Low,44.41
CUST-04130,73,Female,37,36.25,One year,1,Fiber optic,Credit card,1341.25,Yes,0.560293183068924,56.03,Medium,20.31
CUST-04131,66,Male,68,37.61,Two year,4,DSL,Credit card,2557.48,Yes,0.6172443081493962,61.72,Medium,23.21
CUST-04132,30,Female,42,126.89,Month-to-month,4,Fiber optic,Electronic check,5329.38,No,0.5321585354977129,53.22,Medium,67.53
CUST-04133,55,Male,5,139.85,Month-to-month,2,DSL,Electronic check,699.25,Yes,0.7602951026056913,76.03,High,106.33
CUST-04134,66,Male,64,122.8,One year,2,Fiber optic,Credit card,7859.2,No,0.34745282403213285,34.75,Low,42.67
CUST-04135,63,Female,50,46.1,One year,3,DSL,Credit card,2305.0,Yes,0.5177789316286115,51.78,Medium,23.87
CUST-04136,66,Female,15,73.5,Month-to-month,2,No,Credit card,1102.5,No,0.4807838344221641,48.08,Medium,35.34
CUST-04137,25,Male,53,98.11,One year,2,Fiber optic,Credit card,5199.83,No,0.2829550598281196,28.3,Low,27.76
CUST-04138,60,Female,25,40.84,One year,4,DSL,Bank transfer,1021.0,No,0.32356591893792325,32.36,Low,13.21
CUST-04139,37,Female,9,47.38,Month-to-month,1,Fiber optic,Electronic check,426.42,No,0.4974528164276748,49.75,Medium,23.57
CUST-04140,50,Male,38,56.78,One year,3,DSL,Mailed check,2157.64,Yes,0.39257380210838955,39.26,Low,22.29
CUST-04141,43,Male,22,86.24,Month-to-month,3,Fiber optic,Credit card,1897.28,Yes,0.4951000243171633,49.51,Medium,42.7
CUST-04142,56,Male,49,86.4,Two year,3,Fiber optic,Bank transfer,4233.6,Yes,0.3817655476447312,38.18,Low,32.98
CUST-04143,38,Male,68,125.86,Month-to-month,4,DSL,Mailed check,8558.48,No,0.5280212373065774,52.8,Medium,66.46
CUST-04144,70,Female,15,117.89,Month-to-month,1,Fiber optic,Mailed check,1768.35,Yes,0.7048239178407685,70.48,High,83.09
CUST-04145,66,Male,65,138.79,Month-to-month,0,DSL,Credit card,9021.35,No,0.37881094734763965,37.88,Low,52.58
CUST-04146,59,Male,54,128.28,Two year,2,Fiber optic,Credit card,6927.12,No,0.31397855583163803,31.4,Low,40.28
CUST-04147,60,Male,30,53.0,One year,4,Fiber optic,Bank transfer,1590.0,No,0.3376187353772747,33.76,Low,17.89
CUST-04148,71,Female,20,63.07,Month-to-month,1,Fiber optic,Credit card,1261.4,No,0.5526249816782116,55.26,Medium,34.85
CUST-04149,58,Male,33,85.06,One year,1,No,Mailed check,2806.98,Yes,0.49900149683720874,49.9,Medium,42.45
CUST-04150,26,Female,7,21.86,One year,1,Fiber optic,Credit card,153.02,No,0.27912504468650134,27.91,Low,6.1
CUST-04151,41,Male,8,137.51,Month-to-month,0,Fiber optic,Bank transfer,1100.08,No,0.47961804347747367,47.96,Medium,65.95
CUST-04152,54,Male,28,25.76,Month-to-month,2,No,Bank transfer,721.28,No,0.4860087730219748,48.6,Medium,12.52
CUST-04153,66,Female,45,61.92,One year,2,No,Bank transfer,2786.4,No,0.29601000433520525,29.6,Low,18.33
CUST-04154,58,Male,11,93.99,Month-to-month,3,Fiber optic,Bank transfer,1033.89,No,0.6101796512322589,61.02,Medium,57.35
CUST-04155,34,Male,31,87.32,Month-to-month,6,No,Bank transfer,2706.92,No,0.6337595487149997,63.38,Medium,55.34
CUST-04156,41,Female,12,105.08,One year,4,No,Credit card,1260.96,No,0.3612478096244743,36.12,Low,37.96
CUST-04157,38,Male,51,88.58,Month-to-month,1,DSL,Electronic check,4517.58,No,0.4094350769990099,40.94,Medium,36.27
CUST-04158,68,Male,44,49.77,Month-to-month,1,DSL,Bank transfer,2189.88,No,0.44084836769726526,44.08,Medium,21.94
CUST-04159,56,Male,50,46.14,Month-to-month,3,Fiber optic,Electronic check,2307.0,No,0.45686274763176954,45.69,Medium,21.08
CUST-04160,72,Male,17,137.94,One year,3,No,Credit card,2344.98,No,0.286576107261725,28.66,Low,39.53
CUST-04161,58,Female,35,54.32,One year,1,DSL,Bank transfer,1901.2,No,0.24098060067841057,24.1,Low,13.09
CUST-04162,56,Male,1,56.53,One year,4,Fiber optic,Electronic check,56.53,Yes,0.8098330616783673,80.98,High,45.78
CUST-04163,30,Female,29,73.68,Month-to-month,3,No,Electronic check,2136.72,No,0.4874666445297199,48.75,Medium,35.92
CUST-04164,28,Male,51,38.13,One year,4,No,Mailed check,1944.63,Yes,0.5391220891098414,53.91,Medium,20.56
CUST-04165,63,Female,64,85.95,Two year,2,Fiber optic,Electronic check,5500.8,No,0.27901873864574506,27.9,Low,23.98
CUST-04166,36,Male,4,106.45,Month-to-month,1,Fiber optic,Mailed check,425.8,Yes,0.8346793988230466,83.47,High,88.85
CUST-04167,28,Female,28,122.18,Month-to-month,3,DSL,Mailed check,3421.04,No,0.5416415234023387,54.16,Medium,66.18
CUST-04168,30,Male,16,112.49,One year,0,No,Electronic check,1799.84,No,0.18826255689085308,18.83,Low,21.18
CUST-04169,63,Female,63,39.19,Month-to-month,0,No,Mailed check,2468.97,No,0.35690654658508236,35.69,Low,13.99
CUST-04170,62,Female,53,79.29,Month-to-month,0,Fiber optic,Electronic check,4202.37,No,0.3847941002459955,38.48,Low,30.51
CUST-04171,18,Male,17,25.02,Month-to-month,0,No,Mailed check,425.34,No,0.3081587611419877,30.82,Low,7.71
CUST-04172,57,Female,40,22.31,Month-to-month,3,DSL,Bank transfer,892.4,No,0.5146036672003571,51.46,Medium,11.48
CUST-04173,61,Male,13,77.22,Month-to-month,4,Fiber optic,Bank transfer,1003.86,No,0.5018877433986154,50.19,Medium,38.76
CUST-04174,36,Male,52,52.88,Month-to-month,3,DSL,Bank transfer,2749.76,Yes,0.5421881260379173,54.22,Medium,28.67
CUST-04175,29,Male,58,108.84,Two year,2,Fiber optic,Electronic check,6312.72,No,0.2598353812578526,25.98,Low,28.28
CUST-04176,25,Male,37,114.15,Month-to-month,3,DSL,Electronic check,4223.55,No,0.45926604857154163,45.93,Medium,52.43
CUST-04177,25,Male,61,136.4,One year,0,DSL,Credit card,8320.4,No,0.16483014610740981,16.48,Low,22.48
CUST-04178,70,Female,34,118.89,Month-to-month,3,No,Electronic check,4042.26,No,0.5044681977413824,50.45,Medium,59.98
CUST-04179,62,Male,70,26.27,One year,2,Fiber optic,Credit card,1838.9,No,0.23692733683033065,23.69,Low,6.22
CUST-04180,29,Male,17,68.31,Month-to-month,0,No,Credit card,1161.27,No,0.3476599408288643,34.77,Low,23.75
CUST-04181,65,Male,20,55.49,One year,3,Fiber optic,Bank transfer,1109.8,Yes,0.4921750945897382,49.22,Medium,27.31
CUST-04182,50,Male,59,70.2,Two year,6,Fiber optic,Electronic check,4141.8,Yes,0.5799605284439593,58.0,Medium,40.71
CUST-04183,62,Male,69,40.81,One year,3,Fiber optic,Electronic check,2815.89,No,0.3016692945099717,30.17,Low,12.31
CUST-04184,43,Male,33,32.7,Month-to-month,3,No,Credit card,1079.1,No,0.47376294477548014,47.38,Medium,15.49
CUST-04185,56,Female,17,87.73,One year,2,Fiber optic,Credit card,1491.41,No,0.3391605316594678,33.92,Low,29.75
CUST-04186,45,Female,57,113.65,Month-to-month,0,No,Electronic check,6478.05,No,0.3532268228331937,35.32,Low,40.14
CUST-04187,75,Male,1,111.25,Month-to-month,1,DSL,Credit card,111.25,No,0.5052216042576613,50.52,Medium,56.21
CUST-04188,22,Female,13,78.62,Month-to-month,3,Fiber optic,Electronic check,1022.06,No,0.4643754587594246,46.44,Medium,36.51
CUST-04189,25,Male,27,87.9,Two year,3,No,Electronic check,2373.3,No,0.24622814972615326,24.62,Low,21.64
CUST-04190,42,Male,70,87.12,Month-to-month,1,DSL,Mailed check,6098.4,No,0.4667601195975084,46.68,Medium,40.66
CUST-04191,44,Male,59,109.9,Two year,3,Fiber optic,Credit card,6484.1,No,0.2875608275093441,28.76,Low,31.6
CUST-04192,63,Male,6,26.23,Month-to-month,1,Fiber optic,Bank transfer,157.38,No,0.5659720459954292,56.6,Medium,14.85
CUST-04193,40,Male,23,112.29,Month-to-month,1,Fiber optic,Electronic check,2582.67,No,0.40250366777576513,40.25,Medium,45.2
CUST-04194,47,Female,10,95.69,One year,2,DSL,Credit card,956.9,No,0.4770592169437027,47.71,Medium,45.65
CUST-04195,62,Female,51,45.75,Month-to-month,1,Fiber optic,Credit card,2333.25,Yes,0.5422137707915181,54.22,Medium,24.81
CUST-04196,64,Female,19,26.38,One year,3,No,Credit card,501.22,Yes,0.5744607008958847,57.45,Medium,15.15
CUST-04197,40,Female,51,34.11,One year,4,DSL,Electronic check,1739.61,No,0.3187854816895748,31.88,Low,10.87
CUST-04198,66,Male,68,88.21,Month-to-month,7,Fiber optic,Electronic check,5998.28,Yes,0.7486229075762152,74.86,High,66.04
CUST-04199,64,Female,42,118.59,One year,1,DSL,Electronic check,4980.78,No,0.22536874604951418,22.54,Low,26.73
CUST-04200,37,Male,57,63.51,Month-to-month,3,Fiber optic,Credit card,3620.07,Yes,0.5004678606798535,50.05,Medium,31.78
CUST-04201,35,Female,68,69.29,Month-to-month,0,Fiber optic,Bank transfer,4711.72,No,0.3924968392676235,39.25,Low,27.2
CUST-04202,35,Female,38,141.44,Month-to-month,4,Fiber optic,Mailed check,5374.72,No,0.45557306924385926,45.56,Medium,64.44
CUST-04203,19,Female,62,47.69,Month-to-month,6,DSL,Bank transfer,2956.78,No,0.607210177368371,60.72,Medium,28.96
CUST-04204,21,Female,7,33.49,Two year,1,Fiber optic,Electronic check,234.43,No,0.20165061084178806,20.17,Low,6.75
CUST-04205,47,Male,71,64.64,One year,1,Fiber optic,Electronic check,4589.44,No,0.1672319893094429,16.72,Low,10.81
CUST-04206,50,Female,50,116.97,One year,2,No,Electronic check,5848.5,No,0.20259694189310906,20.26,Low,23.7
CUST-04207,53,Female,52,101.39,One year,1,DSL,Bank transfer,5272.28,No,0.20870571360611848,20.87,Low,21.16
CUST-04208,35,Male,26,74.05,Month-to-month,2,Fiber optic,Bank transfer,1925.3,No,0.5053842962452353,50.54,Medium,37.42
CUST-04209,54,Male,26,145.42,One year,4,Fiber optic,Electronic check,3780.92,Yes,0.6529895071364892,65.3,Medium,94.96
CUST-04210,36,Female,19,115.55,One year,0,DSL,Mailed check,2195.45,Yes,0.565581008837447,56.56,Medium,65.35
CUST-04211,64,Male,9,28.04,Month-to-month,2,Fiber optic,Mailed check,252.36,Yes,0.676112337112644,67.61,Medium,18.96
CUST-04212,45,Male,61,116.8,Two year,3,Fiber optic,Credit card,7124.8,No,0.2868077284478284,28.68,Low,33.5
CUST-04213,57,Male,20,23.13,One year,2,Fiber optic,Bank transfer,462.6,No,0.2633567144593119,26.34,Low,6.09
CUST-04214,37,Female,50,104.54,Month-to-month,3,DSL,Mailed check,5227.0,No,0.5544188738445717,55.44,Medium,57.96
CUST-04215,66,Male,22,47.36,Month-to-month,7,No,Electronic check,1041.92,No,0.5682281744731311,56.82,Medium,26.91
CUST-04216,50,Female,13,110.54,Month-to-month,4,DSL,Bank transfer,1437.02,Yes,0.6988320362967567,69.88,Medium,77.25
CUST-04217,29,Female,12,60.27,Month-to-month,2,DSL,Credit card,723.24,No,0.5399965345047787,54.0,Medium,32.55
CUST-04218,75,Female,10,133.49,One year,5,Fiber optic,Credit card,1334.9,Yes,0.8226132282487764,82.26,High,109.81
CUST-04219,68,Female,65,63.8,Two year,2,DSL,Bank transfer,4147.0,No,0.23632171183478898,23.63,Low,15.08
CUST-04220,32,Male,30,100.56,One year,2,DSL,Electronic check,3016.8,No,0.29278391454796804,29.28,Low,29.44
CUST-04221,58,Female,8,57.17,Two year,1,Fiber optic,Mailed check,457.36,Yes,0.5269991155864309,52.7,Medium,30.13
CUST-04222,56,Male,21,139.24,Two year,2,Fiber optic,Bank transfer,2924.04,Yes,0.4773937630181816,47.74,Medium,66.47
CUST-04223,19,Female,22,121.53,Two year,2,Fiber optic,Electronic check,2673.66,Yes,0.5769793591419057,57.7,Medium,70.12
CUST-04224,46,Male,18,51.63,Month-to-month,3,Fiber optic,Bank transfer,929.34,No,0.4664139930761443,46.64,Medium,24.08
CUST-04225,58,Female,66,143.34,Month-to-month,2,No,Credit card,9460.44,Yes,0.667036600030077,66.7,Medium,95.61
CUST-04226,27,Male,48,66.43,Month-to-month,3,No,Bank transfer,3188.64,No,0.4964522599699033,49.65,Medium,32.98
CUST-04227,19,Female,44,104.74,Month-to-month,2,DSL,Electronic check,4608.56,No,0.4094257677340177,40.94,Medium,42.88
CUST-04228,68,Female,9,116.57,Two year,4,Fiber optic,Electronic check,1049.13,Yes,0.758924249602578,75.89,High,88.47
CUST-04229,28,Male,67,22.98,Month-to-month,2,DSL,Credit card,1539.66,No,0.5107763521729174,51.08,Medium,11.74
CUST-04230,30,Female,54,144.67,One year,6,No,Electronic check,7812.18,Yes,0.7259567204328027,72.6,High,105.02
CUST-04231,27,Female,26,64.78,One year,1,No,Electronic check,1684.28,No,0.16841918972214903,16.84,Low,10.91
CUST-04232,31,Female,26,44.67,Month-to-month,1,Fiber optic,Credit card,1161.42,Yes,0.5483427672603206,54.83,Medium,24.49
CUST-04233,35,Male,34,130.59,Month-to-month,3,Fiber optic,Electronic check,4440.06,No,0.5263603586922646,52.64,Medium,68.74
CUST-04234,68,Female,8,111.38,Month-to-month,4,No,Electronic check,891.04,No,0.5830421199988588,58.3,Medium,64.94
CUST-04235,71,Female,10,31.28,Month-to-month,3,Fiber optic,Bank transfer,312.8,No,0.5730351155762808,57.3,Medium,17.92
CUST-04236,26,Male,48,35.22,One year,5,Fiber optic,Bank transfer,1690.56,No,0.2880415465427947,28.8,Low,10.14
CUST-04237,74,Male,55,112.97,Month-to-month,5,Fiber optic,Bank transfer,6213.35,Yes,0.7578267048649013,75.78,High,85.61
CUST-04238,56,Male,54,29.72,Month-to-month,3,No,Bank transfer,1604.88,No,0.49656897713541953,49.66,Medium,14.76
CUST-04239,45,Male,40,139.23,Month-to-month,5,Fiber optic,Mailed check,5569.2,Yes,0.6371980001821219,63.72,Medium,88.72
CUST-04240,20,Male,15,116.4,Month-to-month,0,No,Bank transfer,1746.0,Yes,0.6227626081927354,62.28,Medium,72.49
CUST-04241,37,Female,18,63.61,Month-to-month,3,Fiber optic,Bank transfer,1144.98,No,0.5287438081900876,52.87,Medium,33.63
CUST-04242,23,Female,23,67.18,Two year,3,DSL,Bank transfer,1545.14,No,0.2541279999487047,25.41,Low,17.07
CUST-04243,44,Female,62,85.84,Month-to-month,0,Fiber optic,Credit card,5322.08,No,0.3839871597336661,38.4,Low,32.96
CUST-04244,70,Male,46,66.93,Two year,5,DSL,Bank transfer,3078.78,No,0.31832170798089154,31.83,Low,21.31
CUST-04245,19,Female,39,121.85,One year,3,Fiber optic,Mailed check,4752.15,Yes,0.5729402054619216,57.29,Medium,69.81
CUST-04246,46,Male,15,146.72,One year,2,Fiber optic,Mailed check,2200.8,Yes,0.6641197580638621,66.41,Medium,97.44
CUST-04247,55,Male,53,95.99,Month-to-month,1,No,Mailed check,5087.47,No,0.4214101850189772,42.14,Medium,40.45
CUST-04248,20,Female,64,77.98,Month-to-month,4,No,Electronic check,4990.72,Yes,0.6539793528612516,65.4,Medium,51.0
CUST-04249,33,Male,63,48.96,Month-to-month,2,Fiber optic,Credit card,3084.48,No,0.4739858731585636,47.4,Medium,23.21
CUST-04250,47,Male,16,104.95,Month-to-month,2,Fiber optic,Bank transfer,1679.2,No,0.5024678371740521,50.25,Medium,52.73
CUST-04251,57,Female,70,109.12,Two year,5,No,Bank transfer,7638.4,No,0.24161323891826417,24.16,Low,26.36
CUST-04252,19,Male,66,109.07,Month-to-month,3,No,Electronic check,7198.62,No,0.4768438880567775,47.68,Medium,52.01
CUST-04253,34,Male,13,23.51,Two year,5,No,Credit card,305.63,Yes,0.7002374410274396,70.02,High,16.46
CUST-04254,58,Female,47,136.89,One year,6,Fiber optic,Electronic check,6433.83,No,0.4672730538543817,46.73,Medium,63.97
CUST-04255,29,Male,9,63.95,Month-to-month,5,Fiber optic,Mailed check,575.55,Yes,0.7911023441345011,79.11,High,50.59
CUST-04256,52,Male,63,116.74,One year,6,No,Electronic check,7354.62,No,0.35818969086291735,35.82,Low,41.82
CUST-04257,60,Female,34,118.77,Month-to-month,3,DSL,Credit card,4038.18,Yes,0.6728985541135105,67.29,Medium,79.92
CUST-04258,18,Female,29,104.57,Month-to-month,1,DSL,Electronic check,3032.53,No,0.44888597774544736,44.89,Medium,46.94
CUST-04259,72,Female,37,71.33,Month-to-month,2,No,Credit card,2639.21,No,0.47674331540518183,47.67,Medium,34.01
CUST-04260,62,Female,43,99.09,Two year,2,Fiber optic,Electronic check,4260.87,No,0.31647745276573436,31.65,Low,31.36
CUST-04261,32,Male,64,25.23,Month-to-month,3,DSL,Credit card,1614.72,No,0.524463543244904,52.45,Medium,13.23
CUST-04262,43,Male,24,119.05,One year,3,DSL,Bank transfer,2857.2,Yes,0.48080881917302537,48.08,Medium,57.24
CUST-04263,54,Female,71,32.95,Month-to-month,3,Fiber optic,Mailed check,2339.45,No,0.4091888049545527,40.92,Medium,13.48
CUST-04264,38,Male,34,71.58,Month-to-month,3,DSL,Credit card,2433.72,No,0.5166576385034276,51.67,Medium,36.98
CUST-04265,66,Male,48,33.47,Month-to-month,2,DSL,Electronic check,1606.56,Yes,0.5537198467541874,55.37,Medium,18.53
CUST-04266,48,Female,12,128.82,Month-to-month,0,DSL,Electronic check,1545.84,Yes,0.7226988989756088,72.27,High,93.1
CUST-04267,42,Female,23,91.54,Month-to-month,1,No,Mailed check,2105.42,Yes,0.6284038848820173,62.84,Medium,57.52
CUST-04268,40,Male,13,109.82,Month-to-month,4,DSL,Bank transfer,1427.66,No,0.6111158762539098,61.11,Medium,67.11
CUST-04269,41,Female,45,108.74,One year,2,Fiber optic,Bank transfer,4893.3,No,0.3602671715258699,36.03,Low,39.18
CUST-04270,74,Female,65,129.41,Month-to-month,4,Fiber optic,Bank transfer,8411.65,No,0.5050779815012608,50.51,Medium,65.36
CUST-04271,55,Female,47,37.23,Two year,3,Fiber optic,Credit card,1749.81,No,0.2811987228256237,28.12,Low,10.47
CUST-04272,45,Male,58,105.76,Month-to-month,2,DSL,Mailed check,6134.08,Yes,0.6235940451215044,62.36,Medium,65.95
CUST-04273,38,Female,5,94.77,Month-to-month,2,Fiber optic,Credit card,473.85,No,0.6560512968569356,65.61,Medium,62.17
CUST-04274,71,Male,5,24.02,Month-to-month,1,DSL,Credit card,120.1,No,0.4221780135896193,42.22,Medium,10.14
CUST-04275,60,Male,60,46.18,Month-to-month,3,No,Credit card,2770.8,Yes,0.5803323833121088,58.03,Medium,26.8
CUST-04276,35,Male,21,54.78,Two year,2,Fiber optic,Credit card,1150.38,No,0.24725446428571804,24.73,Low,13.54
CUST-04277,53,Female,24,29.43,Two year,5,DSL,Electronic check,706.32,No,0.21679908789481223,21.68,Low,6.38
CUST-04278,52,Female,18,66.11,One year,2,No,Electronic check,1189.98,No,0.2318115520363084,23.18,Low,15.33
CUST-04279,62,Female,21,23.54,Two year,2,DSL,Electronic check,494.34,No,0.20715320221045816,20.72,Low,4.88
CUST-04280,72,Female,54,91.91,Two year,2,Fiber optic,Credit card,4963.14,No,0.25734805002336275,25.73,Low,23.65
CUST-04281,26,Female,10,47.5,One year,1,Fiber optic,Bank transfer,475.0,No,0.2922922664296031,29.23,Low,13.88
CUST-04282,70,Male,24,57.31,Two year,3,Fiber optic,Electronic check,1375.44,Yes,0.5120125267981137,51.2,Medium,29.34
CUST-04283,55,Male,60,138.36,Month-to-month,2,Fiber optic,Mailed check,8301.6,Yes,0.5722119741065584,57.22,Medium,79.17
CUST-04284,75,Male,57,85.37,One year,0,DSL,Electronic check,4866.09,No,0.18929616315398795,18.93,Low,16.16
CUST-04285,47,Female,23,54.97,One year,1,Fiber optic,Credit card,1264.31,No,0.1956823733770662,19.57,Low,10.76
CUST-04286,61,Male,22,97.8,Month-to-month,4,Fiber optic,Credit card,2151.6,No,0.47247012110249076,47.25,Medium,46.21
CUST-04287,51,Male,68,46.22,Two year,1,DSL,Credit card,3142.96,No,0.2679348371214398,26.79,Low,12.38
CUST-04288,49,Female,34,29.67,Month-to-month,2,Fiber optic,Electronic check,1008.78,No,0.48757180833435493,48.76,Medium,14.47
CUST-04289,20,Female,70,22.72,Two year,1,No,Bank transfer,1590.4,No,0.13291479491026123,13.29,Low,3.02
CUST-04290,20,Male,28,143.7,Month-to-month,0,Fiber optic,Credit card,4023.6,No,0.3405613208002241,34.06,Low,48.94
CUST-04291,45,Male,39,114.2,Month-to-month,2,Fiber optic,Mailed check,4453.8,Yes,0.601308386093531,60.13,Medium,68.67
CUST-04292,61,Female,42,123.99,Month-to-month,4,Fiber optic,Credit card,5207.58,No,0.6157679987972078,61.58,Medium,76.35
CUST-04293,32,Female,23,147.52,Two year,4,Fiber optic,Bank transfer,3392.96,Yes,0.6726978547551002,67.27,Medium,99.24
CUST-04294,58,Female,70,141.11,Month-to-month,4,DSL,Bank transfer,9877.7,No,0.4729507216994535,47.3,Medium,66.74
CUST-04295,40,Female,2,115.8,One year,0,Fiber optic,Bank transfer,231.6,No,0.3065131522900975,30.65,Low,35.49
CUST-04296,57,Male,24,110.22,One year,4,Fiber optic,Credit card,2645.28,No,0.3549722195939664,35.5,Low,39.13
CUST-04297,28,Male,17,63.79,Month-to-month,4,DSL,Mailed check,1084.43,Yes,0.5897728905818226,58.98,Medium,37.62
CUST-04298,65,Female,65,33.52,Two year,1,Fiber optic,Mailed check,2178.8,No,0.2471867535753038,24.72,Low,8.29
CUST-04299,49,Male,70,94.58,Month-to-month,3,Fiber optic,Credit card,6620.6,No,0.4224350327410739,42.24,Medium,39.95
CUST-04300,75,Male,69,94.91,One year,4,Fiber optic,Electronic check,6548.79,Yes,0.6113643752248847,61.14,Medium,58.02
CUST-04301,74,Female,60,143.79,Month-to-month,2,Fiber optic,Electronic check,8627.4,No,0.5286203981357225,52.86,Medium,76.01
CUST-04302,71,Male,50,77.53,Month-to-month,1,DSL,Mailed check,3876.5,No,0.42771715619953293,42.77,Medium,33.16
CUST-04303,53,Male,12,109.8,Month-to-month,1,DSL,Electronic check,1317.6,No,0.48199387953065714,48.2,Medium,52.92
CUST-04304,50,Male,47,94.75,One year,4,Fiber optic,Electronic check,4453.25,No,0.29021236626866553,29.02,Low,27.5
CUST-04305,41,Female,67,42.98,Two year,1,Fiber optic,Mailed check,2879.66,No,0.17376902875883837,17.38,Low,7.47
CUST-04306,56,Female,65,96.97,Month-to-month,3,DSL,Electronic check,6303.05,No,0.44512629986365887,44.51,Medium,43.16
CUST-04307,51,Male,27,90.22,Month-to-month,3,Fiber optic,Electronic check,2435.94,No,0.45355929830405445,45.36,Medium,40.92
CUST-04308,73,Female,48,84.21,Two year,4,Fiber optic,Credit card,4042.08,No,0.35347424713646125,35.35,Low,29.77
CUST-04309,45,Female,62,86.74,Month-to-month,2,DSL,Electronic check,5377.88,Yes,0.5070813333065536,50.71,Medium,43.98
CUST-04310,54,Female,44,41.32,Month-to-month,1,Fiber optic,Mailed check,1818.08,No,0.42971220275103245,42.97,Medium,17.76
CUST-04311,24,Male,19,80.25,Month-to-month,3,Fiber optic,Credit card,1524.75,No,0.46258475853805664,46.26,Medium,37.12
CUST-04312,21,Male,59,98.73,Month-to-month,4,Fiber optic,Mailed check,5825.07,No,0.49265302814596673,49.27,Medium,48.64
CUST-04313,54,Female,8,83.63,One year,0,Fiber optic,Credit card,669.04,No,0.2678254244283104,26.78,Low,22.4
CUST-04314,73,Male,55,83.53,Two year,5,Fiber optic,Mailed check,4594.15,Yes,0.6698424406873845,66.98,Medium,55.95
CUST-04315,18,Male,47,30.08,Month-to-month,1,No,Bank transfer,1413.76,Yes,0.4907907108574498,49.08,Medium,14.76
CUST-04316,18,Male,2,44.8,One year,2,DSL,Credit card,89.6,No,0.3489243299993786,34.89,Low,15.63
CUST-04317,64,Male,39,61.73,One year,2,Fiber optic,Credit card,2407.47,No,0.36617158378042947,36.62,Low,22.6
CUST-04318,37,Male,45,74.52,Month-to-month,5,Fiber optic,Credit card,3353.4,Yes,0.6076548730307189,60.77,Medium,45.28
CUST-04319,36,Female,32,97.21,Month-to-month,2,DSL,Mailed check,3110.72,No,0.5780625127375478,57.81,Medium,56.19
CUST-04320,46,Male,65,132.23,One year,4,Fiber optic,Bank transfer,8594.95,No,0.3651806505361826,36.52,Low,48.29
CUST-04321,27,Male,38,40.69,Month-to-month,2,DSL,Credit card,1546.22,No,0.48021992065115315,48.02,Medium,19.54
CUST-04322,35,Male,11,21.96,Month-to-month,4,Fiber optic,Bank transfer,241.56,Yes,0.7745590956643112,77.46,High,17.01
CUST-04323,45,Female,10,78.4,Two year,1,Fiber optic,Electronic check,784.0,No,0.26357241169031986,26.36,Low,20.66
CUST-04324,52,Female,59,76.17,One year,1,Fiber optic,Credit card,4494.03,No,0.16337955034282636,16.34,Low,12.44
CUST-04325,60,Female,55,91.75,Two year,6,No,Electronic check,5046.25,No,0.19393882851418834,19.39,Low,17.79
CUST-04326,64,Male,20,128.32,Month-to-month,2,DSL,Credit card,2566.4,Yes,0.6460134500998236,64.6,Medium,82.9
CUST-04327,48,Female,17,124.31,Two year,2,No,Bank transfer,2113.27,No,0.32778149042797194,32.78,Low,40.75
CUST-04328,44,Female,68,33.01,One year,2,No,Electronic check,2244.68,No,0.22201593679950127,22.2,Low,7.33
CUST-04329,28,Female,5,141.42,Two year,4,DSL,Mailed check,707.1,Yes,0.892591146965299,89.26,High,126.23
CUST-04330,66,Female,60,34.35,Two year,0,No,Credit card,2061.0,No,0.2328364839256416,23.28,Low,8.0
CUST-04331,66,Male,23,102.49,Two year,1,Fiber optic,Credit card,2357.27,Yes,0.5593787609267759,55.94,Medium,57.33
CUST-04332,55,Female,46,107.41,Two year,2,No,Bank transfer,4940.86,No,0.27624388424256696,27.62,Low,29.67
CUST-04333,22,Female,52,108.38,Month-to-month,3,No,Mailed check,5635.76,Yes,0.5953293840219532,59.53,Medium,64.52
CUST-04334,25,Male,10,54.5,One year,2,No,Credit card,545.0,No,0.3174652012130193,31.75,Low,17.3
CUST-04335,51,Male,46,62.94,Month-to-month,1,Fiber optic,Electronic check,2895.24,Yes,0.4415252212024188,44.15,Medium,27.79
CUST-04336,65,Female,28,91.33,One year,4,Fiber optic,Mailed check,2557.24,No,0.3105851941411364,31.06,Low,28.37
CUST-04337,69,Male,43,45.95,Two year,0,Fiber optic,Mailed check,1975.85,No,0.10395389171828336,10.4,Low,4.78
CUST-04338,73,Female,26,22.64,Month-to-month,4,Fiber optic,Bank transfer,588.64,No,0.5599071809635635,55.99,Medium,12.68
CUST-04339,29,Male,55,93.08,One year,5,DSL,Electronic check,5119.4,No,0.3307554566524461,33.08,Low,30.79
CUST-04340,55,Male,48,80.49,One year,0,Fiber optic,Electronic check,3863.52,Yes,0.3923528052638885,39.24,Low,31.58
CUST-04341,18,Female,29,105.38,Month-to-month,3,Fiber optic,Credit card,3056.02,Yes,0.5728193409681192,57.28,Medium,60.36
CUST-04342,48,Male,27,39.07,Month-to-month,5,Fiber optic,Credit card,1054.89,Yes,0.5721925411655081,57.22,Medium,22.36
CUST-04343,21,Female,18,129.32,Month-to-month,3,No,Mailed check,2327.76,No,0.5241690734046747,52.42,Medium,67.79
CUST-04344,66,Male,60,39.01,Month-to-month,1,DSL,Mailed check,2340.6,No,0.40087163084352767,40.09,Medium,15.64
CUST-04345,62,Female,69,135.87,One year,1,Fiber optic,Bank transfer,9375.03,No,0.38059840903326775,38.06,Low,51.71
CUST-04346,67,Male,21,78.44,Month-to-month,6,Fiber optic,Mailed check,1647.24,No,0.5148140142264186,51.48,Medium,40.38
CUST-04347,22,Male,24,91.47,Month-to-month,2,DSL,Bank transfer,2195.28,No,0.45668218748270023,45.67,Medium,41.77
CUST-04348,47,Male,3,136.56,Two year,4,Fiber optic,Bank transfer,409.68,Yes,0.8065334113160662,80.65,High,110.14
CUST-04349,73,Male,62,58.99,One year,1,Fiber optic,Electronic check,3657.38,No,0.17158937878671973,17.16,Low,10.12
CUST-04350,41,Male,2,43.64,Month-to-month,1,No,Electronic check,87.28,No,0.3666791463704268,36.67,Low,16.0
CUST-04351,20,Female,66,77.95,Month-to-month,3,No,Mailed check,5144.7,Yes,0.6251485320387776,62.51,Medium,48.73
CUST-04352,28,Male,42,51.77,One year,2,Fiber optic,Mailed check,2174.34,No,0.24096562218458928,24.1,Low,12.47
CUST-04353,62,Female,34,88.62,Month-to-month,3,Fiber optic,Electronic check,3013.08,No,0.5306289545026698,53.06,Medium,47.02
CUST-04354,21,Female,42,55.78,One year,4,DSL,Mailed check,2342.76,No,0.3427244190215953,34.27,Low,19.12
CUST-04355,43,Female,20,132.38,One year,1,No,Electronic check,2647.6,Yes,0.5610777655387561,56.11,Medium,74.28
CUST-04356,44,Male,68,98.95,Month-to-month,6,DSL,Credit card,6728.6,No,0.5308824113428019,53.09,Medium,52.53
CUST-04357,63,Female,45,20.03,Two year,2,Fiber optic,Mailed check,901.35,Yes,0.5985965953165164,59.86,Medium,11.99
CUST-04358,71,Male,42,124.71,Month-to-month,3,DSL,Bank transfer,5237.82,Yes,0.6490037606980971,64.9,Medium,80.94
CUST-04359,60,Female,47,62.93,Month-to-month,4,No,Credit card,2957.71,Yes,0.654813030999593,65.48,Medium,41.21
CUST-04360,44,Female,5,61.63,Two year,0,DSL,Credit card,308.15,No,0.1472982410934022,14.73,Low,9.08
CUST-04361,59,Female,49,69.8,Month-to-month,1,DSL,Mailed check,3420.2,No,0.46052098878749775,46.05,Medium,32.14
CUST-04362,68,Female,37,101.93,One year,3,Fiber optic,Electronic check,3771.41,Yes,0.514783352063541,51.48,Medium,52.47
CUST-04363,67,Female,34,77.47,One year,1,DSL,Bank transfer,2633.98,Yes,0.39056551420010116,39.06,Low,30.26
CUST-04364,23,Male,70,101.72,Month-to-month,3,No,Electronic check,7120.4,Yes,0.5816713581255073,58.17,Medium,59.17
CUST-04365,32,Female,18,39.08,Two year,1,Fiber optic,Mailed check,703.44,No,0.16903752845893416,16.9,Low,6.61
CUST-04366,70,Female,19,146.12,Month-to-month,2,No,Electronic check,2776.28,Yes,0.6698634839219424,66.99,Medium,97.88
CUST-04367,47,Male,40,114.85,Month-to-month,2,Fiber optic,Mailed check,4594.0,No,0.5784244810449009,57.84,Medium,66.43
CUST-04368,59,Male,17,52.53,Two year,1,Fiber optic,Mailed check,893.01,No,0.20482516177133192,20.48,Low,10.76
CUST-04369,54,Male,60,114.14,Month-to-month,1,No,Bank transfer,6848.4,No,0.4477597347264867,44.78,Medium,51.11
CUST-04370,75,Female,42,94.75,One year,1,Fiber optic,Mailed check,3979.5,No,0.2701839510601133,27.02,Low,25.6
CUST-04371,54,Female,72,34.19,Two year,2,Fiber optic,Bank transfer,2461.68,Yes,0.47254978755346544,47.25,Medium,16.16
CUST-04372,59,Female,65,43.17,Month-to-month,0,DSL,Credit card,2806.05,No,0.43372338202864713,43.37,Medium,18.72
CUST-04373,54,Female,53,25.37,Month-to-month,3,DSL,Electronic check,1344.61,No,0.47997064015088775,48.0,Medium,12.18
CUST-04374,52,Female,7,125.2,Month-to-month,2,Fiber optic,Mailed check,876.4,Yes,0.8076285243360222,80.76,High,101.12
CUST-04375,40,Female,5,91.72,Two year,2,DSL,Electronic check,458.6,No,0.21685049153867192,21.69,Low,19.89
CUST-04376,23,Male,24,61.18,Month-to-month,2,Fiber optic,Electronic check,1468.32,No,0.39407605862408807,39.41,Low,24.11
CUST-04377,21,Male,28,36.42,Month-to-month,2,Fiber optic,Bank transfer,1019.76,No,0.4211694234696933,42.12,Medium,15.34
CUST-04378,35,Female,62,82.93,Month-to-month,1,Fiber optic,Electronic check,5141.66,No,0.3658959602370344,36.59,Low,30.34
CUST-04379,26,Female,17,88.28,Month-to-month,4,DSL,Electronic check,1500.76,No,0.49641828839992397,49.64,Medium,43.82
CUST-04380,66,Female,20,111.25,One year,2,Fiber optic,Electronic check,2225.0,Yes,0.5005215325163705,50.05,Medium,55.68
CUST-04381,46,Female,3,146.09,Two year,3,DSL,Mailed check,438.27,Yes,0.8471502147109107,84.72,High,123.76
CUST-04382,30,Female,37,76.54,Month-to-month,1,Fiber optic,Electronic check,2831.98,No,0.4103118446085794,41.03,Medium,31.41
CUST-04383,64,Male,15,72.78,Month-to-month,4,Fiber optic,Credit card,1091.7,No,0.5510615303206879,55.11,Medium,40.11
CUST-04384,69,Male,51,68.09,One year,0,DSL,Bank transfer,3472.59,No,0.19900972334995817,19.9,Low,13.55
CUST-04385,34,Female,48,127.5,Month-to-month,1,Fiber optic,Credit card,6120.0,Yes,0.6366367956441846,63.66,Medium,81.17
CUST-04386,62,Male,8,40.32,Two year,1,Fiber optic,Bank transfer,322.56,No,0.3428411512489066,34.28,Low,13.82
CUST-04387,49,Female,13,64.7,Month-to-month,1,No,Electronic check,841.1,Yes,0.6358884692376437,63.59,Medium,41.14
CUST-04388,65,Female,48,114.25,Month-to-month,3,Fiber optic,Bank transfer,5484.0,Yes,0.6700782489612419,67.01,Medium,76.56
CUST-04389,39,Female,3,22.04,Two year,5,DSL,Mailed check,66.12,No,0.251250640779269,25.13,Low,5.54
CUST-04390,21,Male,65,57.62,Month-to-month,5,No,Mailed check,3745.3,No,0.5174323042320145,51.74,Medium,29.81
CUST-04391,22,Male,31,103.39,Month-to-month,2,Fiber optic,Credit card,3205.09,No,0.44824873730395554,44.82,Medium,46.34
CUST-04392,54,Female,26,44.17,Month-to-month,3,DSL,Mailed check,1148.42,No,0.5479529913757695,54.8,Medium,24.2
CUST-04393,58,Male,56,59.35,Two year,2,No,Electronic check,3323.6,No,0.15804130539529126,15.8,Low,9.38
CUST-04394,66,Male,34,83.19,One year,3,No,Credit card,2828.46,No,0.3530643452518882,35.31,Low,29.37
CUST-04395,30,Female,9,74.86,Month-to-month,0,Fiber optic,Credit card,673.74,Yes,0.7152086729945926,71.52,High,53.54
CUST-04396,51,Male,62,33.78,Two year,4,DSL,Credit card,2094.36,Yes,0.576560122611914,57.66,Medium,19.48
CUST-04397,62,Male,13,141.97,Month-to-month,2,Fiber optic,Mailed check,1845.61,No,0.49309374965172464,49.31,Medium,70.0
CUST-04398,39,Female,69,25.76,Month-to-month,3,No,Bank transfer,1777.44,No,0.4461141324893845,44.61,Medium,11.49
CUST-04399,70,Female,41,117.47,One year,3,DSL,Mailed check,4816.27,No,0.27013298482356746,27.01,Low,31.73
CUST-04400,40,Male,1,29.28,One year,5,Fiber optic,Credit card,29.28,Yes,0.706142558292516,70.61,High,20.68
CUST-04401,68,Female,47,80.75,Month-to-month,2,Fiber optic,Bank transfer,3795.25,Yes,0.5410158958768612,54.1,Medium,43.69
CUST-04402,20,Male,4,42.8,Month-to-month,2,DSL,Credit card,171.2,Yes,0.6699090102300311,66.99,Medium,28.67
CUST-04403,59,Female,63,38.34,Month-to-month,2,Fiber optic,Credit card,2415.42,Yes,0.5334066816735914,53.34,Medium,20.45
CUST-04404,51,Female,52,36.37,One year,3,DSL,Bank transfer,1891.24,No,0.32504267543100784,32.5,Low,11.82
CUST-04405,49,Female,10,78.86,Two year,3,Fiber optic,Bank transfer,788.6,No,0.3706534959403877,37.07,Low,29.23
CUST-04406,62,Female,28,87.01,One year,2,Fiber optic,Credit card,2436.28,No,0.35461197658346355,35.46,Low,30.85
CUST-04407,68,Male,6,37.34,Two year,4,DSL,Credit card,224.04,No,0.2952920152351438,29.53,Low,11.03
CUST-04408,75,Female,27,147.32,One year,1,No,Mailed check,3977.64,No,0.2458189190855251,24.58,Low,36.21
CUST-04409,66,Female,12,53.51,Two year,4,Fiber optic,Mailed check,642.12,Yes,0.6454335724574022,64.54,Medium,34.54
CUST-04410,38,Female,62,79.65,Month-to-month,3,Fiber optic,Mailed check,4938.3,No,0.5107937713154314,51.08,Medium,40.68
CUST-04411,63,Male,52,48.12,Month-to-month,6,Fiber optic,Electronic check,2502.24,Yes,0.7263486713416156,72.63,High,34.95
CUST-04412,61,Male,48,84.21,Month-to-month,1,DSL,Credit card,4042.08,No,0.496131164815758,49.61,Medium,41.78
CUST-04413,38,Female,67,118.28,Month-to-month,1,DSL,Mailed check,7924.76,Yes,0.5924252205419953,59.24,Medium,70.07
CUST-04414,61,Female,46,87.74,One year,6,DSL,Credit card,4036.04,No,0.5049489744745287,50.49,Medium,44.3
CUST-04415,28,Female,15,57.13,Two year,2,Fiber optic,Electronic check,856.95,No,0.26416853467012846,26.42,Low,15.09
CUST-04416,56,Female,71,52.29,Month-to-month,3,Fiber optic,Mailed check,3712.59,No,0.4099009065450998,40.99,Medium,21.43
CUST-04417,21,Female,36,118.66,Two year,1,Fiber optic,Mailed check,4271.76,No,0.21423752737629756,21.42,Low,25.42
CUST-04418,68,Female,14,35.37,Month-to-month,3,No,Credit card,495.18,No,0.4619792172062029,46.2,Medium,16.34
CUST-04419,18,Male,3,68.1,Month-to-month,1,Fiber optic,Credit card,204.3,No,0.39517694725086905,39.52,Low,26.91
CUST-04420,45,Female,67,39.69,One year,0,DSL,Bank transfer,2659.23,No,0.14142002725746708,14.14,Low,5.61
CUST-04421,41,Female,19,53.54,Month-to-month,0,Fiber optic,Bank transfer,1017.26,Yes,0.5495792401848839,54.96,Medium,29.42
CUST-04422,52,Female,54,39.85,Month-to-month,4,DSL,Mailed check,2151.9,No,0.5811841501383784,58.12,Medium,23.16
CUST-04423,30,Female,69,135.28,One year,1,DSL,Bank transfer,9334.32,Yes,0.549378219980065,54.94,Medium,74.32
CUST-04424,64,Female,10,115.15,Two year,1,Fiber optic,Mailed check,1151.5,No,0.3655022823916389,36.55,Low,42.09
CUST-04425,51,Female,33,92.92,One year,4,Fiber optic,Credit card,3066.36,No,0.3875023907905245,38.75,Low,36.01
CUST-04426,28,Male,13,49.18,Month-to-month,5,Fiber optic,Bank transfer,639.34,No,0.5099033664940187,50.99,Medium,25.08
CUST-04427,53,Male,51,86.33,Month-to-month,4,DSL,Mailed check,4402.83,No,0.5902385287739861,59.02,Medium,50.96
CUST-04428,68,Male,32,87.71,Two year,2,Fiber optic,Credit card,2806.72,No,0.33833571016731495,33.83,Low,29.68
CUST-04429,34,Male,24,96.75,Month-to-month,2,DSL,Mailed check,2322.0,Yes,0.6050092511731776,60.5,Medium,58.53
CUST-04430,52,Male,35,27.81,Two year,2,Fiber optic,Electronic check,973.35,No,0.3333567697401874,33.34,Low,9.27
CUST-04431,35,Male,70,146.48,Month-to-month,2,Fiber optic,Bank transfer,10253.6,Yes,0.597966294637359,59.8,Medium,87.59
CUST-04432,57,Female,40,80.51,One year,3,DSL,Electronic check,3220.4,No,0.293753871970831,29.38,Low,23.65
CUST-04433,39,Female,54,140.45,One year,4,Fiber optic,Credit card,7584.3,No,0.44817510264111765,44.82,Medium,62.95
CUST-04434,74,Female,44,21.28,Month-to-month,1,DSL,Mailed check,936.32,Yes,0.6646200259869619,66.46,Medium,14.14
CUST-04435,41,Female,62,52.18,One year,2,Fiber optic,Mailed check,3235.16,No,0.3310291907388608,33.1,Low,17.27
CUST-04436,75,Female,68,33.52,Month-to-month,0,DSL,Credit card,2279.36,Yes,0.6697302676269138,66.97,Medium,22.45
CUST-04437,36,Female,33,120.05,One year,1,No,Electronic check,3961.65,No,0.19964391511858828,19.96,Low,23.97
CUST-04438,54,Male,56,61.62,Two year,4,DSL,Mailed check,3450.72,No,0.30973452279486985,30.97,Low,19.09
CUST-04439,56,Female,36,129.26,Month-to-month,3,No,Electronic check,4653.36,No,0.513880310104937,51.39,Medium,66.42
CUST-04440,38,Male,54,128.21,One year,5,Fiber optic,Electronic check,6923.34,Yes,0.5403180114174971,54.03,Medium,69.27
CUST-04441,25,Male,19,106.81,Month-to-month,3,Fiber optic,Electronic check,2029.39,Yes,0.4630450025514086,46.3,Medium,49.46
CUST-04442,45,Female,43,106.55,Month-to-month,2,Fiber optic,Bank transfer,4581.65,No,0.5093177284993151,50.93,Medium,54.27
CUST-04443,22,Female,12,111.02,One year,2,Fiber optic,Electronic check,1332.24,No,0.23129329677754618,23.13,Low,25.68
CUST-04444,34,Female,11,107.59,Month-to-month,3,DSL,Bank transfer,1183.49,Yes,0.7608101879925058,76.08,High,81.86
CUST-04445,54,Female,70,70.3,One year,4,DSL,Electronic check,4921.0,No,0.2805731773967748,28.06,Low,19.72
CUST-04446,53,Female,12,108.77,Month-to-month,4,Fiber optic,Electronic check,1305.24,Yes,0.7205050000484727,72.05,High,78.37
CUST-04447,71,Female,41,136.66,Month-to-month,2,DSL,Bank transfer,5603.06,No,0.5842628692684838,58.43,Medium,79.85
CUST-04448,36,Female,25,63.23,Month-to-month,1,Fiber optic,Mailed check,1580.75,Yes,0.6073747833686095,60.74,Medium,38.4
CUST-04449,44,Male,3,142.84,Month-to-month,2,No,Mailed check,428.52,No,0.6237164820826872,62.37,Medium,89.09
CUST-04450,70,Female,3,21.77,Two year,3,Fiber optic,Credit card,65.31,No,0.22960386321008788,22.96,Low,5.0
CUST-04451,51,Female,28,65.38,One year,4,DSL,Credit card,1830.64,Yes,0.5370596517281842,53.71,Medium,35.11
CUST-04452,28,Male,23,37.17,Two year,2,DSL,Mailed check,854.91,No,0.30122350261705144,30.12,Low,11.2
CUST-04453,71,Female,48,36.46,Month-to-month,1,DSL,Credit card,1750.08,No,0.4839105501950296,48.39,Medium,17.64
CUST-04454,62,Female,67,126.01,One year,3,Fiber optic,Mailed check,8442.67,No,0.2912136602348929,29.12,Low,36.7
CUST-04455,64,Male,42,139.39,One year,4,Fiber optic,Credit card,5854.38,No,0.433476634778702,43.35,Medium,60.42
CUST-04456,29,Female,40,121.11,Month-to-month,1,Fiber optic,Mailed check,4844.4,Yes,0.5893637058708927,58.94,Medium,71.38
CUST-04457,71,Female,6,146.96,One year,0,DSL,Bank transfer,881.76,No,0.33898534430760385,33.9,Low,49.82
CUST-04458,38,Female,20,48.12,One year,3,DSL,Credit card,962.4,No,0.4441258854388276,44.41,Medium,21.37
CUST-04459,71,Female,11,38.3,Month-to-month,4,No,Bank transfer,421.3,Yes,0.8081140521775615,80.81,High,30.95
CUST-04460,28,Female,27,87.69,One year,1,DSL,Bank transfer,2367.63,No,0.23307689516029378,23.31,Low,20.44
CUST-04461,56,Female,21,127.77,Month-to-month,3,Fiber optic,Bank transfer,2683.17,No,0.6147383084158018,61.47,Medium,78.55
CUST-04462,45,Male,13,25.18,Month-to-month,4,DSL,Bank transfer,327.34,Yes,0.6758054654995035,67.58,Medium,17.02
CUST-04463,22,Female,35,149.42,Month-to-month,1,DSL,Bank transfer,5229.7,Yes,0.6881851859524917,68.82,Medium,102.83
CUST-04464,34,Female,47,98.29,Two year,1,No,Electronic check,4619.63,No,0.20526284332624703,20.53,Low,20.18
CUST-04465,73,Male,28,147.26,Month-to-month,3,DSL,Bank transfer,4123.28,No,0.5232969348591664,52.33,Medium,77.06
CUST-04466,37,Male,21,67.46,Month-to-month,3,Fiber optic,Credit card,1416.66,No,0.48182549664529395,48.18,Medium,32.5
CUST-04467,58,Female,18,79.54,One year,1,Fiber optic,Bank transfer,1431.72,No,0.284371083096533,28.44,Low,22.62
CUST-04468,63,Male,31,117.81,One year,6,Fiber optic,Credit card,3652.11,Yes,0.6845226147776458,68.45,Medium,80.64
CUST-04469,75,Female,60,123.05,One year,2,No,Bank transfer,7383.0,No,0.3433728866771471,34.34,Low,42.25
CUST-04470,29,Female,37,50.29,Month-to-month,5,DSL,Credit card,1860.73,Yes,0.6881647176742908,68.82,Medium,34.61
CUST-04471,23,Male,21,140.87,One year,3,DSL,Bank transfer,2958.27,No,0.2929047918322756,29.29,Low,41.26
CUST-04472,34,Female,14,132.77,Month-to-month,2,DSL,Mailed check,1858.78,Yes,0.6498726223970701,64.99,Medium,86.28
CUST-04473,68,Female,60,22.37,Month-to-month,3,Fiber optic,Electronic check,1342.2,No,0.5193207731436325,51.93,Medium,11.62
CUST-04474,36,Male,23,36.71,One year,3,Fiber optic,Credit card,844.33,No,0.31806206739717396,31.81,Low,11.68
CUST-04475,43,Male,29,84.49,One year,4,No,Credit card,2450.21,No,0.36672755515176203,36.67,Low,30.98
CUST-04476,65,Male,47,79.92,Two year,6,DSL,Bank transfer,3756.24,No,0.3846746803477515,38.47,Low,30.74
CUST-04477,61,Male,30,112.09,One year,1,Fiber optic,Credit card,3362.7,No,0.2977438715362839,29.77,Low,33.37
CUST-04478,61,Female,38,31.66,One year,6,DSL,Bank transfer,1203.08,No,0.3185482062811865,31.85,Low,10.09
CUST-04479,69,Male,27,103.83,Month-to-month,5,DSL,Electronic check,2803.41,Yes,0.7434504504220746,74.35,High,77.19
CUST-04480,49,Male,15,100.13,Month-to-month,2,Fiber optic,Mailed check,1501.95,No,0.5202636758419212,52.03,Medium,52.09
CUST-04481,23,Male,59,50.37,Two year,2,No,Mailed check,2971.83,Yes,0.6484093944509499,64.84,Medium,32.66
CUST-04482,72,Male,3,90.51,Month-to-month,3,DSL,Electronic check,271.53,No,0.5891185673008027,58.91,Medium,53.32
CUST-04483,75,Male,10,48.89,One year,5,DSL,Bank transfer,488.9,Yes,0.8034467278978306,80.34,High,39.28
CUST-04484,53,Female,17,39.1,One year,3,Fiber optic,Bank transfer,664.7,No,0.3449550281156472,34.5,Low,13.49
CUST-04485,55,Male,11,94.51,Month-to-month,2,Fiber optic,Electronic check,1039.61,Yes,0.6641475732627349,66.41,Medium,62.77
CUST-04486,28,Female,48,147.07,Two year,3,No,Credit card,7059.36,No,0.3314310846091933,33.14,Low,48.74
CUST-04487,50,Male,5,50.8,One year,0,DSL,Credit card,254.0,Yes,0.6207300978472364,62.07,Medium,31.53
CUST-04488,41,Male,69,66.19,One year,2,Fiber optic,Credit card,4567.11,No,0.2843505143044785,28.44,Low,18.82
CUST-04489,40,Male,64,53.35,Month-to-month,3,Fiber optic,Electronic check,3414.4,No,0.4320209042891034,43.2,Medium,23.05
CUST-04490,32,Male,14,54.64,Month-to-month,3,Fiber optic,Mailed check,764.96,No,0.4347775775386926,43.48,Medium,23.76
CUST-04491,44,Male,50,72.54,Month-to-month,2,DSL,Mailed check,3627.0,Yes,0.6082396327853413,60.82,Medium,44.12
CUST-04492,28,Male,26,111.24,One year,2,DSL,Mailed check,2892.24,No,0.37270313940488914,37.27,Low,41.46
CUST-04493,74,Male,72,25.04,One year,2,No,Bank transfer,1802.88,No,0.3493198355157433,34.93,Low,8.75
CUST-04494,68,Male,69,144.43,Month-to-month,2,Fiber optic,Electronic check,9965.67,Yes,0.6470664936881486,64.71,Medium,93.46
CUST-04495,67,Female,7,26.02,One year,1,DSL,Credit card,182.14,No,0.4200236030283789,42.0,Medium,10.93
CUST-04496,34,Male,16,134.56,Month-to-month,1,Fiber optic,Mailed check,2152.96,Yes,0.6053444213861312,60.53,Medium,81.46
CUST-04497,68,Female,55,136.27,Two year,2,Fiber optic,Mailed check,7494.85,Yes,0.6745351040100694,67.45,Medium,91.92
CUST-04498,70,Male,56,88.18,Month-to-month,4,Fiber optic,Mailed check,4938.08,Yes,0.7022919004343923,70.23,High,61.93
CUST-04499,31,Female,4,37.81,Month-to-month,6,Fiber optic,Bank transfer,151.24,Yes,0.8879861672510623,88.8,High,33.57
CUST-04500,44,Male,48,93.47,Month-to-month,4,Fiber optic,Bank transfer,4486.56,No,0.5335468301910932,53.35,Medium,49.87
CUST-04501,35,Male,17,101.72,Two year,3,DSL,Credit card,1729.24,No,0.2766854376874442,27.67,Low,28.14
CUST-04502,45,Male,36,131.51,Month-to-month,0,No,Mailed check,4734.36,No,0.4459392704204719,44.59,Medium,58.65
CUST-04503,68,Female,70,91.62,Month-to-month,3,Fiber optic,Mailed check,6413.4,No,0.46715279098958573,46.72,Medium,42.8
CUST-04504,64,Female,38,73.39,Month-to-month,3,No,Mailed check,2788.82,Yes,0.6247875627142697,62.48,Medium,45.85
CUST-04505,64,Female,62,128.98,Month-to-month,1,Fiber optic,Bank transfer,7996.76,Yes,0.6298884436178426,62.99,Medium,81.24
CUST-04506,21,Female,48,147.52,Two year,4,Fiber optic,Credit card,7080.96,Yes,0.7169895433193673,71.7,High,105.77
CUST-04507,24,Male,10,103.86,One year,3,DSL,Electronic check,1038.6,No,0.28072460845533015,28.07,Low,29.16
CUST-04508,62,Male,36,133.67,Month-to-month,2,Fiber optic,Bank transfer,4812.12,No,0.579479428227009,57.95,Medium,77.46
CUST-04509,52,Male,29,97.84,Month-to-month,2,Fiber optic,Mailed check,2837.36,Yes,0.5314635419481235,53.15,Medium,52.0
CUST-04510,65,Female,4,109.67,Month-to-month,4,DSL,Credit card,438.68,No,0.6619213487351663,66.19,Medium,72.59
CUST-04511,26,Male,44,109.46,Two year,4,Fiber optic,Credit card,4816.24,Yes,0.5098150416873294,50.98,Medium,55.8
CUST-04512,25,Female,56,111.62,One year,3,DSL,Electronic check,6250.72,No,0.27077871968825956,27.08,Low,30.22
CUST-04513,69,Female,42,61.73,One year,1,Fiber optic,Mailed check,2592.66,No,0.31039114802843154,31.04,Low,19.16
CUST-04514,62,Female,13,94.84,One year,3,No,Bank transfer,1232.92,No,0.4136724017119602,41.37,Medium,39.23
CUST-04515,34,Female,46,97.24,Two year,2,Fiber optic,Bank transfer,4473.04,No,0.25085499804499334,25.09,Low,24.39
CUST-04516,34,Female,33,60.96,Two year,2,DSL,Bank transfer,2011.68,No,0.29597128601317696,29.6,Low,18.04
CUST-04517,66,Male,21,65.48,Month-to-month,3,Fiber optic,Mailed check,1375.08,Yes,0.5326138205218706,53.26,Medium,34.88
CUST-04518,50,Female,57,119.09,Two year,1,Fiber optic,Mailed check,6788.13,No,0.2852600783793292,28.53,Low,33.97
CUST-04519,49,Female,69,95.75,Two year,2,No,Mailed check,6606.75,No,0.25631149689717964,25.63,Low,24.54
CUST-04520,25,Male,70,39.4,Month-to-month,2,DSL,Bank transfer,2758.0,No,0.4793478100196515,47.93,Medium,18.89
CUST-04521,36,Female,67,128.89,Two year,2,Fiber optic,Mailed check,8635.63,No,0.4643795831870739,46.44,Medium,59.85
CUST-04522,55,Female,48,134.8,One year,4,DSL,Mailed check,6470.4,No,0.35290664868031535,35.29,Low,47.57
CUST-04523,20,Male,33,80.6,One year,2,Fiber optic,Mailed check,2659.8,No,0.21198394458653624,21.2,Low,17.09
CUST-04524,22,Male,36,47.16,Month-to-month,3,No,Electronic check,1697.76,Yes,0.5436831857228966,54.37,Medium,25.64
CUST-04525,30,Male,33,143.19,One year,3,No,Electronic check,4725.27,No,0.308900669356437,30.89,Low,44.23
CUST-04526,64,Female,31,134.7,Month-to-month,3,Fiber optic,Mailed check,4175.7,Yes,0.6861953438629764,68.62,Medium,92.43
CUST-04527,63,Male,21,51.77,Two year,0,Fiber optic,Mailed check,1087.17,No,0.15735666526143885,15.74,Low,8.15
CUST-04528,48,Male,27,32.43,Two year,3,No,Bank transfer,875.61,Yes,0.512020316013563,51.2,Medium,16.6
CUST-04529,72,Male,72,77.28,One year,1,Fiber optic,Credit card,5564.16,No,0.26109920038512757,26.11,Low,20.18
CUST-04530,33,Female,62,107.93,Month-to-month,3,DSL,Mailed check,6691.66,Yes,0.6027709220053112,60.28,Medium,65.06
CUST-04531,67,Male,26,42.8,One year,1,No,Bank transfer,1112.8,No,0.27589462423641964,27.59,Low,11.81
CUST-04532,49,Female,66,86.72,Month-to-month,3,Fiber optic,Bank transfer,5723.52,Yes,0.4956751069857332,49.57,Medium,42.98
CUST-04533,39,Female,12,75.3,One year,3,Fiber optic,Credit card,903.6,No,0.3893305464343666,38.93,Low,29.32
CUST-04534,46,Male,22,135.77,One year,4,DSL,Bank transfer,2986.94,Yes,0.5377683335054542,53.78,Medium,73.01
CUST-04535,39,Female,17,75.84,Month-to-month,3,DSL,Credit card,1289.28,No,0.5514109603130138,55.14,Medium,41.82
CUST-04536,60,Female,7,89.39,Month-to-month,5,Fiber optic,Mailed check,625.73,No,0.6154927357549937,61.55,Medium,55.02
CUST-04537,20,Male,68,144.19,One year,3,Fiber optic,Electronic check,9804.92,No,0.2829222620808808,28.29,Low,40.79
CUST-04538,71,Female,37,58.96,Month-to-month,1,Fiber optic,Credit card,2181.52,Yes,0.5824048553415537,58.24,Medium,34.34
CUST-04539,27,Male,38,57.57,Two year,3,Fiber optic,Mailed check,2187.66,No,0.2773933048221205,27.74,Low,15.97
CUST-04540,59,Female,11,123.95,Month-to-month,2,Fiber optic,Mailed check,1363.45,Yes,0.8087544593237687,80.88,High,100.25
CUST-04541,38,Female,1,56.08,Month-to-month,5,Fiber optic,Electronic check,56.08,Yes,0.8434563744088228,84.35,High,47.3
CUST-04542,33,Male,25,128.14,One year,2,Fiber optic,Bank transfer,3203.5,No,0.3608600940808357,36.09,Low,46.24
CUST-04543,29,Male,42,32.42,One year,4,No,Credit card,1361.64,No,0.3417548095705584,34.18,Low,11.08
CUST-04544,19,Female,52,34.46,One year,5,DSL,Credit card,1791.92,Yes,0.6134499270487983,61.34,Medium,21.14
CUST-04545,58,Female,24,137.17,One year,0,No,Bank transfer,3292.08,Yes,0.6526384631659874,65.26,Medium,89.52
CUST-04546,41,Male,53,90.31,Month-to-month,1,Fiber optic,Electronic check,4786.43,No,0.406111012914322,40.61,Medium,36.68
CUST-04547,52,Female,56,113.45,One year,4,Fiber optic,Credit card,6353.2,No,0.37498276032139594,37.5,Low,42.54
CUST-04548,73,Female,63,49.29,Month-to-month,2,DSL,Credit card,3105.27,Yes,0.6012761103704143,60.13,Medium,29.64
CUST-04549,47,Female,8,41.62,Month-to-month,1,Fiber optic,Bank transfer,332.96,No,0.5859484941759482,58.59,Medium,24.39
CUST-04550,74,Female,59,128.54,Month-to-month,2,No,Mailed check,7583.86,Yes,0.645498551300344,64.55,Medium,82.97
CUST-04551,47,Male,45,66.62,Month-to-month,0,No,Electronic check,2997.9,No,0.3426505305480711,34.27,Low,22.83
CUST-04552,64,Male,27,79.15,Month-to-month,4,Fiber optic,Mailed check,2137.05,No,0.565534034375471,56.55,Medium,44.76
CUST-04553,52,Male,52,23.64,Month-to-month,2,DSL,Mailed check,1229.28,Yes,0.6390474103035332,63.9,Medium,15.11
CUST-04554,36,Male,18,70.16,Two year,3,Fiber optic,Bank transfer,1262.88,No,0.3494648306642393,34.95,Low,24.52
CUST-04555,67,Male,16,120.16,Month-to-month,1,Fiber optic,Credit card,1922.56,No,0.5433184899373212,54.33,Medium,65.29
CUST-04556,25,Male,66,126.77,Month-to-month,3,DSL,Bank transfer,8366.82,Yes,0.5527134442116552,55.27,Medium,70.07
CUST-04557,43,Female,5,110.84,Two year,0,Fiber optic,Mailed check,554.2,No,0.16960774056483383,16.96,Low,18.8
CUST-04558,66,Male,3,109.98,Month-to-month,1,Fiber optic,Bank transfer,329.94,Yes,0.76977943711592,76.98,High,84.66
CUST-04559,57,Female,70,85.81,Month-to-month,2,Fiber optic,Electronic check,6006.7,Yes,0.5382738567120965,53.83,Medium,46.19
CUST-04560,24,Female,7,89.98,Month-to-month,1,DSL,Mailed check,629.86,Yes,0.7857885855375071,78.58,High,70.71
CUST-04561,47,Female,50,116.54,Month-to-month,3,DSL,Mailed check,5827.0,No,0.6218253717897895,62.18,Medium,72.47
CUST-04562,24,Male,14,52.15,Month-to-month,2,Fiber optic,Electronic check,730.1,No,0.3647885993859628,36.48,Low,19.02
CUST-04563,20,Female,38,50.1,Month-to-month,0,No,Bank transfer,1903.8,No,0.4180719564157528,41.81,Medium,20.95
CUST-04564,18,Male,47,143.49,Two year,2,No,Bank transfer,6744.03,No,0.21482295118640102,21.48,Low,30.82
CUST-04565,53,Female,33,23.6,Month-to-month,0,DSL,Bank transfer,778.8,No,0.4228293756625213,42.28,Medium,9.98
CUST-04566,42,Female,43,38.13,Month-to-month,2,Fiber optic,Credit card,1639.59,No,0.42860799552569584,42.86,Medium,16.34
CUST-04567,54,Male,29,94.14,One year,4,Fiber optic,Mailed check,2730.06,No,0.3107415651667157,31.07,Low,29.25
CUST-04568,18,Female,57,115.92,Month-to-month,5,Fiber optic,Electronic check,6607.44,Yes,0.6059187850292115,60.59,Medium,70.24
CUST-04569,32,Female,5,89.93,Month-to-month,2,DSL,Mailed check,449.65,No,0.6697520494014422,66.98,Medium,60.23
CUST-04570,54,Female,60,66.16,Two year,1,Fiber optic,Credit card,3969.6,No,0.2327177537993692,23.27,Low,15.4
CUST-04571,30,Female,70,147.14,Two year,1,DSL,Mailed check,10299.8,No,0.24606570622977492,24.61,Low,36.21
CUST-04572,57,Male,2,111.5,One year,5,Fiber optic,Electronic check,223.0,No,0.48607795794996417,48.61,Medium,54.2
CUST-04573,25,Female,70,128.08,Month-to-month,2,Fiber optic,Electronic check,8965.6,Yes,0.5686938758976694,56.87,Medium,72.84
CUST-04574,22,Female,43,25.23,Two year,2,Fiber optic,Mailed check,1084.89,No,0.21390597221925214,21.39,Low,5.4
CUST-04575,26,Male,4,50.67,Month-to-month,4,Fiber optic,Credit card,202.68,Yes,0.8332293112505619,83.32,High,42.22
CUST-04576,18,Female,56,68.64,Month-to-month,2,Fiber optic,Mailed check,3843.84,No,0.4451111808956339,44.51,Medium,30.55
CUST-04577,53,Female,59,43.74,Month-to-month,2,DSL,Credit card,2580.66,No,0.4904647276537949,49.05,Medium,21.45
CUST-04578,52,Female,9,29.48,One year,7,Fiber optic,Bank transfer,265.32,Yes,0.7613434336189212,76.13,High,22.44
CUST-04579,19,Female,3,49.26,Month-to-month,2,No,Electronic check,147.78,No,0.35314017786487656,35.31,Low,17.4
CUST-04580,57,Male,48,89.37,One year,6,Fiber optic,Mailed check,4289.76,No,0.31390413339023476,31.39,Low,28.05
CUST-04581,40,Female,43,110.45,Two year,3,Fiber optic,Electronic check,4749.35,No,0.29986613940579904,29.99,Low,33.12
CUST-04582,26,Male,1,120.62,Month-to-month,4,DSL,Electronic check,120.62,Yes,0.8342464683014087,83.42,High,100.63
CUST-04583,51,Female,57,25.58,One year,1,Fiber optic,Mailed check,1458.06,No,0.24227739209181956,24.23,Low,6.2
CUST-04584,63,Female,53,75.64,Month-to-month,1,DSL,Bank transfer,4008.92,No,0.4664540538529016,46.65,Medium,35.28
CUST-04585,31,Female,16,35.89,Month-to-month,2,Fiber optic,Electronic check,574.24,No,0.45710426007978205,45.71,Medium,16.41
CUST-04586,21,Male,51,76.06,Month-to-month,2,Fiber optic,Electronic check,3879.06,No,0.4001390339297806,40.01,Medium,30.43
CUST-04587,47,Female,55,76.42,One year,2,Fiber optic,Credit card,4203.1,No,0.3505588009661225,35.06,Low,26.79
CUST-04588,48,Female,1,84.77,Month-to-month,2,Fiber optic,Credit card,84.77,Yes,0.675921056747496,67.59,Medium,57.3
CUST-04589,55,Male,28,136.07,Two year,0,Fiber optic,Bank transfer,3809.96,No,0.20646248019514313,20.65,Low,28.09
CUST-04590,28,Male,53,124.66,Two year,3,Fiber optic,Mailed check,6606.98,No,0.3401131826385309,34.01,Low,42.4
CUST-04591,52,Male,58,102.77,Two year,3,DSL,Electronic check,5960.66,Yes,0.5055386686148978,50.55,Medium,51.95
CUST-04592,25,Male,60,135.1,Month-to-month,2,Fiber optic,Bank transfer,8106.0,No,0.4353796213395031,43.54,Medium,58.82
CUST-04593,20,Female,59,108.2,Month-to-month,3,DSL,Mailed check,6383.8,No,0.4953540583627385,49.54,Medium,53.6
CUST-04594,31,Female,22,126.45,Month-to-month,2,DSL,Credit card,2781.9,Yes,0.6658624736543902,66.59,Medium,84.2
CUST-04595,30,Female,8,93.29,One year,3,Fiber optic,Electronic check,746.32,Yes,0.6768589430606166,67.69,Medium,63.14
CUST-04596,62,Female,49,88.28,Two year,5,Fiber optic,Electronic check,4325.72,Yes,0.4923148821010553,49.23,Medium,43.46
CUST-04597,49,Male,42,114.13,One year,2,DSL,Mailed check,4793.46,No,0.39079798150260747,39.08,Low,44.6
CUST-04598,51,Female,27,22.56,One year,1,DSL,Bank transfer,609.12,No,0.24907639596161885,24.91,Low,5.62
CUST-04599,62,Female,39,109.75,Month-to-month,0,DSL,Electronic check,4280.25,Yes,0.6217069738260476,62.17,Medium,68.23
CUST-04600,36,Female,25,141.49,Two year,1,Fiber optic,Electronic check,3537.25,No,0.2680231394829178,26.8,Low,37.92
CUST-04601,55,Female,38,112.81,Month-to-month,0,Fiber optic,Credit card,4286.78,Yes,0.5940317455758979,59.4,Medium,67.01
CUST-04602,33,Male,24,24.78,Month-to-month,3,Fiber optic,Bank transfer,594.72,No,0.4649252443915383,46.49,Medium,11.52
CUST-04603,19,Female,24,69.13,Two year,2,Fiber optic,Credit card,1659.12,No,0.23042291749609534,23.04,Low,15.93
CUST-04604,57,Female,60,125.25,One year,1,No,Mailed check,7515.0,No,0.20970727286369742,20.97,Low,26.27
CUST-04605,34,Female,50,144.62,Month-to-month,2,No,Mailed check,7231.0,No,0.5047083793565234,50.47,Medium,72.99
CUST-04606,72,Male,66,68.12,Month-to-month,6,No,Bank transfer,4495.92,Yes,0.7877256190835548,78.77,High,53.66
CUST-04607,51,Male,14,129.36,Month-to-month,3,Fiber optic,Credit card,1811.04,Yes,0.6296639152390504,62.97,Medium,81.45
CUST-04608,59,Female,53,132.3,One year,2,DSL,Mailed check,7011.9,No,0.4016761586493329,40.17,Medium,53.14
CUST-04609,33,Female,32,36.03,Month-to-month,0,DSL,Bank transfer,1152.96,Yes,0.5941610940601203,59.42,Medium,21.41
CUST-04610,55,Female,48,129.95,Two year,5,Fiber optic,Mailed check,6237.6,No,0.36025351912827486,36.03,Low,46.81
CUST-04611,19,Male,39,62.15,Month-to-month,2,Fiber optic,Electronic check,2423.85,No,0.3412026700059221,34.12,Low,21.21
CUST-04612,19,Female,40,97.12,Month-to-month,0,Fiber optic,Electronic check,3884.8,No,0.3715561193269602,37.16,Low,36.09
CUST-04613,43,Female,42,90.07,Month-to-month,1,DSL,Bank transfer,3782.94,No,0.4732471484279781,47.32,Medium,42.63
CUST-04614,30,Female,8,106.2,Month-to-month,4,Fiber optic,Mailed check,849.6,Yes,0.8166570073403444,81.67,High,86.73
CUST-04615,73,Male,26,116.26,One year,3,Fiber optic,Bank transfer,3022.76,No,0.35057927749601364,35.06,Low,40.76
CUST-04616,64,Female,12,77.31,One year,2,DSL,Bank transfer,927.72,Yes,0.5698915745827324,56.99,Medium,44.06
CUST-04617,48,Female,43,135.48,Month-to-month,0,Fiber optic,Bank transfer,5825.64,No,0.48343013013194935,48.34,Medium,65.5
CUST-04618,51,Male,51,125.23,Month-to-month,0,No,Electronic check,6386.73,No,0.356508140749879,35.65,Low,44.65
CUST-04619,56,Male,63,122.1,Two year,0,Fiber optic,Bank transfer,7692.3,No,0.22187953944404357,22.19,Low,27.09
CUST-04620,20,Female,49,79.57,Month-to-month,2,Fiber optic,Electronic check,3898.93,No,0.3773900491825949,37.74,Low,30.03
CUST-04621,25,Male,27,24.88,Month-to-month,2,DSL,Electronic check,671.76,No,0.37943752192489405,37.94,Low,9.44
CUST-04622,40,Female,9,83.99,Month-to-month,2,DSL,Mailed check,755.91,Yes,0.6779764204884908,67.8,Medium,56.94
CUST-04623,31,Male,39,136.8,One year,7,Fiber optic,Bank transfer,5335.2,No,0.4482311415829663,44.82,Medium,61.32
CUST-04624,73,Male,65,44.76,Month-to-month,4,Fiber optic,Mailed check,2909.4,Yes,0.6884749017891925,68.85,Medium,30.82
CUST-04625,72,Female,71,147.74,Month-to-month,3,No,Electronic check,10489.54,No,0.40660098846161563,40.66,Medium,60.07
CUST-04626,44,Female,71,125.0,One year,1,Fiber optic,Bank transfer,8875.0,No,0.38892504870795175,38.89,Low,48.62
CUST-04627,71,Female,7,112.28,Two year,4,Fiber optic,Electronic check,785.96,Yes,0.7618632469936405,76.19,High,85.54
CUST-04628,46,Male,72,108.03,Month-to-month,3,Fiber optic,Bank transfer,7778.16,No,0.48508278479162376,48.51,Medium,52.4
CUST-04629,56,Female,67,96.31,Month-to-month,4,DSL,Bank transfer,6452.77,No,0.5296865168577406,52.97,Medium,51.01
CUST-04630,70,Female,10,113.69,Month-to-month,3,DSL,Credit card,1136.9,Yes,0.753528494947868,75.35,High,85.67
CUST-04631,56,Female,71,74.85,Month-to-month,2,Fiber optic,Mailed check,5314.35,No,0.4532133676375709,45.32,Medium,33.92
CUST-04632,18,Female,53,129.89,Month-to-month,2,Fiber optic,Credit card,6884.17,No,0.4273050266351178,42.73,Medium,55.5
CUST-04633,34,Female,57,110.52,One year,4,No,Bank transfer,6299.64,No,0.3176790809533879,31.77,Low,35.11
CUST-04634,58,Male,27,120.26,Two year,1,Fiber optic,Credit card,3247.02,No,0.3441026008199231,34.41,Low,41.38
CUST-04635,47,Female,54,123.02,Two year,3,No,Electronic check,6643.08,No,0.21278669005222392,21.28,Low,26.18
CUST-04636,70,Female,4,31.97,Month-to-month,2,DSL,Bank transfer,127.88,No,0.5263033626139186,52.63,Medium,16.83
CUST-04637,30,Male,23,27.23,One year,4,DSL,Bank transfer,626.29,Yes,0.4851443261110368,48.51,Medium,13.21
CUST-04638,38,Female,48,124.13,Month-to-month,4,Fiber optic,Bank transfer,5958.24,Yes,0.6109867180873382,61.1,Medium,75.84
CUST-04639,36,Female,42,53.72,Month-to-month,1,Fiber optic,Credit card,2256.24,No,0.4272762432731637,42.73,Medium,22.95
CUST-04640,70,Female,3,95.66,Two year,5,DSL,Mailed check,286.98,No,0.25452773746439195,25.45,Low,24.35
CUST-04641,36,Female,3,77.68,Two year,3,Fiber optic,Mailed check,233.04,No,0.276796359060321,27.68,Low,21.5
CUST-04642,74,Female,28,22.87,Month-to-month,2,Fiber optic,Mailed check,640.36,No,0.49887054396335695,49.89,Medium,11.41
CUST-04643,42,Male,63,25.24,Month-to-month,1,Fiber optic,Credit card,1590.12,No,0.39229617632051,39.23,Low,9.9
CUST-04644,39,Male,31,127.53,Month-to-month,5,Fiber optic,Electronic check,3953.43,Yes,0.604373255563238,60.44,Medium,77.08
CUST-04645,48,Male,10,99.0,One year,1,Fiber optic,Credit card,990.0,Yes,0.5394351289076333,53.94,Medium,53.4
CUST-04646,34,Female,49,88.1,Two year,3,Fiber optic,Mailed check,4316.9,No,0.2932438075571856,29.32,Low,25.83
CUST-04647,72,Male,21,142.77,Month-to-month,6,No,Credit card,2998.17,No,0.41563655306689157,41.56,Medium,59.34
CUST-04648,40,Female,53,42.5,Month-to-month,4,Fiber optic,Electronic check,2252.5,Yes,0.5839637424826756,58.4,Medium,24.82
CUST-04649,49,Female,54,53.54,Month-to-month,4,DSL,Bank transfer,2891.16,No,0.5849463566306543,58.49,Medium,31.32
CUST-04650,27,Female,57,118.38,Month-to-month,1,Fiber optic,Bank transfer,6747.66,No,0.44179138094240955,44.18,Medium,52.3
CUST-04651,27,Male,20,120.78,One year,3,Fiber optic,Mailed check,2415.6,Yes,0.5568113891873954,55.68,Medium,67.25
CUST-04652,53,Male,49,72.64,Two year,3,DSL,Mailed check,3559.36,No,0.36256776751693803,36.26,Low,26.34
CUST-04653,25,Male,7,143.63,Month-to-month,2,DSL,Electronic check,1005.41,No,0.5668619547680268,56.69,Medium,81.42
CUST-04654,71,Female,29,141.97,Month-to-month,0,DSL,Credit card,4117.13,No,0.3879661748383204,38.8,Low,55.08
CUST-04655,69,Male,48,21.61,Month-to-month,2,DSL,Electronic check,1037.28,No,0.5230060960848558,52.3,Medium,11.3
CUST-04656,37,Female,13,42.4,Month-to-month,4,Fiber optic,Electronic check,551.2,Yes,0.6525958350676843,65.26,Medium,27.67
CUST-04657,49,Male,3,126.63,Month-to-month,2,Fiber optic,Bank transfer,379.89,No,0.7490910599524384,74.91,High,94.86
CUST-04658,67,Male,2,63.58,Month-to-month,4,Fiber optic,Credit card,127.16,Yes,0.8527470146682797,85.27,High,54.22
CUST-04659,31,Female,16,32.41,Month-to-month,2,Fiber optic,Bank transfer,518.56,Yes,0.5298450692412249,52.98,Medium,17.17
CUST-04660,67,Female,6,122.05,Month-to-month,1,Fiber optic,Bank transfer,732.3,No,0.6925626644096332,69.26,Medium,84.53
CUST-04661,45,Male,45,79.1,One year,5,DSL,Electronic check,3559.5,No,0.281231809487148,28.12,Low,22.25
CUST-04662,63,Male,71,84.01,Month-to-month,2,Fiber optic,Bank transfer,5964.71,No,0.44928300597634624,44.93,Medium,37.74
CUST-04663,69,Male,5,44.23,One year,4,Fiber optic,Mailed check,221.15,No,0.4127987063657935,41.28,Medium,18.26
CUST-04664,70,Female,56,105.92,One year,1,No,Mailed check,5931.52,No,0.24733345789534097,24.73,Low,26.2
CUST-04665,41,Female,71,91.66,Two year,3,Fiber optic,Bank transfer,6507.86,No,0.2833468784676011,28.33,Low,25.97
CUST-04666,32,Male,32,46.87,Month-to-month,1,Fiber optic,Bank transfer,1499.84,Yes,0.48805763701290755,48.81,Medium,22.88
CUST-04667,39,Male,49,64.24,One year,4,Fiber optic,Credit card,3147.76,Yes,0.45126422087749546,45.13,Medium,28.99
CUST-04668,47,Female,13,97.59,Month-to-month,2,Fiber optic,Mailed check,1268.67,No,0.6029906133024368,60.3,Medium,58.85
CUST-04669,21,Male,30,140.23,Two year,3,No,Credit card,4206.9,No,0.1959768363765432,19.6,Low,27.48
CUST-04670,30,Female,25,139.65,One year,1,Fiber optic,Bank transfer,3491.25,No,0.42768274499765746,42.77,Medium,59.73
CUST-04671,40,Female,60,57.43,Month-to-month,2,Fiber optic,Mailed check,3445.8,Yes,0.5741670506460079,57.42,Medium,32.97
CUST-04672,25,Female,59,115.63,Month-to-month,2,Fiber optic,Electronic check,6822.17,No,0.41984689745728104,41.98,Medium,48.55
CUST-04673,35,Female,28,120.82,Two year,1,No,Electronic check,3382.96,Yes,0.6362527324544449,63.63,Medium,76.87
CUST-04674,29,Female,58,125.15,Two year,2,No,Bank transfer,7258.7,No,0.2979877266983948,29.8,Low,37.29
CUST-04675,72,Female,20,94.2,Two year,4,No,Credit card,1884.0,No,0.22105196778685085,22.11,Low,20.82
CUST-04676,48,Male,34,21.37,Two year,3,DSL,Electronic check,726.58,Yes,0.5875738661628392,58.76,Medium,12.56
CUST-04677,31,Female,5,119.02,Two year,3,Fiber optic,Electronic check,595.1,Yes,0.6725946097621693,67.26,Medium,80.05
CUST-04678,51,Female,60,33.86,One year,2,Fiber optic,Mailed check,2031.6,No,0.31138484624061363,31.14,Low,10.54
CUST-04679,35,Male,43,35.19,Month-to-month,1,Fiber optic,Credit card,1513.17,No,0.3959222656280535,39.59,Low,13.93
CUST-04680,73,Female,57,98.73,Month-to-month,4,DSL,Credit card,5627.61,Yes,0.6880500567875653,68.81,Medium,67.93
CUST-04681,51,Male,57,147.86,One year,1,Fiber optic,Electronic check,8428.02,No,0.3150461055840535,31.5,Low,46.58
CUST-04682,28,Female,54,51.53,Month-to-month,2,Fiber optic,Bank transfer,2782.62,No,0.43206178262399003,43.21,Medium,22.26
CUST-04683,58,Male,45,103.96,One year,4,Fiber optic,Electronic check,4678.2,No,0.36167426710466233,36.17,Low,37.6
CUST-04684,29,Male,37,59.47,Month-to-month,5,Fiber optic,Credit card,2200.39,Yes,0.6155494859041738,61.55,Medium,36.61
CUST-04685,66,Female,48,136.83,One year,5,Fiber optic,Mailed check,6567.84,No,0.3201671300290895,32.02,Low,43.81
CUST-04686,32,Female,54,97.16,Month-to-month,4,Fiber optic,Credit card,5246.64,No,0.4317568551386115,43.18,Medium,41.95
CUST-04687,74,Female,48,46.97,Month-to-month,2,Fiber optic,Mailed check,2254.56,No,0.5091845536474389,50.92,Medium,23.92
CUST-04688,48,Female,6,54.08,Month-to-month,3,Fiber optic,Mailed check,324.48,Yes,0.6732133982003596,67.32,Medium,36.41
CUST-04689,66,Male,34,76.22,Month-to-month,4,DSL,Mailed check,2591.48,No,0.6073308456844091,60.73,Medium,46.29
CUST-04690,75,Male,63,35.87,Two year,1,Fiber optic,Credit card,2259.81,Yes,0.5894917333644385,58.95,Medium,21.15
CUST-04691,46,Male,48,30.24,Month-to-month,2,DSL,Credit card,1451.52,No,0.488021932264182,48.8,Medium,14.76
CUST-04692,43,Female,23,108.41,Two year,3,DSL,Bank transfer,2493.43,No,0.32392571442256013,32.39,Low,35.12
CUST-04693,35,Male,13,72.93,Month-to-month,0,Fiber optic,Electronic check,948.09,No,0.3508244405869483,35.08,Low,25.59
CUST-04694,49,Female,47,114.41,Month-to-month,1,DSL,Credit card,5377.27,Yes,0.6309772271557954,63.1,Medium,72.19
CUST-04695,39,Female,44,34.31,Month-to-month,3,No,Mailed check,1509.64,No,0.5119339446684725,51.19,Medium,17.56
CUST-04696,55,Male,32,99.28,Month-to-month,3,Fiber optic,Credit card,3176.96,No,0.446565463171814,44.66,Medium,44.34
CUST-04697,34,Female,26,77.63,Month-to-month,2,Fiber optic,Credit card,2018.38,Yes,0.5307785530020909,53.08,Medium,41.2
CUST-04698,40,Male,53,27.54,Month-to-month,3,DSL,Electronic check,1459.62,No,0.4508311905198544,45.08,Medium,12.42
CUST-04699,41,Female,14,90.82,Two year,7,DSL,Credit card,1271.48,Yes,0.7368790896639301,73.69,High,66.92
CUST-04700,67,Male,52,30.76,Two year,2,Fiber optic,Mailed check,1599.52,No,0.23845963066979195,23.85,Low,7.34
CUST-04701,25,Female,36,127.6,Two year,3,No,Electronic check,4593.6,Yes,0.5966223812289209,59.66,Medium,76.13
CUST-04702,58,Male,8,102.15,Two year,0,DSL,Bank transfer,817.2,No,0.18517293080471667,18.52,Low,18.92
CUST-04703,23,Male,40,92.41,Month-to-month,4,Fiber optic,Mailed check,3696.4,Yes,0.5423170439961414,54.23,Medium,50.12
CUST-04704,22,Female,22,37.35,Month-to-month,5,DSL,Mailed check,821.7,No,0.5299389336981905,52.99,Medium,19.79
CUST-04705,61,Female,16,57.37,Month-to-month,4,Fiber optic,Credit card,917.92,No,0.52331788879454,52.33,Medium,30.02
CUST-04706,74,Male,60,84.07,Month-to-month,6,Fiber optic,Bank transfer,5044.2,No,0.6811634134050099,68.12,Medium,57.27
CUST-04707,46,Female,60,102.33,One year,3,DSL,Electronic check,6139.8,No,0.25716314725338674,25.72,Low,26.32
CUST-04708,45,Female,10,43.82,Two year,2,Fiber optic,Bank transfer,438.2,Yes,0.48626237769105396,48.63,Medium,21.31
CUST-04709,28,Female,25,21.15,One year,1,No,Credit card,528.75,No,0.23304175191859847,23.3,Low,4.93
CUST-04710,74,Male,31,64.82,Two year,4,Fiber optic,Bank transfer,2009.42,Yes,0.6437688894061168,64.38,Medium,41.73
CUST-04711,18,Male,21,82.77,Month-to-month,3,DSL,Mailed check,1738.17,No,0.4522019395051846,45.22,Medium,37.43
CUST-04712,60,Female,33,43.98,Month-to-month,4,DSL,Mailed check,1451.34,No,0.5452921166979123,54.53,Medium,23.98
CUST-04713,36,Female,31,83.98,Month-to-month,3,No,Bank transfer,2603.38,Yes,0.5731037379005983,57.31,Medium,48.13
CUST-04714,26,Male,21,64.0,Two year,5,Fiber optic,Bank transfer,1344.0,No,0.31476412605549525,31.48,Low,20.14
CUST-04715,44,Female,36,79.16,Two year,1,Fiber optic,Mailed check,2849.76,No,0.23340726161595257,23.34,Low,18.48
CUST-04716,51,Male,65,65.17,One year,6,DSL,Bank transfer,4236.05,No,0.35892313020112165,35.89,Low,23.39
CUST-04717,61,Female,4,101.7,Month-to-month,1,No,Mailed check,406.8,Yes,0.7714090062713594,77.14,High,78.45
CUST-04718,21,Female,68,25.58,Month-to-month,5,Fiber optic,Bank transfer,1739.44,Yes,0.6705220270423495,67.05,Medium,17.15
CUST-04719,53,Female,4,42.22,Month-to-month,1,DSL,Electronic check,168.88,No,0.5083169501138733,50.83,Medium,21.46
CUST-04720,35,Male,9,76.26,Two year,4,DSL,Electronic check,686.34,No,0.29715271933024223,29.72,Low,22.66
CUST-04721,32,Male,30,66.32,Month-to-month,1,No,Credit card,1989.6,No,0.43229215432906365,43.23,Medium,28.67
CUST-04722,68,Male,45,70.91,Month-to-month,1,Fiber optic,Mailed check,3190.95,No,0.4106955546446343,41.07,Medium,29.12
CUST-04723,30,Male,4,124.49,Month-to-month,4,DSL,Electronic check,497.96,Yes,0.843460157248716,84.35,High,105.0
CUST-04724,36,Female,69,135.22,Two year,2,Fiber optic,Mailed check,9330.18,Yes,0.6728435828441551,67.28,Medium,90.98
CUST-04725,66,Female,23,52.33,Month-to-month,1,Fiber optic,Electronic check,1203.59,No,0.4755107561110696,47.55,Medium,24.88
CUST-04726,23,Male,16,128.73,One year,2,Fiber optic,Credit card,2059.68,No,0.2965341483988167,29.65,Low,38.17
CUST-04727,65,Female,22,79.64,Month-to-month,2,DSL,Mailed check,1752.08,No,0.5691036150242783,56.91,Medium,45.32
CUST-04728,73,Female,72,55.6,Month-to-month,1,Fiber optic,Electronic check,4003.2,No,0.40002223079707677,40.0,Medium,22.24
CUST-04729,29,Male,48,148.11,Month-to-month,1,DSL,Mailed check,7109.28,No,0.4813435931120074,48.13,Medium,71.29
CUST-04730,68,Female,62,127.22,Two year,3,DSL,Credit card,7887.64,No,0.357556536282367,35.76,Low,45.49
CUST-04731,54,Female,60,149.25,Two year,4,DSL,Credit card,8955.0,No,0.3468719992700223,34.69,Low,51.77
CUST-04732,34,Male,5,41.86,Month-to-month,0,DSL,Electronic check,209.3,Yes,0.6801001575691366,68.01,Medium,28.47
CUST-04733,75,Female,7,38.7,Month-to-month,2,DSL,Bank transfer,270.9,No,0.5021259565600303,50.21,Medium,19.43
CUST-04734,40,Female,51,85.44,Two year,1,Fiber optic,Credit card,4357.44,No,0.22729684640547476,22.73,Low,19.42
CUST-04735,43,Female,65,103.02,One year,1,Fiber optic,Bank transfer,6696.3,No,0.22281797090368935,22.28,Low,22.95
CUST-04736,46,Male,9,42.24,Month-to-month,1,DSL,Credit card,380.16,No,0.41773829632550863,41.77,Medium,17.65
CUST-04737,50,Male,45,131.86,Month-to-month,2,Fiber optic,Electronic check,5933.7,Yes,0.5795483386670413,57.95,Medium,76.42
CUST-04738,44,Female,47,89.16,One year,2,Fiber optic,Bank transfer,4190.52,No,0.3270817111732095,32.71,Low,29.16
CUST-04739,42,Female,67,73.42,One year,3,DSL,Mailed check,4919.14,No,0.34482945203767934,34.48,Low,25.32
CUST-04740,73,Female,24,98.27,Two year,4,DSL,Credit card,2358.48,No,0.36548745040455755,36.55,Low,35.92
CUST-04741,72,Male,10,102.54,Two year,2,Fiber optic,Electronic check,1025.4,Yes,0.6666713242954841,66.67,Medium,68.36
CUST-04742,27,Male,48,25.56,Month-to-month,2,Fiber optic,Mailed check,1226.88,No,0.4565639748985528,45.66,Medium,11.67
CUST-04743,64,Male,35,149.99,One year,3,Fiber optic,Bank transfer,5249.65,Yes,0.578869427516406,57.89,Medium,86.82
CUST-04744,40,Female,54,67.31,Month-to-month,1,Fiber optic,Electronic check,3634.74,No,0.3786489787658655,37.86,Low,25.49
CUST-04745,38,Female,71,28.0,One year,0,DSL,Mailed check,1988.0,No,0.2514607456786536,25.15,Low,7.04
CUST-04746,38,Female,16,130.8,One year,2,Fiber optic,Electronic check,2092.8,No,0.3461347538210123,34.61,Low,45.27
CUST-04747,60,Female,53,149.09,Month-to-month,2,DSL,Bank transfer,7901.77,Yes,0.668450301105807,66.85,Medium,99.66
CUST-04748,30,Female,40,126.13,Two year,2,Fiber optic,Mailed check,5045.2,No,0.3587273297154914,35.87,Low,45.25
CUST-04749,54,Male,20,130.74,One year,3,Fiber optic,Credit card,2614.8,No,0.4225309249150473,42.25,Medium,55.24
CUST-04750,50,Female,69,101.37,Two year,2,Fiber optic,Credit card,6994.53,No,0.2850890337947672,28.51,Low,28.9
CUST-04751,41,Female,45,139.9,Month-to-month,3,Fiber optic,Electronic check,6295.5,Yes,0.6191114806497258,61.91,Medium,86.61
CUST-04752,61,Female,6,24.65,Month-to-month,7,DSL,Credit card,147.9,No,0.5452695780169968,54.53,Medium,13.44
CUST-04753,28,Male,69,119.67,One year,5,Fiber optic,Bank transfer,8257.23,No,0.3459523715427807,34.6,Low,41.4
CUST-04754,34,Female,49,107.19,Two year,1,No,Bank transfer,5252.31,No,0.27571085484200347,27.57,Low,29.55
CUST-04755,21,Male,39,26.45,Month-to-month,2,No,Mailed check,1031.55,No,0.4950441611340359,49.5,Medium,13.09
CUST-04756,64,Male,2,90.72,Month-to-month,5,Fiber optic,Mailed check,181.44,Yes,0.8297471275780541,82.97,High,75.27
CUST-04757,42,Male,39,86.96,Month-to-month,2,DSL,Mailed check,3391.44,Yes,0.6035493329446181,60.35,Medium,52.48
CUST-04758,47,Male,21,109.9,Month-to-month,4,No,Electronic check,2307.9,Yes,0.7031354151089327,70.31,High,77.27
CUST-04759,26,Male,40,30.08,Two year,1,Fiber optic,Electronic check,1203.2,Yes,0.4962606847232809,49.63,Medium,14.93
CUST-04760,38,Female,54,124.69,One year,4,DSL,Bank transfer,6733.26,No,0.4020904738032511,40.21,Medium,50.14
CUST-04761,37,Female,12,38.12,Two year,1,Fiber optic,Bank transfer,457.44,No,0.2923496081313035,29.23,Low,11.14
CUST-04762,36,Male,37,74.43,One year,1,DSL,Electronic check,2753.91,No,0.16497642473206503,16.5,Low,12.28
CUST-04763,36,Male,38,134.57,Month-to-month,2,Fiber optic,Mailed check,5113.66,No,0.5678678648364842,56.79,Medium,76.42
CUST-04764,29,Male,15,92.87,One year,2,Fiber optic,Electronic check,1393.05,No,0.2493161465228502,24.93,Low,23.15
CUST-04765,54,Female,7,69.35,One year,1,No,Mailed check,485.45,No,0.341073556212247,34.11,Low,23.65
CUST-04766,59,Female,50,26.27,Two year,4,Fiber optic,Bank transfer,1313.5,No,0.2885053274350808,28.85,Low,7.58
CUST-04767,34,Male,65,107.4,Month-to-month,2,Fiber optic,Mailed check,6981.0,No,0.4886535112941357,48.87,Medium,52.48
CUST-04768,54,Female,67,148.25,Month-to-month,2,Fiber optic,Electronic check,9932.75,Yes,0.6561127429989966,65.61,Medium,97.27
CUST-04769,71,Female,44,138.53,Month-to-month,2,Fiber optic,Credit card,6095.32,No,0.6135801691574567,61.36,Medium,85.0
CUST-04770,65,Male,31,113.25,One year,2,No,Bank transfer,3510.75,No,0.32547428554643876,32.55,Low,36.86
CUST-04771,56,Male,43,33.69,Month-to-month,1,DSL,Bank transfer,1448.67,No,0.4011247547454739,40.11,Medium,13.51
CUST-04772,45,Female,48,51.13,One year,3,Fiber optic,Electronic check,2454.24,No,0.29085491753063053,29.09,Low,14.87
CUST-04773,58,Female,61,44.29,Two year,3,Fiber optic,Electronic check,2701.69,No,0.21412247155978534,21.41,Low,9.48
CUST-04774,52,Female,10,66.21,Month-to-month,3,Fiber optic,Bank transfer,662.1,Yes,0.682973375956268,68.3,Medium,45.22
CUST-04775,64,Male,29,50.62,One year,3,Fiber optic,Electronic check,1467.98,Yes,0.48594292678416945,48.59,Medium,24.6
CUST-04776,65,Male,48,51.78,Two year,2,DSL,Mailed check,2485.44,No,0.2813088241085417,28.13,Low,14.57
CUST-04777,35,Male,62,100.17,One year,6,Fiber optic,Mailed check,6210.54,Yes,0.5691429334366851,56.91,Medium,57.01
CUST-04778,31,Female,13,61.43,Month-to-month,2,Fiber optic,Mailed check,798.59,Yes,0.6421643459472833,64.22,Medium,39.45
CUST-04779,52,Female,44,108.03,Month-to-month,0,DSL,Credit card,4753.32,No,0.4490154892916462,44.9,Medium,48.51
CUST-04780,61,Male,47,143.23,Month-to-month,8,DSL,Electronic check,6731.81,No,0.42539476915362184,42.54,Medium,60.93
CUST-04781,58,Female,64,103.0,Month-to-month,0,DSL,Mailed check,6592.0,Yes,0.5461261197868021,54.61,Medium,56.25
CUST-04782,24,Male,53,117.72,One year,0,Fiber optic,Bank transfer,6239.16,Yes,0.5316035982416879,53.16,Medium,62.58
CUST-04783,58,Female,44,117.71,Two year,0,Fiber optic,Mailed check,5179.24,No,0.20855963519819126,20.86,Low,24.55
CUST-04784,30,Male,28,62.99,One year,4,No,Mailed check,1763.72,No,0.3502737208976816,35.03,Low,22.06
CUST-04785,35,Female,2,21.94,Month-to-month,3,DSL,Electronic check,43.88,Yes,0.7217128924961126,72.17,High,15.83
CUST-04786,54,Female,57,27.16,Month-to-month,3,Fiber optic,Bank transfer,1548.12,No,0.45163749411275395,45.16,Medium,12.27
CUST-04787,30,Male,57,56.67,Two year,3,Fiber optic,Credit card,3230.19,No,0.23619048869556322,23.62,Low,13.38
CUST-04788,53,Male,34,109.64,Two year,2,Fiber optic,Bank transfer,3727.76,No,0.33254325143273356,33.25,Low,36.46
CUST-04789,48,Male,58,137.87,Month-to-month,3,Fiber optic,Mailed check,7996.46,No,0.5384534465833288,53.85,Medium,74.24
CUST-04790,19,Male,52,144.64,Month-to-month,8,Fiber optic,Credit card,7521.28,Yes,0.730959846080129,73.1,High,105.73
CUST-04791,33,Male,29,23.36,One year,1,DSL,Credit card,677.44,No,0.1895956490298352,18.96,Low,4.43
CUST-04792,26,Female,35,148.71,Month-to-month,2,Fiber optic,Credit card,5204.85,Yes,0.6885570553348896,68.86,Medium,102.4
CUST-04793,26,Male,48,61.92,Month-to-month,4,DSL,Credit card,2972.16,No,0.5719566401391263,57.2,Medium,35.42
CUST-04794,55,Male,33,129.58,Month-to-month,3,Fiber optic,Credit card,4276.14,No,0.5620168791667133,56.2,Medium,72.83
CUST-04795,28,Male,9,43.44,Month-to-month,7,DSL,Electronic check,390.96,No,0.4847230218979194,48.47,Medium,21.06
CUST-04796,71,Male,48,28.18,Month-to-month,5,Fiber optic,Mailed check,1352.64,Yes,0.8018827038314256,80.19,High,22.6
CUST-04797,73,Male,67,69.19,Month-to-month,5,Fiber optic,Credit card,4635.73,Yes,0.7785226724942405,77.85,High,53.87
CUST-04798,39,Female,36,131.66,Month-to-month,5,DSL,Mailed check,4739.76,No,0.5530636095002613,55.31,Medium,72.82
CUST-04799,50,Male,71,48.71,One year,2,DSL,Electronic check,3458.41,No,0.2430890767911963,24.31,Low,11.84
CUST-04800,53,Male,44,40.01,One year,1,DSL,Electronic check,1760.44,No,0.22053876532224062,22.05,Low,8.82
CUST-04801,62,Male,60,138.27,Month-to-month,2,Fiber optic,Electronic check,8296.2,No,0.5510222168433174,55.1,Medium,76.19
CUST-04802,40,Female,63,141.98,Two year,4,Fiber optic,Bank transfer,8944.74,No,0.4177989852898125,41.78,Medium,59.32
CUST-04803,62,Female,5,21.63,Month-to-month,4,No,Bank transfer,108.15,Yes,0.8356995908705647,83.57,High,18.08
CUST-04804,62,Male,40,114.57,Month-to-month,4,DSL,Credit card,4582.8,No,0.6267865844713167,62.68,Medium,71.81
CUST-04805,51,Male,19,60.2,Month-to-month,3,DSL,Electronic check,1143.8,No,0.4240500971163482,42.41,Medium,25.53
CUST-04806,26,Female,47,68.71,One year,3,DSL,Bank transfer,3229.37,Yes,0.4382928960158862,43.83,Medium,30.12
CUST-04807,41,Female,65,80.98,Month-to-month,1,DSL,Electronic check,5263.7,No,0.36053264188065737,36.05,Low,29.2
CUST-04808,25,Female,67,75.48,Month-to-month,0,Fiber optic,Bank transfer,5057.16,No,0.35363423882016176,35.36,Low,26.69
CUST-04809,24,Male,18,86.95,One year,2,No,Electronic check,1565.1,Yes,0.45661182774604164,45.66,Medium,39.7
CUST-04810,53,Male,50,95.71,Month-to-month,2,DSL,Bank transfer,4785.5,No,0.4878003476740534,48.78,Medium,46.69
CUST-04811,35,Female,30,80.53,One year,3,Fiber optic,Mailed check,2415.9,Yes,0.45403215224496707,45.4,Medium,36.56
CUST-04812,20,Male,66,111.2,One year,2,Fiber optic,Credit card,7339.2,No,0.25796014058390443,25.8,Low,28.69
CUST-04813,45,Female,5,113.42,Two year,1,No,Credit card,567.1,No,0.23956608421934453,23.96,Low,27.17
CUST-04814,23,Female,42,77.25,Month-to-month,2,Fiber optic,Mailed check,3244.5,No,0.4791012618810637,47.91,Medium,37.01
CUST-04815,61,Female,5,38.52,Month-to-month,8,No,Credit card,192.6,Yes,0.8697612725449098,86.98,High,33.5
CUST-04816,61,Male,50,103.28,Two year,2,Fiber optic,Electronic check,5164.0,No,0.330584944022159,33.06,Low,34.14
CUST-04817,38,Female,58,120.48,One year,3,Fiber optic,Credit card,6987.84,Yes,0.51565251537128,51.57,Medium,62.13
CUST-04818,45,Female,8,102.95,One year,0,DSL,Credit card,823.6,No,0.2532527400696397,25.33,Low,26.07
CUST-04819,57,Male,31,96.45,Month-to-month,0,No,Bank transfer,2989.95,Yes,0.5397334836664528,53.97,Medium,52.06
CUST-04820,71,Female,12,49.82,Month-to-month,2,Fiber optic,Bank transfer,597.84,No,0.5398463061838307,53.98,Medium,26.9
CUST-04821,71,Male,21,103.87,Month-to-month,3,Fiber optic,Mailed check,2181.27,No,0.504183085822489,50.42,Medium,52.37
CUST-04822,18,Female,62,63.53,Month-to-month,0,Fiber optic,Bank transfer,3938.86,No,0.34131623116769905,34.13,Low,21.68
CUST-04823,53,Male,33,139.54,Month-to-month,2,DSL,Mailed check,4604.82,No,0.5446704722074518,54.47,Medium,76.0
CUST-04824,38,Female,26,104.98,Month-to-month,1,DSL,Credit card,2729.48,No,0.5612316137095625,56.12,Medium,58.92
CUST-04825,60,Female,40,56.16,One year,4,DSL,Bank transfer,2246.4,No,0.3235028642888006,32.35,Low,18.17
CUST-04826,52,Female,65,81.48,Month-to-month,2,No,Bank transfer,5296.2,No,0.4672022997664709,46.72,Medium,38.07
CUST-04827,30,Female,59,130.06,Month-to-month,1,Fiber optic,Credit card,7673.54,Yes,0.5824892968698563,58.25,Medium,75.76
CUST-04828,74,Female,15,63.61,Month-to-month,3,Fiber optic,Bank transfer,954.15,Yes,0.6285234217740036,62.85,Medium,39.98
CUST-04829,66,Male,1,88.31,Month-to-month,2,Fiber optic,Electronic check,88.31,No,0.49865369006642946,49.87,Medium,44.04
CUST-04830,71,Male,11,108.36,Month-to-month,1,Fiber optic,Bank transfer,1191.96,No,0.6174460103768399,61.74,Medium,66.91
CUST-04831,71,Female,55,118.09,Month-to-month,2,DSL,Electronic check,6494.95,No,0.5093599427473786,50.94,Medium,60.15
CUST-04832,27,Female,2,42.61,Month-to-month,4,DSL,Mailed check,85.22,Yes,0.8496737399651919,84.97,High,36.2
CUST-04833,70,Female,65,93.47,One year,7,No,Bank transfer,6075.55,No,0.36166502823361624,36.17,Low,33.8
CUST-04834,61,Male,44,138.59,Month-to-month,2,DSL,Bank transfer,6097.96,No,0.5349742424271421,53.5,Medium,74.14
CUST-04835,64,Male,16,145.89,One year,4,Fiber optic,Electronic check,2334.24,Yes,0.7451041993414022,74.51,High,108.7
CUST-04836,70,Female,22,105.3,Two year,2,Fiber optic,Credit card,2316.6,No,0.34441892047139155,34.44,Low,36.27
CUST-04837,27,Male,18,147.88,One year,1,Fiber optic,Mailed check,2661.84,Yes,0.6249799275179418,62.5,Medium,92.42
CUST-04838,63,Female,47,94.2,Month-to-month,6,No,Mailed check,4427.4,No,0.6014138303956228,60.14,Medium,56.65
CUST-04839,30,Female,30,77.54,Month-to-month,4,DSL,Electronic check,2326.2,No,0.5223723946172314,52.24,Medium,40.5
CUST-04840,54,Female,10,91.71,One year,1,Fiber optic,Credit card,917.1,No,0.3915469519367465,39.15,Low,35.91
CUST-04841,55,Male,58,35.04,Two year,1,Fiber optic,Bank transfer,2032.32,No,0.20382920945434851,20.38,Low,7.14
CUST-04842,41,Female,62,72.22,Two year,3,No,Credit card,4477.64,No,0.21416868744868528,21.42,Low,15.47
CUST-04843,19,Female,6,79.59,Month-to-month,5,No,Credit card,477.54,Yes,0.8549002268020354,85.49,High,68.04
CUST-04844,39,Female,67,130.32,One year,2,DSL,Electronic check,8731.44,Yes,0.49195251070608786,49.2,Medium,64.11
CUST-04845,34,Male,41,118.62,Two year,4,Fiber optic,Credit card,4863.42,No,0.37669556237818425,37.67,Low,44.68
CUST-04846,53,Male,43,98.19,Two year,2,No,Credit card,4222.17,No,0.21488721948781736,21.49,Low,21.1
CUST-04847,31,Male,18,65.15,Month-to-month,4,DSL,Electronic check,1172.7,No,0.4701376125041955,47.01,Medium,30.63
CUST-04848,27,Female,58,44.31,Month-to-month,1,Fiber optic,Credit card,2569.98,No,0.40782532348135425,40.78,Medium,18.07
CUST-04849,52,Male,60,65.21,Month-to-month,2,Fiber optic,Credit card,3912.6,No,0.45961795596433186,45.96,Medium,29.97
CUST-04850,42,Female,27,108.37,Month-to-month,5,Fiber optic,Mailed check,2925.99,No,0.5842998927305924,58.43,Medium,63.32
CUST-04851,20,Male,68,54.19,One year,2,Fiber optic,Electronic check,3684.92,No,0.24054823532777614,24.05,Low,13.04
CUST-04852,64,Female,22,75.5,Two year,3,Fiber optic,Electronic check,1661.0,No,0.3673531304216057,36.74,Low,27.74
CUST-04853,55,Male,24,70.28,Two year,4,Fiber optic,Electronic check,1686.72,No,0.3706633950572484,37.07,Low,26.05
CUST-04854,34,Female,40,119.53,Month-to-month,1,Fiber optic,Credit card,4781.2,Yes,0.6083387576116225,60.83,Medium,72.71
CUST-04855,29,Male,66,134.89,One year,1,No,Mailed check,8902.74,No,0.2635776711459695,26.36,Low,35.55
CUST-04856,71,Male,40,110.92,Month-to-month,1,Fiber optic,Mailed check,4436.8,No,0.5115817071787502,51.16,Medium,56.74
CUST-04857,69,Male,6,64.41,One year,3,DSL,Bank transfer,386.46,No,0.42202131070310944,42.2,Medium,27.18
CUST-04858,41,Female,18,76.31,One year,1,Fiber optic,Electronic check,1373.58,No,0.18262796344262539,18.26,Low,13.94
CUST-04859,46,Male,30,38.64,Month-to-month,2,No,Mailed check,1159.2,Yes,0.6269404308041111,62.69,Medium,24.22
CUST-04860,60,Male,21,41.85,Month-to-month,0,DSL,Mailed check,878.85,No,0.3674488590135427,36.74,Low,15.38
CUST-04861,42,Male,62,41.36,Month-to-month,4,Fiber optic,Mailed check,2564.32,No,0.5728320500026117,57.28,Medium,23.69
CUST-04862,53,Male,10,36.98,Month-to-month,3,Fiber optic,Electronic check,369.8,No,0.5370900891352712,53.71,Medium,19.86
CUST-04863,75,Female,13,43.35,Two year,1,No,Credit card,563.55,No,0.22891889610570393,22.89,Low,9.92
CUST-04864,43,Male,9,46.35,Month-to-month,0,No,Bank transfer,417.15,No,0.37672713809543995,37.67,Low,17.46
CUST-04865,55,Female,68,34.54,Month-to-month,0,Fiber optic,Bank transfer,2348.72,No,0.36697730718695415,36.7,Low,12.68
CUST-04866,18,Female,39,103.23,Month-to-month,1,DSL,Credit card,4025.97,Yes,0.5739278403883541,57.39,Medium,59.25
CUST-04867,37,Female,24,148.75,Two year,1,DSL,Electronic check,3570.0,No,0.2670197366924223,26.7,Low,39.72
CUST-04868,72,Female,34,134.29,Month-to-month,1,DSL,Mailed check,4565.86,No,0.5779673329861846,57.8,Medium,77.62
CUST-04869,45,Male,61,25.93,Month-to-month,4,Fiber optic,Credit card,1581.73,Yes,0.5958093722477755,59.58,Medium,15.45
CUST-04870,33,Female,41,75.0,One year,2,DSL,Bank transfer,3075.0,No,0.3904920760754575,39.05,Low,29.29
CUST-04871,64,Female,5,131.71,Month-to-month,4,Fiber optic,Electronic check,658.55,No,0.5333332603372046,53.33,Medium,70.25
CUST-04872,34,Female,50,37.51,Month-to-month,2,DSL,Mailed check,1875.5,Yes,0.5899340404544647,58.99,Medium,22.13
CUST-04873,57,Female,4,130.19,One year,2,Fiber optic,Bank transfer,520.76,Yes,0.6959691673894438,69.6,Medium,90.61
CUST-04874,45,Male,51,97.05,Month-to-month,2,Fiber optic,Bank transfer,4949.55,No,0.4793873747795279,47.94,Medium,46.52
CUST-04875,75,Male,52,141.07,Two year,4,Fiber optic,Bank transfer,7335.64,No,0.3344750678683353,33.45,Low,47.18
CUST-04876,29,Female,39,133.89,One year,1,No,Mailed check,5221.71,No,0.31317770747082463,31.32,Low,41.93
CUST-04877,44,Female,8,108.01,Month-to-month,2,DSL,Bank transfer,864.08,No,0.6276975492856764,62.77,Medium,67.8
CUST-04878,71,Female,45,105.52,Month-to-month,4,DSL,Electronic check,4748.4,Yes,0.6559649381586258,65.6,Medium,69.22
CUST-04879,70,Male,28,47.71,Two year,4,DSL,Electronic check,1335.88,No,0.1912331204602159,19.12,Low,9.12
CUST-04880,59,Male,27,35.18,One year,2,No,Mailed check,949.86,No,0.30555107756497807,30.56,Low,10.75
CUST-04881,64,Male,65,74.0,Month-to-month,2,Fiber optic,Electronic check,4810.0,No,0.5191016922493936,51.91,Medium,38.41
CUST-04882,47,Male,34,44.26,Month-to-month,2,No,Credit card,1504.84,No,0.4876560953530145,48.77,Medium,21.58
CUST-04883,58,Male,62,33.31,Month-to-month,3,DSL,Electronic check,2065.22,Yes,0.5375105002612655,53.75,Medium,17.9
CUST-04884,51,Female,62,59.3,One year,2,Fiber optic,Bank transfer,3676.6,No,0.26198247674152403,26.2,Low,15.54
CUST-04885,54,Male,38,131.86,Two year,2,Fiber optic,Bank transfer,5010.68,No,0.3315825196323777,33.16,Low,43.72
CUST-04886,23,Male,26,22.23,One year,1,Fiber optic,Electronic check,577.98,No,0.18054548758838962,18.05,Low,4.01
CUST-04887,24,Female,24,58.04,Month-to-month,1,No,Electronic check,1392.96,No,0.3665493394040095,36.65,Low,21.27
CUST-04888,49,Male,39,75.13,Month-to-month,4,No,Mailed check,2930.07,Yes,0.6967322916043323,69.67,Medium,52.35
CUST-04889,49,Male,21,86.37,One year,3,Fiber optic,Mailed check,1813.77,Yes,0.49703426964271863,49.7,Medium,42.93
CUST-04890,70,Male,47,43.61,Two year,2,DSL,Credit card,2049.67,No,0.29239431295857593,29.24,Low,12.75
CUST-04891,42,Female,48,145.35,Month-to-month,2,Fiber optic,Electronic check,6976.8,Yes,0.6111821536894934,61.12,Medium,88.84
CUST-04892,50,Male,13,95.25,Month-to-month,2,Fiber optic,Credit card,1238.25,Yes,0.5538146462918957,55.38,Medium,52.75
CUST-04893,72,Female,3,87.87,Month-to-month,1,Fiber optic,Electronic check,263.61,Yes,0.7890196185881378,78.9,High,69.33
CUST-04894,75,Female,32,21.15,Month-to-month,1,Fiber optic,Credit card,676.8,Yes,0.6491832855256535,64.92,Medium,13.73
CUST-04895,24,Male,35,83.14,One year,1,DSL,Electronic check,2909.9,No,0.1705376735343662,17.05,Low,14.18
CUST-04896,69,Male,19,128.9,Two year,4,DSL,Electronic check,2449.1,No,0.2125305990280591,21.25,Low,27.4
CUST-04897,74,Male,14,48.55,Month-to-month,0,Fiber optic,Electronic check,679.7,No,0.3114675434134453,31.15,Low,15.12
CUST-04898,29,Male,48,65.66,Month-to-month,4,Fiber optic,Credit card,3151.68,Yes,0.5814039912911015,58.14,Medium,38.17
CUST-04899,33,Female,68,22.67,Month-to-month,1,DSL,Bank transfer,1541.56,No,0.38941845496064753,38.94,Low,8.83
CUST-04900,33,Male,45,147.0,Two year,2,DSL,Mailed check,6615.0,No,0.3672606795508741,36.73,Low,53.99
CUST-04901,60,Female,19,28.66,Month-to-month,0,Fiber optic,Mailed check,544.54,Yes,0.5314984056155552,53.15,Medium,15.23
CUST-04902,70,Female,64,136.77,Month-to-month,3,Fiber optic,Credit card,8753.28,No,0.5749483737284059,57.49,Medium,78.64
CUST-04903,53,Female,66,60.69,Month-to-month,4,DSL,Electronic check,4005.54,Yes,0.6169792185395117,61.7,Medium,37.44
CUST-04904,30,Female,66,96.38,Month-to-month,2,No,Bank transfer,6361.08,Yes,0.5441735856143652,54.42,Medium,52.45
CUST-04905,24,Female,45,108.31,Two year,3,DSL,Credit card,4873.95,No,0.29611100246237876,29.61,Low,32.07
CUST-04906,53,Male,67,38.31,Month-to-month,2,Fiber optic,Credit card,2566.77,No,0.42784207075124686,42.78,Medium,16.39
CUST-04907,64,Female,69,77.69,Month-to-month,2,DSL,Mailed check,5360.61,No,0.5413405741673127,54.13,Medium,42.06
CUST-04908,68,Female,3,62.31,One year,5,Fiber optic,Mailed check,186.93,No,0.46578760593757307,46.58,Medium,29.02
CUST-04909,26,Male,38,27.36,Month-to-month,3,Fiber optic,Bank transfer,1039.68,No,0.4266784248439482,42.67,Medium,11.67
CUST-04910,49,Male,42,128.32,Month-to-month,4,Fiber optic,Electronic check,5389.44,No,0.5674028779692172,56.74,Medium,72.81
CUST-04911,28,Female,40,25.87,Two year,2,Fiber optic,Bank transfer,1034.8,No,0.22560439123194678,22.56,Low,5.84
CUST-04912,25,Female,50,104.92,One year,1,Fiber optic,Mailed check,5246.0,Yes,0.48826187874813265,48.83,Medium,51.23
CUST-04913,50,Male,35,60.83,One year,0,DSL,Electronic check,2129.05,No,0.14396842730983833,14.4,Low,8.76
CUST-04914,40,Female,24,44.98,One year,2,Fiber optic,Bank transfer,1079.52,No,0.30296785903663537,30.3,Low,13.63
CUST-04915,42,Male,17,106.72,Two year,2,Fiber optic,Credit card,1814.24,No,0.30353730800461215,30.35,Low,32.39
CUST-04916,73,Male,40,94.69,Month-to-month,3,Fiber optic,Credit card,3787.6,No,0.5248653323980726,52.49,Medium,49.7
CUST-04917,25,Female,66,60.98,Month-to-month,6,Fiber optic,Credit card,4024.68,Yes,0.664225107323589,66.42,Medium,40.5
CUST-04918,62,Male,44,86.68,Month-to-month,2,DSL,Electronic check,3813.92,No,0.5045340815684647,50.45,Medium,43.73
CUST-04919,39,Female,23,52.01,Month-to-month,0,Fiber optic,Electronic check,1196.23,Yes,0.5211549658142448,52.12,Medium,27.11
CUST-04920,21,Female,6,132.28,Month-to-month,3,No,Mailed check,793.68,Yes,0.8115820822130251,81.16,High,107.36
CUST-04921,57,Female,66,60.8,Two year,1,DSL,Bank transfer,4012.8,No,0.22402828492023583,22.4,Low,13.62
CUST-04922,20,Male,21,51.87,Two year,3,Fiber optic,Electronic check,1089.27,No,0.24208653880203626,24.21,Low,12.56
CUST-04923,46,Female,35,117.74,Month-to-month,1,Fiber optic,Electronic check,4120.9,Yes,0.6139570084235909,61.4,Medium,72.29
CUST-04924,58,Male,29,22.29,Month-to-month,5,DSL,Bank transfer,646.41,No,0.5662508423531123,56.63,Medium,12.62
CUST-04925,46,Female,7,54.84,Month-to-month,0,Fiber optic,Mailed check,383.88,Yes,0.7038323348848186,70.38,High,38.6
CUST-04926,51,Female,53,68.8,Two year,1,DSL,Electronic check,3646.4,No,0.2197038179304344,21.97,Low,15.12
CUST-04927,51,Male,37,134.69,Month-to-month,3,No,Bank transfer,4983.53,No,0.5538096831119728,55.38,Medium,74.59
CUST-04928,45,Female,23,143.56,One year,1,Fiber optic,Electronic check,3301.88,No,0.3525412239388041,35.25,Low,50.61
CUST-04929,30,Female,8,113.14,Two year,5,No,Electronic check,905.12,No,0.28973755268412194,28.97,Low,32.78
CUST-04930,32,Male,48,84.03,Month-to-month,0,Fiber optic,Mailed check,4033.44,No,0.40565147286150915,40.57,Medium,34.09
CUST-04931,40,Male,10,103.28,Two year,2,DSL,Credit card,1032.8,Yes,0.5492652805167948,54.93,Medium,56.73
CUST-04932,61,Male,24,73.82,Month-to-month,2,Fiber optic,Electronic check,1771.68,Yes,0.5279968155865988,52.8,Medium,38.98
CUST-04933,43,Female,47,58.85,One year,3,Fiber optic,Mailed check,2765.95,No,0.3699425507936726,36.99,Low,21.77
CUST-04934,21,Male,53,143.59,Month-to-month,3,No,Bank transfer,7610.27,No,0.5657789978663081,56.58,Medium,81.24
CUST-04935,43,Male,39,35.0,Month-to-month,2,No,Bank transfer,1365.0,No,0.4840414756283576,48.4,Medium,16.94
CUST-04936,57,Female,67,65.03,Two year,1,Fiber optic,Credit card,4357.01,No,0.2833389250479212,28.33,Low,18.43
CUST-04937,26,Male,66,136.88,One year,3,Fiber optic,Bank transfer,9034.08,No,0.2821288029435774,28.21,Low,38.62
CUST-04938,72,Female,6,114.01,Month-to-month,2,No,Credit card,684.06,Yes,0.7510781092576043,75.11,High,85.63
CUST-04939,22,Female,21,23.78,Month-to-month,1,No,Electronic check,499.38,No,0.28142194009745186,28.14,Low,6.69
CUST-04940,73,Male,36,23.0,Month-to-month,1,Fiber optic,Credit card,828.0,No,0.4443119830035251,44.43,Medium,10.22
CUST-04941,49,Female,3,87.15,One year,3,Fiber optic,Electronic check,261.45,Yes,0.7962996407247568,79.63,High,69.4
CUST-04942,37,Male,42,82.95,Month-to-month,0,Fiber optic,Bank transfer,3483.9,No,0.41546087540021115,41.55,Medium,34.46
CUST-04943,67,Male,45,77.59,Two year,1,Fiber optic,Credit card,3491.55,No,0.26343777448165895,26.34,Low,20.44
CUST-04944,28,Male,44,59.3,Month-to-month,2,Fiber optic,Mailed check,2609.2,No,0.44722560829640307,44.72,Medium,26.52
CUST-04945,32,Male,33,148.26,Month-to-month,4,DSL,Bank transfer,4892.58,No,0.4932833258053184,49.33,Medium,73.13
CUST-04946,49,Female,60,55.36,One year,4,Fiber optic,Bank transfer,3321.6,No,0.3230441154955302,32.3,Low,17.88
CUST-04947,45,Female,70,83.71,Month-to-month,1,Fiber optic,Bank transfer,5859.7,Yes,0.4799209464027954,47.99,Medium,40.17
CUST-04948,39,Male,26,72.64,Two year,2,Fiber optic,Bank transfer,1888.64,Yes,0.4350944903663325,43.51,Medium,31.61
CUST-04949,58,Male,21,42.13,One year,1,Fiber optic,Bank transfer,884.73,No,0.2566761562890735,25.67,Low,10.81
CUST-04950,34,Female,2,46.34,Month-to-month,3,Fiber optic,Mailed check,92.68,Yes,0.7365319171298514,73.65,High,34.13
CUST-04951,43,Male,47,139.38,One year,3,Fiber optic,Mailed check,6550.86,No,0.40872817974080716,40.87,Medium,56.97
CUST-04952,61,Female,30,131.58,Month-to-month,3,Fiber optic,Mailed check,3947.4,Yes,0.6628944155511557,66.29,Medium,87.22
CUST-04953,24,Male,27,45.88,Month-to-month,2,Fiber optic,Credit card,1238.76,No,0.46172269487083895,46.17,Medium,21.18
CUST-04954,59,Female,71,133.84,Month-to-month,4,No,Bank transfer,9502.64,No,0.5365329847615677,53.65,Medium,71.81
CUST-04955,74,Female,20,47.19,One year,0,Fiber optic,Credit card,943.8,No,0.2938261027870798,29.38,Low,13.87
CUST-04956,43,Female,50,101.45,Month-to-month,2,No,Credit card,5072.5,No,0.4608020528148417,46.08,Medium,46.75
CUST-04957,42,Male,23,30.57,Month-to-month,1,DSL,Credit card,703.11,No,0.40947555796675017,40.95,Medium,12.52
CUST-04958,27,Male,13,134.45,Month-to-month,3,Fiber optic,Bank transfer,1747.85,No,0.5005226419448493,50.05,Medium,67.3
CUST-04959,62,Male,4,26.7,Month-to-month,5,Fiber optic,Bank transfer,106.8,Yes,0.8433660228745067,84.34,High,22.52
CUST-04960,36,Male,14,92.14,Month-to-month,3,Fiber optic,Credit card,1289.96,No,0.44302489435851544,44.3,Medium,40.82
CUST-04961,28,Male,20,121.36,Month-to-month,3,DSL,Bank transfer,2427.2,No,0.49767214785230435,49.77,Medium,60.4
CUST-04962,30,Female,13,35.19,Month-to-month,3,Fiber optic,Credit card,457.47,Yes,0.6085996233130964,60.86,Medium,21.42
CUST-04963,70,Female,3,72.58,Month-to-month,3,Fiber optic,Bank transfer,217.74,Yes,0.7558701471674731,75.59,High,54.86
CUST-04964,25,Female,47,25.45,Month-to-month,4,DSL,Bank transfer,1196.15,No,0.5364024539986165,53.64,Medium,13.65
CUST-04965,57,Female,3,108.76,Two year,4,Fiber optic,Credit card,326.28,No,0.3814195931324706,38.14,Low,41.48
CUST-04966,21,Female,1,59.97,One year,2,Fiber optic,Mailed check,59.97,No,0.29449313565761265,29.45,Low,17.66
CUST-04967,64,Female,24,92.72,Month-to-month,3,Fiber optic,Bank transfer,2225.28,No,0.5359233899406645,53.59,Medium,49.69
CUST-04968,48,Female,35,141.26,Two year,1,Fiber optic,Credit card,4944.1,Yes,0.6695605170470009,66.96,Medium,94.58
CUST-04969,45,Male,14,59.76,Month-to-month,0,Fiber optic,Credit card,836.64,No,0.3967824301987214,39.68,Low,23.71
CUST-04970,28,Female,67,26.32,Month-to-month,3,Fiber optic,Bank transfer,1763.44,No,0.39703425045882934,39.7,Low,10.45
CUST-04971,60,Male,13,107.83,Two year,2,No,Bank transfer,1401.79,No,0.27548541498303936,27.55,Low,29.71
CUST-04972,18,Female,47,122.29,One year,3,No,Credit card,5747.63,No,0.32064825297497784,32.06,Low,39.21
CUST-04973,66,Female,50,144.52,Two year,1,Fiber optic,Credit card,7226.0,Yes,0.7298419024893713,72.98,High,105.48
CUST-04974,64,Male,26,40.51,Two year,2,Fiber optic,Credit card,1053.26,No,0.38813290267464123,38.81,Low,15.72
CUST-04975,69,Female,3,70.98,Month-to-month,2,No,Electronic check,212.94,No,0.4578217976870364,45.78,Medium,32.5
CUST-04976,55,Male,51,129.74,Two year,2,No,Bank transfer,6616.74,No,0.24636797632411914,24.64,Low,31.96
CUST-04977,41,Female,40,124.89,Two year,7,DSL,Electronic check,4995.6,No,0.3451011805129201,34.51,Low,43.1
CUST-04978,71,Male,68,101.22,Month-to-month,0,Fiber optic,Credit card,6882.96,No,0.3756276276223919,37.56,Low,38.02
CUST-04979,74,Female,36,55.02,Two year,2,Fiber optic,Electronic check,1980.72,Yes,0.5548144475739911,55.48,Medium,30.53
CUST-04980,64,Male,51,56.92,Month-to-month,7,DSL,Mailed check,2902.92,Yes,0.7717511730801145,77.18,High,43.93
CUST-04981,48,Male,1,36.12,One year,1,Fiber optic,Credit card,36.12,No,0.2836492971143527,28.36,Low,10.25
CUST-04982,58,Female,33,139.84,Month-to-month,4,Fiber optic,Mailed check,4614.72,No,0.47305682365467683,47.31,Medium,66.15
CUST-04983,63,Female,7,42.48,Month-to-month,1,Fiber optic,Electronic check,297.36,Yes,0.6738715324268139,67.39,Medium,28.63
CUST-04984,67,Male,52,94.48,One year,2,DSL,Mailed check,4912.96,Yes,0.49223471782055933,49.22,Medium,46.51
CUST-04985,43,Female,11,95.97,Month-to-month,3,Fiber optic,Electronic check,1055.67,Yes,0.733007417999158,73.3,High,70.35
CUST-04986,66,Male,27,68.05,One year,5,DSL,Bank transfer,1837.35,No,0.3313817781571442,33.14,Low,22.55
CUST-04987,67,Female,14,65.83,Month-to-month,3,No,Bank transfer,921.62,No,0.4946465089554323,49.46,Medium,32.56
CUST-04988,22,Male,46,106.92,Month-to-month,2,Fiber optic,Electronic check,4918.32,No,0.3924431994443804,39.24,Low,41.96
CUST-04989,37,Female,10,70.48,Month-to-month,2,DSL,Credit card,704.8,No,0.5111769339702289,51.12,Medium,36.03
CUST-04990,69,Male,24,53.17,One year,4,DSL,Bank transfer,1276.08,No,0.35377930575897004,35.38,Low,18.81
CUST-04991,58,Female,61,71.89,Two year,1,Fiber optic,Electronic check,4385.29,No,0.21207722350526456,21.21,Low,15.25
CUST-04992,28,Male,18,125.0,One year,0,Fiber optic,Credit card,2250.0,No,0.22563865139507372,22.56,Low,28.2
CUST-04993,73,Male,9,145.64,One year,2,Fiber optic,Bank transfer,1310.76,No,0.38787713172951915,38.79,Low,56.49
CUST-04994,71,Female,17,102.67,Month-to-month,2,No,Electronic check,1745.39,No,0.45789622081757,45.79,Medium,47.01
CUST-04995,50,Female,58,121.67,Month-to-month,3,Fiber optic,Credit card,7056.86,No,0.5628284047791136,56.28,Medium,68.48
CUST-04996,67,Male,13,89.27,Month-to-month,6,Fiber optic,Credit card,1160.51,Yes,0.7743424407219919,77.43,High,69.13
CUST-04997,55,Male,50,101.23,Two year,5,Fiber optic,Electronic check,5061.5,No,0.33858054224535067,33.86,Low,34.27
CUST-04998,44,Male,6,148.45,One year,0,Fiber optic,Mailed check,890.7,No,0.27480172079753407,27.48,Low,40.79
CUST-04999,51,Male,51,76.99,Month-to-month,2,Fiber optic,Mailed check,3926.49,No,0.4929090976264509,49.29,Medium,37.95
CUST-05000,32,Female,36,28.61,Month-to-month,4,Fiber optic,Mailed check,1029.96,No,0.523526314183168,52.35,Medium,14.98
