customer_id,age,gender,tenure,monthly_charges,contract_type,support_calls,internet_service,payment_method,total_charges,churn,age_group,tenure_group,churn_numeric,risk_score,risk_level
CUST-00001,56,Female,37,29.57,Two year,4,DSL,Electronic check,1094.09,No,56-65,25-48 Months,0,0,Low
CUST-00002,69,Male,19,101.78,One year,4,Fiber optic,Credit card,1933.82,Yes,66+,13-24 Months,1,1,Low
CUST-00003,46,Female,30,123.09,Month-to-month,3,DSL,Bank transfer,3692.7,Yes,46-55,25-48 Months,1,3,Medium
CUST-00004,32,Male,45,37.24,Two year,1,Fiber optic,Credit card,1675.8,No,26-35,25-48 Months,0,0,Low
CUST-00005,60,Female,18,87.42,Month-to-month,2,Fiber optic,Bank transfer,1573.56,No,56-65,13-24 Months,0,2,Low
CUST-00006,25,Male,62,121.28,Month-to-month,2,DSL,Bank transfer,7519.36,No,18-25,49-72 Months,0,3,Medium
CUST-00007,38,Female,36,53.88,One year,1,Fiber optic,Credit card,1939.68,No,36-45,25-48 Months,0,0,Low
CUST-00008,56,Female,52,41.18,Month-to-month,0,Fiber optic,Credit card,2141.36,No,56-65,49-72 Months,0,2,Low
CUST-00009,75,Female,19,63.79,One year,2,No,Mailed check,1212.01,No,66+,13-24 Months,0,0,Low
CUST-00010,36,Female,44,92.11,Month-to-month,1,Fiber optic,Mailed check,4052.84,No,36-45,25-48 Months,0,2,Low
CUST-00011,40,Female,7,94.79,Month-to-month,1,DSL,Bank transfer,663.53,Yes,36-45,7-12 Months,1,4,Medium
CUST-00012,28,Female,44,37.01,Month-to-month,3,Fiber optic,Mailed check,1628.44,No,26-35,25-48 Months,0,2,Low
CUST-00013,28,Female,68,79.48,One year,3,Fiber optic,Mailed check,5404.64,Yes,26-35,49-72 Months,1,0,Low
CUST-00014,41,Female,34,54.88,Month-to-month,2,No,Bank transfer,1865.92,No,36-45,25-48 Months,0,2,Low
CUST-00015,70,Female,66,129.46,Two year,2,Fiber optic,Mailed check,8544.36,No,66+,49-72 Months,0,1,Low
CUST-00016,53,Male,69,60.76,One year,2,Fiber optic,Credit card,4192.44,No,46-55,49-72 Months,0,0,Low
CUST-00017,57,Male,55,129.03,Month-to-month,2,No,Electronic check,7096.65,No,56-65,49-72 Months,0,3,Medium
CUST-00018,41,Female,10,75.71,Month-to-month,4,Fiber optic,Credit card,757.1,No,36-45,7-12 Months,0,4,Medium
CUST-00019,20,Male,42,114.46,Two year,4,DSL,Electronic check,4807.32,No,18-25,25-48 Months,0,1,Low
CUST-00020,39,Female,41,86.31,Month-to-month,3,Fiber optic,Credit card,3538.71,No,36-45,25-48 Months,0,2,Low
CUST-00021,70,Female,69,100.86,Month-to-month,2,DSL,Electronic check,6959.34,No,66+,49-72 Months,0,3,Medium
CUST-00022,19,Male,10,71.4,Month-to-month,4,Fiber optic,Electronic check,714.0,No,18-25,7-12 Months,0,4,Medium
CUST-00023,41,Female,10,119.87,Month-to-month,1,Fiber optic,Mailed check,1198.7,Yes,36-45,7-12 Months,1,5,High
CUST-00024,61,Female,60,75.27,Month-to-month,4,DSL,Bank transfer,4516.2,No,56-65,49-72 Months,0,2,Low
CUST-00025,47,Male,51,79.47,One year,1,Fiber optic,Credit card,4052.97,No,46-55,49-72 Months,0,0,Low
CUST-00026,55,Male,21,87.3,Two year,0,Fiber optic,Mailed check,1833.3,No,46-55,13-24 Months,0,0,Low
CUST-00027,19,Female,8,128.14,Month-to-month,3,DSL,Credit card,1025.12,No,18-25,7-12 Months,0,5,High
CUST-00028,38,Male,65,105.72,Two year,3,DSL,Credit card,6871.8,No,36-45,49-72 Months,0,1,Low
CUST-00029,50,Male,30,65.39,Two year,1,Fiber optic,Electronic check,1961.7,Yes,46-55,25-48 Months,1,0,Low
CUST-00030,29,Female,49,107.14,Two year,2,Fiber optic,Electronic check,5249.86,No,26-35,49-72 Months,0,1,Low
CUST-00031,75,Male,9,103.52,Two year,2,Fiber optic,Bank transfer,931.68,No,66+,7-12 Months,0,3,Medium
CUST-00032,39,Male,17,141.03,Two year,2,DSL,Electronic check,2397.51,No,36-45,13-24 Months,0,1,Low
CUST-00033,61,Female,69,129.38,One year,0,DSL,Credit card,8927.22,No,56-65,49-72 Months,0,1,Low
CUST-00034,42,Male,58,104.17,Month-to-month,4,Fiber optic,Electronic check,6041.86,No,36-45,49-72 Months,0,3,Medium
CUST-00035,66,Male,57,64.4,Month-to-month,3,Fiber optic,Mailed check,3670.8,No,66+,49-72 Months,0,2,Low
CUST-00036,44,Female,62,121.34,Two year,5,Fiber optic,Mailed check,7523.08,Yes,36-45,49-72 Months,1,3,Medium
CUST-00037,59,Female,52,94.78,Month-to-month,2,No,Electronic check,4928.56,No,56-65,49-72 Months,0,2,Low
CUST-00038,45,Female,61,148.09,Month-to-month,4,DSL,Bank transfer,9033.49,Yes,36-45,49-72 Months,1,3,Medium
CUST-00039,33,Male,40,52.18,Month-to-month,2,Fiber optic,Electronic check,2087.2,Yes,26-35,25-48 Months,1,2,Low
CUST-00040,32,Female,38,30.36,Two year,4,Fiber optic,Mailed check,1153.68,No,26-35,25-48 Months,0,0,Low
CUST-00041,64,Female,43,29.09,One year,1,DSL,Credit card,1250.87,No,56-65,25-48 Months,0,0,Low
CUST-00042,68,Male,63,103.2,Month-to-month,1,Fiber optic,Credit card,6501.6,No,66+,49-72 Months,0,3,Medium
CUST-00043,61,Female,19,142.1,Month-to-month,3,No,Credit card,2699.9,No,56-65,13-24 Months,0,3,Medium
CUST-00044,72,Female,50,20.25,One year,6,Fiber optic,Mailed check,1012.5,No,66+,49-72 Months,0,2,Low
CUST-00045,69,Female,33,114.35,Month-to-month,1,Fiber optic,Mailed check,3773.55,Yes,66+,25-48 Months,1,3,Medium
CUST-00046,74,Female,13,105.42,One year,4,Fiber optic,Credit card,1370.46,No,66+,13-24 Months,0,1,Low
CUST-00047,20,Male,62,115.2,Month-to-month,1,Fiber optic,Bank transfer,7142.4,No,18-25,49-72 Months,0,3,Medium
CUST-00048,54,Female,43,66.2,Two year,4,No,Bank transfer,2846.6,No,46-55,25-48 Months,0,0,Low
CUST-00049,68,Female,49,126.66,Month-to-month,1,Fiber optic,Credit card,6206.34,No,66+,49-72 Months,0,3,Medium
CUST-00050,24,Male,36,25.81,One year,3,Fiber optic,Credit card,929.16,No,18-25,25-48 Months,0,0,Low
CUST-00051,38,Female,10,118.21,One year,2,DSL,Mailed check,1182.1,Yes,36-45,7-12 Months,1,3,Medium
CUST-00052,26,Male,6,54.72,Month-to-month,1,Fiber optic,Electronic check,328.32,No,26-35,0-6 Months,0,4,Medium
CUST-00053,56,Male,57,81.99,Month-to-month,4,DSL,Mailed check,4673.43,Yes,56-65,49-72 Months,1,2,Low
CUST-00054,35,Male,1,126.94,Month-to-month,3,Fiber optic,Electronic check,126.94,No,26-35,0-6 Months,0,5,High
CUST-00055,21,Female,71,55.28,Two year,4,DSL,Electronic check,3924.88,No,18-25,49-72 Months,0,0,Low
CUST-00056,42,Male,58,44.08,Month-to-month,1,Fiber optic,Electronic check,2556.64,No,36-45,49-72 Months,0,2,Low
CUST-00057,31,Male,21,108.57,One year,1,Fiber optic,Electronic check,2279.97,No,26-35,13-24 Months,0,1,Low
CUST-00058,67,Male,56,89.34,Two year,2,Fiber optic,Credit card,5003.04,No,66+,49-72 Months,0,0,Low
CUST-00059,75,Female,20,86.87,Two year,1,No,Electronic check,1737.4,No,66+,13-24 Months,0,0,Low
CUST-00060,26,Female,54,53.38,One year,1,DSL,Electronic check,2882.52,Yes,26-35,49-72 Months,1,0,Low
CUST-00061,43,Female,25,24.53,One year,1,DSL,Electronic check,613.25,No,36-45,25-48 Months,0,0,Low
CUST-00062,70,Female,28,73.33,Two year,2,No,Mailed check,2053.24,No,66+,25-48 Months,0,0,Low
CUST-00063,19,Female,5,33.85,Two year,0,DSL,Mailed check,169.25,No,18-25,0-6 Months,0,2,Low
CUST-00064,37,Female,21,137.78,Two year,4,Fiber optic,Mailed check,2893.38,Yes,36-45,13-24 Months,1,1,Low
CUST-00065,45,Female,18,25.36,One year,4,No,Bank transfer,456.48,No,36-45,13-24 Months,0,0,Low
CUST-00066,64,Male,47,76.11,Month-to-month,4,No,Mailed check,3577.17,No,56-65,25-48 Months,0,2,Low
CUST-00067,24,Male,70,26.79,Month-to-month,4,Fiber optic,Bank transfer,1875.3,No,18-25,49-72 Months,0,2,Low
CUST-00068,61,Male,57,32.42,Month-to-month,1,Fiber optic,Mailed check,1847.94,No,56-65,49-72 Months,0,2,Low
CUST-00069,25,Male,19,105.65,Two year,2,Fiber optic,Bank transfer,2007.35,No,18-25,13-24 Months,0,1,Low
CUST-00070,64,Female,65,104.12,Two year,2,Fiber optic,Mailed check,6767.8,Yes,56-65,49-72 Months,1,1,Low
CUST-00071,52,Male,3,24.3,Month-to-month,2,DSL,Credit card,72.9,No,46-55,0-6 Months,0,4,Medium
CUST-00072,31,Male,42,20.15,Month-to-month,5,Fiber optic,Mailed check,846.3,Yes,26-35,25-48 Months,1,4,Medium
CUST-00073,34,Male,21,30.25,Month-to-month,1,DSL,Bank transfer,635.25,No,26-35,13-24 Months,0,2,Low
CUST-00074,53,Male,40,119.19,Month-to-month,0,Fiber optic,Electronic check,4767.6,No,46-55,25-48 Months,0,3,Medium
CUST-00075,67,Female,67,95.99,One year,3,Fiber optic,Mailed check,6431.33,No,66+,49-72 Months,0,0,Low
CUST-00076,57,Female,25,24.96,Month-to-month,2,Fiber optic,Electronic check,624.0,No,56-65,25-48 Months,0,2,Low
CUST-00077,21,Female,55,83.45,Month-to-month,3,DSL,Electronic check,4589.75,Yes,18-25,49-72 Months,1,2,Low
CUST-00078,19,Male,52,112.56,Month-to-month,3,Fiber optic,Mailed check,5853.12,No,18-25,49-72 Months,0,3,Medium
CUST-00079,23,Female,44,132.96,Month-to-month,1,Fiber optic,Mailed check,5850.24,No,18-25,25-48 Months,0,3,Medium
CUST-00080,71,Male,56,141.42,Two year,4,Fiber optic,Credit card,7919.52,No,66+,49-72 Months,0,1,Low
CUST-00081,59,Female,55,62.57,Month-to-month,4,DSL,Bank transfer,3441.35,No,56-65,49-72 Months,0,2,Low
CUST-00082,21,Female,70,37.66,Two year,3,DSL,Mailed check,2636.2,No,18-25,49-72 Months,0,0,Low
CUST-00083,71,Female,66,50.8,Month-to-month,0,DSL,Bank transfer,3352.8,Yes,66+,49-72 Months,1,2,Low
CUST-00084,46,Female,19,120.9,Month-to-month,2,DSL,Mailed check,2297.1,Yes,46-55,13-24 Months,1,3,Medium
CUST-00085,35,Female,7,146.29,One year,0,DSL,Electronic check,1024.03,Yes,26-35,7-12 Months,1,3,Medium
CUST-00086,43,Male,63,80.63,One year,4,Fiber optic,Electronic check,5079.69,No,36-45,49-72 Months,0,0,Low
CUST-00087,61,Female,42,59.7,One year,5,DSL,Mailed check,2507.4,No,56-65,25-48 Months,0,2,Low
CUST-00088,51,Male,42,75.79,Month-to-month,2,DSL,Bank transfer,3183.18,No,46-55,25-48 Months,0,2,Low
CUST-00089,27,Male,59,59.63,Month-to-month,3,DSL,Bank transfer,3518.17,Yes,26-35,49-72 Months,1,2,Low
CUST-00090,53,Male,20,53.34,One year,1,Fiber optic,Electronic check,1066.8,Yes,46-55,13-24 Months,1,0,Low
CUST-00091,31,Male,17,97.19,Month-to-month,5,Fiber optic,Bank transfer,1652.23,No,26-35,13-24 Months,0,4,Medium
CUST-00092,48,Male,27,22.05,Month-to-month,1,Fiber optic,Bank transfer,595.35,No,46-55,25-48 Months,0,2,Low
CUST-00093,65,Female,47,53.74,One year,1,Fiber optic,Credit card,2525.78,Yes,56-65,25-48 Months,1,0,Low
CUST-00094,32,Female,2,105.98,Month-to-month,3,Fiber optic,Electronic check,211.96,Yes,26-35,0-6 Months,1,5,High
CUST-00095,25,Female,63,24.17,Month-to-month,2,DSL,Bank transfer,1522.71,No,18-25,49-72 Months,0,2,Low
CUST-00096,31,Female,62,30.82,Month-to-month,2,Fiber optic,Credit card,1910.84,No,26-35,49-72 Months,0,2,Low
CUST-00097,40,Male,19,58.14,Two year,0,Fiber optic,Mailed check,1104.66,No,36-45,13-24 Months,0,0,Low
CUST-00098,74,Female,17,134.11,Month-to-month,2,Fiber optic,Credit card,2279.87,No,66+,13-24 Months,0,3,Medium
CUST-00099,57,Female,69,119.44,Two year,3,Fiber optic,Credit card,8241.36,No,56-65,49-72 Months,0,1,Low
CUST-00100,38,Male,39,22.88,Month-to-month,7,DSL,Credit card,892.32,No,36-45,25-48 Months,0,4,Medium
CUST-00101,33,Male,71,85.22,One year,6,DSL,Credit card,6050.62,No,26-35,49-72 Months,0,2,Low
CUST-00102,62,Female,39,55.71,Month-to-month,1,No,Credit card,2172.69,Yes,56-65,25-48 Months,1,2,Low
CUST-00103,35,Female,36,104.32,Month-to-month,4,Fiber optic,Credit card,3755.52,No,26-35,25-48 Months,0,3,Medium
CUST-00104,64,Male,40,113.8,Two year,3,Fiber optic,Mailed check,4552.0,No,56-65,25-48 Months,0,1,Low
CUST-00105,70,Female,45,132.17,Two year,2,Fiber optic,Mailed check,5947.65,Yes,66+,25-48 Months,1,1,Low
CUST-00106,41,Female,4,81.8,One year,1,DSL,Electronic check,327.2,No,36-45,0-6 Months,0,2,Low
CUST-00107,43,Female,25,149.28,Two year,5,DSL,Electronic check,3732.0,Yes,36-45,25-48 Months,1,3,Medium
CUST-00108,42,Female,69,147.4,Month-to-month,2,DSL,Mailed check,10170.6,No,36-45,49-72 Months,0,3,Medium
CUST-00109,62,Male,30,134.68,Month-to-month,2,Fiber optic,Mailed check,4040.4,Yes,56-65,25-48 Months,1,3,Medium
CUST-00110,58,Male,68,94.73,Month-to-month,2,Fiber optic,Electronic check,6441.64,No,56-65,49-72 Months,0,2,Low
CUST-00111,46,Male,29,71.74,Two year,1,Fiber optic,Credit card,2080.46,No,46-55,25-48 Months,0,0,Low
CUST-00112,32,Female,68,67.37,Month-to-month,1,DSL,Bank transfer,4581.16,No,26-35,49-72 Months,0,2,Low
CUST-00113,62,Female,51,21.58,Two year,2,Fiber optic,Credit card,1100.58,No,56-65,49-72 Months,0,0,Low
CUST-00114,18,Female,24,52.39,Month-to-month,6,Fiber optic,Mailed check,1257.36,Yes,18-25,13-24 Months,1,4,Medium
CUST-00115,42,Female,14,113.45,One year,4,DSL,Electronic check,1588.3,No,36-45,13-24 Months,0,1,Low
CUST-00116,24,Female,69,98.47,Month-to-month,3,Fiber optic,Electronic check,6794.43,No,18-25,49-72 Months,0,2,Low
CUST-00117,26,Male,18,139.13,Month-to-month,0,Fiber optic,Credit card,2504.34,No,26-35,13-24 Months,0,3,Medium
CUST-00118,41,Female,42,26.5,One year,5,Fiber optic,Electronic check,1113.0,No,36-45,25-48 Months,0,2,Low
CUST-00119,18,Female,57,40.19,Month-to-month,4,DSL,Mailed check,2290.83,Yes,18-25,49-72 Months,1,2,Low
CUST-00120,61,Male,12,122.6,Two year,4,Fiber optic,Mailed check,1471.2,No,56-65,7-12 Months,0,3,Medium
CUST-00121,25,Female,17,66.61,One year,9,DSL,Bank transfer,1132.37,Yes,18-25,13-24 Months,1,2,Low
CUST-00122,41,Male,30,35.38,One year,1,Fiber optic,Mailed check,1061.4,No,36-45,25-48 Months,0,0,Low
CUST-00123,28,Male,23,149.54,Two year,2,Fiber optic,Bank transfer,3439.42,No,26-35,13-24 Months,0,1,Low
CUST-00124,68,Male,1,122.34,One year,3,DSL,Bank transfer,122.34,No,66+,0-6 Months,0,3,Medium
CUST-00125,34,Male,32,73.14,One year,2,DSL,Credit card,2340.48,No,26-35,25-48 Months,0,0,Low
CUST-00126,25,Male,9,127.04,Month-to-month,6,Fiber optic,Electronic check,1143.36,Yes,18-25,7-12 Months,1,7,High
CUST-00127,52,Female,15,108.48,Month-to-month,3,DSL,Mailed check,1627.2,Yes,46-55,13-24 Months,1,3,Medium
CUST-00128,52,Male,28,122.7,One year,2,Fiber optic,Electronic check,3435.6,No,46-55,25-48 Months,0,1,Low
CUST-00129,50,Male,24,125.98,Two year,4,Fiber optic,Bank transfer,3023.52,No,46-55,13-24 Months,0,1,Low
CUST-00130,22,Female,60,31.01,Month-to-month,2,Fiber optic,Mailed check,1860.6,Yes,18-25,49-72 Months,1,2,Low
CUST-00131,59,Female,35,100.99,Month-to-month,3,DSL,Electronic check,3534.65,No,56-65,25-48 Months,0,3,Medium
CUST-00132,56,Male,27,20.88,One year,4,DSL,Mailed check,563.76,No,56-65,25-48 Months,0,0,Low
CUST-00133,75,Female,20,25.65,Month-to-month,1,DSL,Credit card,513.0,No,66+,13-24 Months,0,2,Low
CUST-00134,58,Female,65,137.52,One year,3,DSL,Mailed check,8938.8,No,56-65,49-72 Months,0,1,Low
CUST-00135,45,Male,49,88.58,One year,2,DSL,Bank transfer,4340.42,Yes,36-45,49-72 Months,1,0,Low
CUST-00136,24,Male,1,115.67,Month-to-month,5,Fiber optic,Mailed check,115.67,Yes,18-25,0-6 Months,1,7,High
CUST-00137,26,Female,10,129.01,Two year,5,Fiber optic,Credit card,1290.1,Yes,26-35,7-12 Months,1,5,High
CUST-00138,25,Male,47,143.45,Month-to-month,3,DSL,Credit card,6742.15,Yes,18-25,25-48 Months,1,3,Medium
CUST-00139,29,Male,59,133.02,One year,2,DSL,Electronic check,7848.18,No,26-35,49-72 Months,0,1,Low
CUST-00140,51,Female,62,82.83,Month-to-month,2,Fiber optic,Credit card,5135.46,No,46-55,49-72 Months,0,2,Low
CUST-00141,50,Male,18,63.68,Month-to-month,2,Fiber optic,Bank transfer,1146.24,No,46-55,13-24 Months,0,2,Low
CUST-00142,65,Male,46,40.08,Two year,0,Fiber optic,Credit card,1843.68,No,56-65,25-48 Months,0,0,Low
CUST-00143,72,Male,32,72.04,Month-to-month,1,No,Electronic check,2305.28,Yes,66+,25-48 Months,1,2,Low
CUST-00144,40,Male,27,67.64,Month-to-month,3,DSL,Credit card,1826.28,Yes,36-45,25-48 Months,1,2,Low
CUST-00145,41,Male,18,92.74,Month-to-month,2,DSL,Credit card,1669.32,Yes,36-45,13-24 Months,1,2,Low
CUST-00146,54,Female,39,106.52,Month-to-month,3,DSL,Mailed check,4154.28,No,46-55,25-48 Months,0,3,Medium
CUST-00147,52,Female,49,147.18,Month-to-month,5,DSL,Electronic check,7211.82,Yes,46-55,49-72 Months,1,5,High
CUST-00148,61,Male,44,114.69,Month-to-month,1,No,Mailed check,5046.36,No,56-65,25-48 Months,0,3,Medium
CUST-00149,57,Female,72,103.69,Two year,2,Fiber optic,Electronic check,7465.68,No,56-65,49-72 Months,0,1,Low
CUST-00150,39,Male,54,63.56,One year,2,Fiber optic,Electronic check,3432.24,No,36-45,49-72 Months,0,0,Low
CUST-00151,44,Male,34,24.49,Month-to-month,0,DSL,Electronic check,832.66,No,36-45,25-48 Months,0,2,Low
CUST-00152,52,Male,71,57.46,One year,2,No,Electronic check,4079.66,No,46-55,49-72 Months,0,0,Low
CUST-00153,18,Male,36,119.9,Month-to-month,5,Fiber optic,Electronic check,4316.4,No,18-25,25-48 Months,0,5,High
CUST-00154,52,Male,18,46.69,Month-to-month,5,Fiber optic,Electronic check,840.42,No,46-55,13-24 Months,0,4,Medium
CUST-00155,54,Female,38,112.58,Month-to-month,4,No,Credit card,4278.04,Yes,46-55,25-48 Months,1,3,Medium
CUST-00156,64,Female,59,95.37,Month-to-month,3,No,Credit card,5626.83,No,56-65,49-72 Months,0,2,Low
CUST-00157,31,Male,9,42.34,Two year,1,DSL,Credit card,381.06,No,26-35,7-12 Months,0,2,Low
CUST-00158,20,Female,72,54.01,Month-to-month,2,DSL,Bank transfer,3888.72,No,18-25,49-72 Months,0,2,Low
CUST-00159,18,Male,51,84.52,Two year,2,DSL,Electronic check,4310.52,Yes,18-25,49-72 Months,1,0,Low
CUST-00160,22,Female,35,74.39,Month-to-month,5,Fiber optic,Credit card,2603.65,Yes,18-25,25-48 Months,1,4,Medium
CUST-00161,43,Male,5,121.21,Month-to-month,2,DSL,Electronic check,606.05,Yes,36-45,0-6 Months,1,5,High
CUST-00162,72,Female,14,115.47,One year,3,Fiber optic,Mailed check,1616.58,No,66+,13-24 Months,0,1,Low
CUST-00163,31,Male,30,94.69,One year,3,Fiber optic,Bank transfer,2840.7,No,26-35,25-48 Months,0,0,Low
CUST-00164,56,Male,4,126.9,Month-to-month,1,Fiber optic,Electronic check,507.6,Yes,56-65,0-6 Months,1,5,High
CUST-00165,44,Female,39,93.15,Month-to-month,7,Fiber optic,Credit card,3632.85,No,36-45,25-48 Months,0,4,Medium
CUST-00166,26,Female,64,145.37,Month-to-month,4,Fiber optic,Bank transfer,9303.68,No,26-35,49-72 Months,0,3,Medium
CUST-00167,32,Male,25,48.24,Two year,1,Fiber optic,Mailed check,1206.0,No,26-35,25-48 Months,0,0,Low
CUST-00168,32,Female,28,112.84,Month-to-month,3,No,Electronic check,3159.52,Yes,26-35,25-48 Months,1,3,Medium
CUST-00169,43,Male,66,68.09,Month-to-month,4,Fiber optic,Bank transfer,4493.94,Yes,36-45,49-72 Months,1,2,Low
CUST-00170,59,Female,22,56.27,Two year,2,Fiber optic,Electronic check,1237.94,No,56-65,13-24 Months,0,0,Low
CUST-00171,30,Female,31,43.45,Month-to-month,2,Fiber optic,Bank transfer,1346.95,No,26-35,25-48 Months,0,2,Low
CUST-00172,68,Male,23,91.83,Month-to-month,4,No,Credit card,2112.09,Yes,66+,13-24 Months,1,2,Low
CUST-00173,49,Female,48,48.01,Month-to-month,3,Fiber optic,Electronic check,2304.48,Yes,46-55,25-48 Months,1,2,Low
CUST-00174,56,Female,20,46.05,One year,3,Fiber optic,Electronic check,921.0,Yes,56-65,13-24 Months,1,0,Low
CUST-00175,66,Male,38,148.77,Month-to-month,1,Fiber optic,Electronic check,5653.26,Yes,66+,25-48 Months,1,3,Medium
CUST-00176,69,Female,55,124.23,Month-to-month,2,Fiber optic,Credit card,6832.65,No,66+,49-72 Months,0,3,Medium
CUST-00177,49,Male,68,117.28,Two year,0,No,Bank transfer,7975.04,No,46-55,49-72 Months,0,1,Low
CUST-00178,21,Male,1,123.23,Month-to-month,2,Fiber optic,Credit card,123.23,Yes,18-25,0-6 Months,1,5,High
CUST-00179,47,Male,7,145.96,Month-to-month,2,Fiber optic,Mailed check,1021.72,No,46-55,7-12 Months,0,5,High
CUST-00180,54,Male,57,94.53,Month-to-month,2,Fiber optic,Mailed check,5388.21,No,46-55,49-72 Months,0,2,Low
CUST-00181,40,Male,12,48.63,One year,1,DSL,Mailed check,583.56,No,36-45,7-12 Months,0,2,Low
CUST-00182,56,Female,5,132.09,Two year,3,Fiber optic,Bank transfer,660.45,No,56-65,0-6 Months,0,3,Medium
CUST-00183,62,Male,50,116.55,Month-to-month,3,DSL,Electronic check,5827.5,Yes,56-65,49-72 Months,1,3,Medium
CUST-00184,32,Male,42,73.86,Month-to-month,1,Fiber optic,Bank transfer,3102.12,Yes,26-35,25-48 Months,1,2,Low
CUST-00185,60,Female,12,81.56,Month-to-month,2,Fiber optic,Mailed check,978.72,No,56-65,7-12 Months,0,4,Medium
CUST-00186,46,Female,18,73.46,Month-to-month,3,DSL,Bank transfer,1322.28,Yes,46-55,13-24 Months,1,2,Low
CUST-00187,53,Female,66,140.89,One year,0,Fiber optic,Electronic check,9298.74,No,46-55,49-72 Months,0,1,Low
CUST-00188,30,Male,17,64.66,Month-to-month,3,DSL,Electronic check,1099.22,No,26-35,13-24 Months,0,2,Low
CUST-00189,49,Male,68,145.25,Month-to-month,1,Fiber optic,Bank transfer,9877.0,No,46-55,49-72 Months,0,3,Medium
CUST-00190,24,Male,71,138.34,Month-to-month,1,DSL,Mailed check,9822.14,No,18-25,49-72 Months,0,3,Medium
CUST-00191,68,Female,62,101.97,Month-to-month,4,DSL,Electronic check,6322.14,No,66+,49-72 Months,0,3,Medium
CUST-00192,39,Male,41,95.38,One year,1,Fiber optic,Mailed check,3910.58,No,36-45,25-48 Months,0,0,Low
CUST-00193,45,Female,34,68.11,Month-to-month,3,DSL,Electronic check,2315.74,No,36-45,25-48 Months,0,2,Low
CUST-00194,19,Male,70,22.38,Two year,3,Fiber optic,Mailed check,1566.6,No,18-25,49-72 Months,0,0,Low
CUST-00195,59,Female,45,36.59,Month-to-month,3,DSL,Bank transfer,1646.55,No,56-65,25-48 Months,0,2,Low
CUST-00196,62,Male,58,118.05,Two year,1,Fiber optic,Credit card,6846.9,No,56-65,49-72 Months,0,1,Low
CUST-00197,74,Male,51,81.3,Month-to-month,2,Fiber optic,Credit card,4146.3,No,66+,49-72 Months,0,2,Low
CUST-00198,70,Male,34,39.48,One year,3,Fiber optic,Mailed check,1342.32,No,66+,25-48 Months,0,0,Low
CUST-00199,23,Female,44,54.31,Month-to-month,2,Fiber optic,Electronic check,2389.64,No,18-25,25-48 Months,0,2,Low
CUST-00200,45,Female,15,143.22,One year,3,Fiber optic,Bank transfer,2148.3,Yes,36-45,13-24 Months,1,1,Low
CUST-00201,45,Male,70,67.73,Month-to-month,3,Fiber optic,Electronic check,4741.1,No,36-45,49-72 Months,0,2,Low
CUST-00202,61,Male,50,138.0,Month-to-month,5,DSL,Credit card,6900.0,No,56-65,49-72 Months,0,5,High
CUST-00203,61,Male,32,59.6,One year,3,Fiber optic,Credit card,1907.2,No,56-65,25-48 Months,0,0,Low
CUST-00204,37,Female,67,90.62,One year,2,Fiber optic,Bank transfer,6071.54,Yes,36-45,49-72 Months,1,0,Low
CUST-00205,47,Male,3,22.66,One year,3,Fiber optic,Mailed check,67.98,No,46-55,0-6 Months,0,2,Low
CUST-00206,28,Male,51,87.84,Month-to-month,3,DSL,Bank transfer,4479.84,Yes,26-35,49-72 Months,1,2,Low
CUST-00207,75,Male,67,102.8,Month-to-month,3,Fiber optic,Credit card,6887.6,No,66+,49-72 Months,0,3,Medium
CUST-00208,72,Male,48,50.46,One year,1,No,Bank transfer,2422.08,No,66+,25-48 Months,0,0,Low
CUST-00209,45,Female,17,95.26,Month-to-month,4,Fiber optic,Credit card,1619.42,Yes,36-45,13-24 Months,1,2,Low
CUST-00210,42,Female,7,104.13,Month-to-month,3,Fiber optic,Electronic check,728.91,Yes,36-45,7-12 Months,1,5,High
CUST-00211,56,Male,13,109.3,Month-to-month,5,DSL,Credit card,1420.9,Yes,56-65,13-24 Months,1,5,High
CUST-00212,50,Male,66,120.93,Month-to-month,2,Fiber optic,Credit card,7981.38,No,46-55,49-72 Months,0,3,Medium
CUST-00213,18,Female,4,60.47,Month-to-month,5,DSL,Bank transfer,241.88,No,18-25,0-6 Months,0,6,High
CUST-00214,74,Female,10,93.81,One year,3,DSL,Bank transfer,938.1,Yes,66+,7-12 Months,1,2,Low
CUST-00215,44,Male,17,147.61,Two year,2,Fiber optic,Bank transfer,2509.37,No,36-45,13-24 Months,0,1,Low
CUST-00216,74,Female,52,136.76,Month-to-month,2,DSL,Electronic check,7111.52,Yes,66+,49-72 Months,1,3,Medium
CUST-00217,69,Female,6,143.85,Two year,2,No,Bank transfer,863.1,Yes,66+,0-6 Months,1,3,Medium
CUST-00218,30,Male,69,70.2,One year,3,Fiber optic,Electronic check,4843.8,No,26-35,49-72 Months,0,0,Low
CUST-00219,58,Female,9,122.3,Two year,2,Fiber optic,Mailed check,1100.7,No,56-65,7-12 Months,0,3,Medium
CUST-00220,20,Female,21,100.59,Two year,5,Fiber optic,Bank transfer,2112.39,No,18-25,13-24 Months,0,3,Medium
CUST-00221,56,Male,24,30.76,One year,0,Fiber optic,Bank transfer,738.24,No,56-65,13-24 Months,0,0,Low
CUST-00222,23,Male,4,127.12,Month-to-month,1,No,Mailed check,508.48,No,18-25,0-6 Months,0,5,High
CUST-00223,25,Female,24,108.02,Month-to-month,3,DSL,Mailed check,2592.48,Yes,18-25,13-24 Months,1,3,Medium
CUST-00224,44,Male,59,45.86,Month-to-month,0,No,Mailed check,2705.74,No,36-45,49-72 Months,0,2,Low
CUST-00225,26,Female,3,30.37,Two year,2,Fiber optic,Credit card,91.11,No,26-35,0-6 Months,0,2,Low
CUST-00226,54,Male,68,128.81,Two year,4,Fiber optic,Credit card,8759.08,No,46-55,49-72 Months,0,1,Low
CUST-00227,50,Female,40,30.26,One year,4,DSL,Credit card,1210.4,Yes,46-55,25-48 Months,1,0,Low
CUST-00228,68,Male,48,31.88,Two year,3,Fiber optic,Mailed check,1530.24,No,66+,25-48 Months,0,0,Low
CUST-00229,59,Female,54,75.56,Two year,2,DSL,Electronic check,4080.24,No,56-65,49-72 Months,0,0,Low
CUST-00230,61,Female,35,37.52,Month-to-month,2,No,Bank transfer,1313.2,No,56-65,25-48 Months,0,2,Low
CUST-00231,41,Female,56,138.78,One year,1,Fiber optic,Credit card,7771.68,No,36-45,49-72 Months,0,1,Low
CUST-00232,32,Male,40,81.14,Month-to-month,3,Fiber optic,Mailed check,3245.6,Yes,26-35,25-48 Months,1,2,Low
CUST-00233,71,Male,68,93.99,Month-to-month,3,No,Bank transfer,6391.32,Yes,66+,49-72 Months,1,2,Low
CUST-00234,49,Female,46,140.65,Month-to-month,0,DSL,Credit card,6469.9,Yes,46-55,25-48 Months,1,3,Medium
CUST-00235,49,Female,13,88.93,Month-to-month,2,No,Mailed check,1156.09,No,46-55,13-24 Months,0,2,Low
CUST-00236,41,Male,27,65.97,One year,0,Fiber optic,Bank transfer,1781.19,No,36-45,25-48 Months,0,0,Low
CUST-00237,58,Male,6,123.63,Month-to-month,5,DSL,Credit card,741.78,No,56-65,0-6 Months,0,7,High
CUST-00238,69,Male,17,77.57,Two year,1,Fiber optic,Credit card,1318.69,No,66+,13-24 Months,0,0,Low
CUST-00239,66,Male,36,61.4,Month-to-month,4,Fiber optic,Credit card,2210.4,Yes,66+,25-48 Months,1,2,Low
CUST-00240,66,Male,2,114.02,Month-to-month,2,Fiber optic,Credit card,228.04,No,66+,0-6 Months,0,5,High
CUST-00241,75,Male,52,124.21,Two year,3,Fiber optic,Credit card,6458.92,No,66+,49-72 Months,0,1,Low
CUST-00242,69,Female,66,122.92,One year,1,DSL,Mailed check,8112.72,No,66+,49-72 Months,0,1,Low
CUST-00243,29,Male,52,147.1,Month-to-month,0,DSL,Bank transfer,7649.2,No,26-35,49-72 Months,0,3,Medium
CUST-00244,56,Female,43,122.27,Month-to-month,4,No,Credit card,5257.61,Yes,56-65,25-48 Months,1,3,Medium
CUST-00245,19,Male,22,120.09,Month-to-month,4,DSL,Bank transfer,2641.98,No,18-25,13-24 Months,0,3,Medium
CUST-00246,20,Male,55,131.47,Two year,4,No,Credit card,7230.85,No,18-25,49-72 Months,0,1,Low
CUST-00247,66,Female,67,20.02,One year,1,DSL,Mailed check,1341.34,Yes,66+,49-72 Months,1,0,Low
CUST-00248,54,Female,60,67.12,Month-to-month,2,Fiber optic,Mailed check,4027.2,No,46-55,49-72 Months,0,2,Low
CUST-00249,66,Male,58,115.89,Month-to-month,3,DSL,Bank transfer,6721.62,No,66+,49-72 Months,0,3,Medium
CUST-00250,73,Female,12,97.96,Two year,3,No,Credit card,1175.52,No,66+,7-12 Months,0,2,Low
CUST-00251,34,Female,69,43.08,One year,3,DSL,Mailed check,2972.52,No,26-35,49-72 Months,0,0,Low
CUST-00252,66,Female,39,59.49,Two year,2,Fiber optic,Credit card,2320.11,No,66+,25-48 Months,0,0,Low
CUST-00253,19,Female,13,63.78,Month-to-month,2,Fiber optic,Credit card,829.14,No,18-25,13-24 Months,0,2,Low
CUST-00254,19,Male,41,93.82,Two year,5,Fiber optic,Electronic check,3846.62,No,18-25,25-48 Months,0,2,Low
CUST-00255,45,Female,57,128.11,One year,2,Fiber optic,Mailed check,7302.27,No,36-45,49-72 Months,0,1,Low
CUST-00256,71,Male,53,141.22,One year,2,No,Bank transfer,7484.66,Yes,66+,49-72 Months,1,1,Low
CUST-00257,40,Male,12,117.51,Month-to-month,1,No,Bank transfer,1410.12,No,36-45,7-12 Months,0,5,High
CUST-00258,54,Male,13,129.58,Two year,2,Fiber optic,Credit card,1684.54,No,46-55,13-24 Months,0,1,Low
CUST-00259,49,Male,57,81.11,One year,4,Fiber optic,Credit card,4623.27,No,46-55,49-72 Months,0,0,Low
CUST-00260,50,Female,40,70.67,Two year,3,Fiber optic,Credit card,2826.8,No,46-55,25-48 Months,0,0,Low
CUST-00261,18,Female,45,71.05,Month-to-month,1,DSL,Electronic check,3197.25,No,18-25,25-48 Months,0,2,Low
CUST-00262,36,Male,35,100.09,Month-to-month,3,Fiber optic,Credit card,3503.15,No,36-45,25-48 Months,0,3,Medium
CUST-00263,19,Male,3,36.15,Month-to-month,2,DSL,Credit card,108.45,No,18-25,0-6 Months,0,4,Medium
CUST-00264,70,Male,5,95.33,Month-to-month,1,Fiber optic,Bank transfer,476.65,Yes,66+,0-6 Months,1,4,Medium
CUST-00265,61,Male,11,106.47,Month-to-month,0,Fiber optic,Electronic check,1171.17,Yes,56-65,7-12 Months,1,5,High
CUST-00266,43,Female,71,77.06,Month-to-month,3,No,Bank transfer,5471.26,No,36-45,49-72 Months,0,2,Low
CUST-00267,49,Male,56,143.91,Month-to-month,4,DSL,Electronic check,8058.96,Yes,46-55,49-72 Months,1,3,Medium
CUST-00268,23,Female,10,99.07,Two year,4,Fiber optic,Electronic check,990.7,No,18-25,7-12 Months,0,2,Low
CUST-00269,49,Male,34,48.6,Month-to-month,1,Fiber optic,Mailed check,1652.4,Yes,46-55,25-48 Months,1,2,Low
CUST-00270,72,Male,67,82.3,Month-to-month,3,No,Mailed check,5514.1,No,66+,49-72 Months,0,2,Low
CUST-00271,21,Male,72,107.8,Two year,2,DSL,Mailed check,7761.6,No,18-25,49-72 Months,0,1,Low
CUST-00272,72,Male,31,62.07,One year,3,DSL,Bank transfer,1924.17,No,66+,25-48 Months,0,0,Low
CUST-00273,28,Female,71,30.35,One year,1,Fiber optic,Mailed check,2154.85,Yes,26-35,49-72 Months,1,0,Low
CUST-00274,73,Female,66,95.85,Month-to-month,2,Fiber optic,Mailed check,6326.1,No,66+,49-72 Months,0,2,Low
CUST-00275,34,Female,70,143.22,Month-to-month,2,Fiber optic,Bank transfer,10025.4,No,26-35,49-72 Months,0,3,Medium
CUST-00276,55,Male,41,83.06,Month-to-month,6,No,Electronic check,3405.46,Yes,46-55,25-48 Months,1,4,Medium
CUST-00277,41,Male,63,137.79,Month-to-month,6,DSL,Electronic check,8680.77,Yes,36-45,49-72 Months,1,5,High
CUST-00278,22,Female,32,128.55,Two year,3,Fiber optic,Credit card,4113.6,No,18-25,25-48 Months,0,1,Low
CUST-00279,69,Female,20,39.16,One year,2,DSL,Credit card,783.2,Yes,66+,13-24 Months,1,0,Low
CUST-00280,51,Male,57,112.06,Month-to-month,1,DSL,Mailed check,6387.42,Yes,46-55,49-72 Months,1,3,Medium
CUST-00281,23,Male,50,76.61,One year,3,No,Bank transfer,3830.5,No,18-25,49-72 Months,0,0,Low
CUST-00282,39,Female,25,52.53,Month-to-month,2,Fiber optic,Electronic check,1313.25,No,36-45,25-48 Months,0,2,Low
CUST-00283,28,Male,12,109.3,Month-to-month,3,No,Bank transfer,1311.6,Yes,26-35,7-12 Months,1,5,High
CUST-00284,65,Male,71,116.55,Two year,2,Fiber optic,Credit card,8275.05,No,56-65,49-72 Months,0,1,Low
CUST-00285,33,Female,39,43.39,Month-to-month,4,Fiber optic,Mailed check,1692.21,Yes,26-35,25-48 Months,1,2,Low
CUST-00286,50,Male,17,138.88,Two year,3,Fiber optic,Credit card,2360.96,No,46-55,13-24 Months,0,1,Low
CUST-00287,26,Female,45,117.65,Month-to-month,2,No,Credit card,5294.25,No,26-35,25-48 Months,0,3,Medium
CUST-00288,23,Male,11,141.34,One year,2,Fiber optic,Electronic check,1554.74,No,18-25,7-12 Months,0,3,Medium
CUST-00289,33,Female,70,61.22,Month-to-month,3,Fiber optic,Bank transfer,4285.4,No,26-35,49-72 Months,0,2,Low
CUST-00290,46,Male,23,142.11,Month-to-month,1,DSL,Electronic check,3268.53,No,46-55,13-24 Months,0,3,Medium
CUST-00291,20,Female,70,67.91,One year,7,Fiber optic,Electronic check,4753.7,No,18-25,49-72 Months,0,2,Low
CUST-00292,37,Female,38,27.02,Two year,2,No,Credit card,1026.76,No,36-45,25-48 Months,0,0,Low
CUST-00293,53,Female,2,119.19,One year,3,Fiber optic,Mailed check,238.38,No,46-55,0-6 Months,0,3,Medium
CUST-00294,36,Female,72,111.46,One year,2,Fiber optic,Credit card,8025.12,Yes,36-45,49-72 Months,1,1,Low
CUST-00295,43,Male,37,97.73,Two year,2,DSL,Bank transfer,3616.01,No,36-45,25-48 Months,0,0,Low
CUST-00296,20,Male,49,83.69,Month-to-month,2,No,Mailed check,4100.81,No,18-25,49-72 Months,0,2,Low
CUST-00297,36,Female,52,24.18,Month-to-month,3,DSL,Electronic check,1257.36,No,36-45,49-72 Months,0,2,Low
CUST-00298,37,Male,33,101.2,Month-to-month,3,No,Bank transfer,3339.6,Yes,36-45,25-48 Months,1,3,Medium
CUST-00299,49,Male,22,74.19,One year,2,No,Bank transfer,1632.18,Yes,46-55,13-24 Months,1,0,Low
CUST-00300,24,Male,5,92.83,Two year,1,DSL,Bank transfer,464.15,No,18-25,0-6 Months,0,2,Low
CUST-00301,69,Male,18,75.81,One year,1,Fiber optic,Bank transfer,1364.58,Yes,66+,13-24 Months,1,0,Low
CUST-00302,58,Male,38,145.59,Two year,3,Fiber optic,Credit card,5532.42,Yes,56-65,25-48 Months,1,1,Low
CUST-00303,50,Female,37,98.53,One year,2,Fiber optic,Bank transfer,3645.61,No,46-55,25-48 Months,0,0,Low
CUST-00304,57,Female,64,117.4,Month-to-month,2,DSL,Credit card,7513.6,Yes,56-65,49-72 Months,1,3,Medium
CUST-00305,56,Female,10,141.73,Month-to-month,2,Fiber optic,Mailed check,1417.3,Yes,56-65,7-12 Months,1,5,High
CUST-00306,35,Female,42,96.91,Two year,2,Fiber optic,Bank transfer,4070.22,No,26-35,25-48 Months,0,0,Low
CUST-00307,57,Male,48,21.57,Month-to-month,1,DSL,Credit card,1035.36,Yes,56-65,25-48 Months,1,2,Low
CUST-00308,18,Male,44,24.46,Month-to-month,4,DSL,Bank transfer,1076.24,No,18-25,25-48 Months,0,2,Low
CUST-00309,28,Female,16,111.3,Month-to-month,2,Fiber optic,Mailed check,1780.8,No,26-35,13-24 Months,0,3,Medium
CUST-00310,45,Male,54,56.28,Month-to-month,3,DSL,Electronic check,3039.12,No,36-45,49-72 Months,0,2,Low
CUST-00311,74,Male,35,95.32,One year,1,Fiber optic,Mailed check,3336.2,No,66+,25-48 Months,0,0,Low
CUST-00312,42,Female,28,46.3,Month-to-month,0,Fiber optic,Electronic check,1296.4,No,36-45,25-48 Months,0,2,Low
CUST-00313,67,Male,2,55.13,Two year,3,Fiber optic,Credit card,110.26,Yes,66+,0-6 Months,1,2,Low
CUST-00314,40,Female,13,85.6,Month-to-month,1,Fiber optic,Mailed check,1112.8,Yes,36-45,13-24 Months,1,2,Low
CUST-00315,48,Female,41,146.82,One year,2,Fiber optic,Credit card,6019.62,No,46-55,25-48 Months,0,1,Low
CUST-00316,47,Male,59,100.12,One year,1,No,Mailed check,5907.08,No,46-55,49-72 Months,0,1,Low
CUST-00317,59,Male,69,141.7,One year,4,Fiber optic,Bank transfer,9777.3,No,56-65,49-72 Months,0,1,Low
CUST-00318,52,Female,53,144.72,Two year,2,No,Electronic check,7670.16,No,46-55,49-72 Months,0,1,Low
CUST-00319,24,Female,45,47.05,Month-to-month,2,Fiber optic,Bank transfer,2117.25,No,18-25,25-48 Months,0,2,Low
CUST-00320,33,Male,20,60.46,Month-to-month,3,Fiber optic,Credit card,1209.2,No,26-35,13-24 Months,0,2,Low
CUST-00321,43,Female,24,120.1,Month-to-month,2,DSL,Bank transfer,2882.4,No,36-45,13-24 Months,0,3,Medium
CUST-00322,65,Female,61,132.68,Two year,5,Fiber optic,Electronic check,8093.48,No,56-65,49-72 Months,0,3,Medium
CUST-00323,74,Female,58,87.5,Two year,3,Fiber optic,Electronic check,5075.0,No,66+,49-72 Months,0,0,Low
CUST-00324,69,Male,27,149.12,Month-to-month,2,Fiber optic,Electronic check,4026.24,Yes,66+,25-48 Months,1,3,Medium
CUST-00325,66,Female,26,21.5,One year,5,No,Electronic check,559.0,No,66+,25-48 Months,0,2,Low
CUST-00326,19,Male,7,58.95,Month-to-month,4,No,Electronic check,412.65,No,18-25,7-12 Months,0,4,Medium
CUST-00327,18,Female,42,101.01,Month-to-month,3,DSL,Credit card,4242.42,No,18-25,25-48 Months,0,3,Medium
CUST-00328,65,Male,47,81.01,One year,2,Fiber optic,Bank transfer,3807.47,No,56-65,25-48 Months,0,0,Low
CUST-00329,29,Female,53,35.16,Month-to-month,1,DSL,Mailed check,1863.48,No,26-35,49-72 Months,0,2,Low
CUST-00330,22,Male,59,67.81,Month-to-month,3,DSL,Bank transfer,4000.79,No,18-25,49-72 Months,0,2,Low
CUST-00331,54,Male,38,23.31,One year,2,DSL,Bank transfer,885.78,No,46-55,25-48 Months,0,0,Low
CUST-00332,49,Male,69,103.56,One year,2,Fiber optic,Credit card,7145.64,Yes,46-55,49-72 Months,1,1,Low
CUST-00333,72,Female,53,136.06,Month-to-month,2,No,Credit card,7211.18,No,66+,49-72 Months,0,3,Medium
CUST-00334,26,Female,15,135.03,One year,2,Fiber optic,Credit card,2025.45,Yes,26-35,13-24 Months,1,1,Low
CUST-00335,58,Female,26,110.94,Month-to-month,0,No,Credit card,2884.44,No,56-65,25-48 Months,0,3,Medium
CUST-00336,52,Male,48,80.55,Month-to-month,0,No,Bank transfer,3866.4,No,46-55,25-48 Months,0,2,Low
CUST-00337,36,Female,19,86.56,One year,1,Fiber optic,Electronic check,1644.64,No,36-45,13-24 Months,0,0,Low
CUST-00338,65,Male,9,37.8,Month-to-month,1,Fiber optic,Electronic check,340.2,No,56-65,7-12 Months,0,4,Medium
CUST-00339,33,Female,64,64.33,Month-to-month,5,DSL,Credit card,4117.12,No,26-35,49-72 Months,0,4,Medium
CUST-00340,20,Male,54,44.4,Month-to-month,1,Fiber optic,Mailed check,2397.6,No,18-25,49-72 Months,0,2,Low
CUST-00341,37,Male,51,126.76,Two year,5,Fiber optic,Bank transfer,6464.76,No,36-45,49-72 Months,0,3,Medium
CUST-00342,41,Male,39,138.92,Month-to-month,2,DSL,Bank transfer,5417.88,No,36-45,25-48 Months,0,3,Medium
CUST-00343,71,Female,4,89.8,Month-to-month,0,Fiber optic,Mailed check,359.2,No,66+,0-6 Months,0,4,Medium
CUST-00344,73,Female,3,114.61,Month-to-month,3,Fiber optic,Credit card,343.83,Yes,66+,0-6 Months,1,5,High
CUST-00345,50,Female,64,35.79,Month-to-month,2,Fiber optic,Bank transfer,2290.56,No,46-55,49-72 Months,0,2,Low
CUST-00346,41,Male,29,99.11,One year,2,No,Mailed check,2874.19,Yes,36-45,25-48 Months,1,0,Low
CUST-00347,69,Male,11,111.36,Month-to-month,2,Fiber optic,Electronic check,1224.96,No,66+,7-12 Months,0,5,High
CUST-00348,28,Female,58,78.86,Two year,5,Fiber optic,Mailed check,4573.88,No,26-35,49-72 Months,0,2,Low
CUST-00349,66,Female,27,51.63,One year,4,DSL,Mailed check,1394.01,No,66+,25-48 Months,0,0,Low
CUST-00350,25,Female,21,134.06,One year,6,Fiber optic,Credit card,2815.26,No,18-25,13-24 Months,0,3,Medium
CUST-00351,53,Male,39,116.58,Month-to-month,6,DSL,Bank transfer,4546.62,Yes,46-55,25-48 Months,1,5,High
CUST-00352,55,Male,46,136.98,Month-to-month,1,DSL,Mailed check,6301.08,No,46-55,25-48 Months,0,3,Medium
CUST-00353,57,Male,66,126.39,Month-to-month,2,DSL,Bank transfer,8341.74,No,56-65,49-72 Months,0,3,Medium
CUST-00354,37,Male,36,148.75,Month-to-month,1,Fiber optic,Bank transfer,5355.0,Yes,36-45,25-48 Months,1,3,Medium
CUST-00355,52,Male,65,44.98,Month-to-month,1,Fiber optic,Credit card,2923.7,No,46-55,49-72 Months,0,2,Low
CUST-00356,65,Female,63,31.28,One year,7,DSL,Electronic check,1970.64,No,56-65,49-72 Months,0,2,Low
CUST-00357,42,Male,35,63.81,Month-to-month,2,DSL,Bank transfer,2233.35,No,36-45,25-48 Months,0,2,Low
CUST-00358,52,Male,31,36.77,Month-to-month,3,Fiber optic,Credit card,1139.87,No,46-55,25-48 Months,0,2,Low
CUST-00359,42,Male,28,88.01,Month-to-month,4,Fiber optic,Credit card,2464.28,Yes,36-45,25-48 Months,1,2,Low
CUST-00360,46,Male,1,102.29,Month-to-month,2,Fiber optic,Mailed check,102.29,No,46-55,0-6 Months,0,5,High
CUST-00361,35,Male,25,95.18,Two year,0,DSL,Bank transfer,2379.5,No,26-35,25-48 Months,0,0,Low
CUST-00362,63,Female,43,53.7,Month-to-month,3,DSL,Credit card,2309.1,No,56-65,25-48 Months,0,2,Low
CUST-00363,35,Male,67,138.15,Two year,4,DSL,Electronic check,9256.05,No,26-35,49-72 Months,0,1,Low
CUST-00364,19,Male,63,22.75,One year,1,Fiber optic,Mailed check,1433.25,No,18-25,49-72 Months,0,0,Low
CUST-00365,71,Male,51,65.24,Two year,3,Fiber optic,Electronic check,3327.24,No,66+,49-72 Months,0,0,Low
CUST-00366,52,Female,2,113.47,Month-to-month,4,Fiber optic,Credit card,226.94,Yes,46-55,0-6 Months,1,5,High
CUST-00367,33,Female,64,119.7,Two year,2,Fiber optic,Mailed check,7660.8,Yes,26-35,49-72 Months,1,1,Low
CUST-00368,58,Female,69,74.1,Month-to-month,4,Fiber optic,Bank transfer,5112.9,No,56-65,49-72 Months,0,2,Low
CUST-00369,53,Male,9,22.2,One year,1,Fiber optic,Mailed check,199.8,No,46-55,7-12 Months,0,2,Low
CUST-00370,50,Female,2,100.35,Month-to-month,4,DSL,Mailed check,200.7,Yes,46-55,0-6 Months,1,5,High
CUST-00371,21,Male,34,28.2,Month-to-month,1,DSL,Electronic check,958.8,No,18-25,25-48 Months,0,2,Low
CUST-00372,50,Male,60,34.02,One year,0,Fiber optic,Bank transfer,2041.2,No,46-55,49-72 Months,0,0,Low
CUST-00373,31,Female,61,104.53,One year,3,Fiber optic,Credit card,6376.33,Yes,26-35,49-72 Months,1,1,Low
CUST-00374,38,Male,31,60.62,Month-to-month,2,DSL,Electronic check,1879.22,No,36-45,25-48 Months,0,2,Low
CUST-00375,65,Male,10,65.24,Month-to-month,6,Fiber optic,Bank transfer,652.4,Yes,56-65,7-12 Months,1,6,High
CUST-00376,37,Male,36,83.28,One year,4,DSL,Credit card,2998.08,No,36-45,25-48 Months,0,0,Low
CUST-00377,73,Female,49,147.22,Month-to-month,3,Fiber optic,Mailed check,7213.78,Yes,66+,49-72 Months,1,3,Medium
CUST-00378,25,Male,70,145.51,Month-to-month,2,No,Bank transfer,10185.7,Yes,18-25,49-72 Months,1,3,Medium
CUST-00379,24,Male,49,74.11,Two year,0,DSL,Electronic check,3631.39,No,18-25,49-72 Months,0,0,Low
CUST-00380,20,Female,3,54.51,Two year,2,DSL,Credit card,163.53,No,18-25,0-6 Months,0,2,Low
CUST-00381,34,Male,5,59.34,Two year,5,Fiber optic,Credit card,296.7,Yes,26-35,0-6 Months,1,4,Medium
CUST-00382,50,Male,61,54.94,Two year,1,Fiber optic,Bank transfer,3351.34,No,46-55,49-72 Months,0,0,Low
CUST-00383,65,Female,26,89.19,Month-to-month,2,DSL,Bank transfer,2318.94,No,56-65,25-48 Months,0,2,Low
CUST-00384,29,Male,72,98.89,Two year,3,Fiber optic,Mailed check,7120.08,No,26-35,49-72 Months,0,0,Low
CUST-00385,68,Male,5,83.54,Month-to-month,2,DSL,Credit card,417.7,No,66+,0-6 Months,0,4,Medium
CUST-00386,39,Male,15,73.04,Month-to-month,2,DSL,Mailed check,1095.6,Yes,36-45,13-24 Months,1,2,Low
CUST-00387,72,Male,16,47.47,Two year,2,Fiber optic,Mailed check,759.52,No,66+,13-24 Months,0,0,Low
CUST-00388,39,Male,1,82.73,Month-to-month,5,Fiber optic,Electronic check,82.73,No,36-45,0-6 Months,0,6,High
CUST-00389,63,Female,16,64.34,Month-to-month,2,Fiber optic,Electronic check,1029.44,Yes,56-65,13-24 Months,1,2,Low
CUST-00390,47,Female,37,90.41,Month-to-month,0,DSL,Bank transfer,3345.17,No,46-55,25-48 Months,0,2,Low
CUST-00391,55,Female,3,107.77,Month-to-month,2,Fiber optic,Bank transfer,323.31,Yes,46-55,0-6 Months,1,5,High
CUST-00392,55,Female,52,102.33,One year,2,Fiber optic,Bank transfer,5321.16,No,46-55,49-72 Months,0,1,Low
CUST-00393,62,Male,47,80.12,Month-to-month,2,Fiber optic,Electronic check,3765.64,No,56-65,25-48 Months,0,2,Low
CUST-00394,68,Male,13,92.29,Month-to-month,3,Fiber optic,Mailed check,1199.77,No,66+,13-24 Months,0,2,Low
CUST-00395,71,Male,55,57.03,Month-to-month,5,No,Mailed check,3136.65,Yes,66+,49-72 Months,1,4,Medium
CUST-00396,25,Male,21,23.15,Month-to-month,2,Fiber optic,Electronic check,486.15,No,18-25,13-24 Months,0,2,Low
CUST-00397,44,Male,66,101.25,Month-to-month,3,Fiber optic,Bank transfer,6682.5,No,36-45,49-72 Months,0,3,Medium
CUST-00398,44,Female,54,52.83,Two year,3,Fiber optic,Bank transfer,2852.82,No,36-45,49-72 Months,0,0,Low
CUST-00399,51,Female,27,106.96,Month-to-month,2,Fiber optic,Mailed check,2887.92,Yes,46-55,25-48 Months,1,3,Medium
CUST-00400,38,Male,38,117.11,Two year,3,DSL,Credit card,4450.18,Yes,36-45,25-48 Months,1,1,Low
CUST-00401,47,Male,58,139.07,Month-to-month,2,Fiber optic,Credit card,8066.06,Yes,46-55,49-72 Months,1,3,Medium
CUST-00402,50,Male,62,144.56,Month-to-month,1,DSL,Credit card,8962.72,Yes,46-55,49-72 Months,1,3,Medium
CUST-00403,45,Female,46,21.37,Month-to-month,3,Fiber optic,Credit card,983.02,Yes,36-45,25-48 Months,1,2,Low
CUST-00404,64,Male,11,148.75,Month-to-month,3,Fiber optic,Bank transfer,1636.25,No,56-65,7-12 Months,0,5,High
CUST-00405,50,Male,72,108.79,Month-to-month,3,No,Electronic check,7832.88,Yes,46-55,49-72 Months,1,3,Medium
CUST-00406,22,Male,8,103.66,Month-to-month,0,DSL,Electronic check,829.28,No,18-25,7-12 Months,0,5,High
CUST-00407,65,Female,71,21.98,Month-to-month,1,DSL,Credit card,1560.58,Yes,56-65,49-72 Months,1,2,Low
CUST-00408,36,Male,64,131.96,Month-to-month,3,Fiber optic,Electronic check,8445.44,No,36-45,49-72 Months,0,3,Medium
CUST-00409,21,Female,21,38.91,One year,3,Fiber optic,Mailed check,817.11,No,18-25,13-24 Months,0,0,Low
CUST-00410,52,Female,72,128.85,Two year,0,Fiber optic,Credit card,9277.2,Yes,46-55,49-72 Months,1,1,Low
CUST-00411,66,Female,63,22.02,Month-to-month,3,Fiber optic,Bank transfer,1387.26,Yes,66+,49-72 Months,1,2,Low
CUST-00412,34,Female,64,103.98,One year,1,Fiber optic,Credit card,6654.72,No,26-35,49-72 Months,0,1,Low
CUST-00413,61,Female,20,76.52,One year,2,DSL,Mailed check,1530.4,No,56-65,13-24 Months,0,0,Low
CUST-00414,45,Female,8,46.1,Month-to-month,3,Fiber optic,Electronic check,368.8,No,36-45,7-12 Months,0,4,Medium
CUST-00415,47,Male,58,33.98,Two year,4,DSL,Electronic check,1970.84,No,46-55,49-72 Months,0,0,Low
CUST-00416,46,Male,46,77.22,Two year,1,DSL,Electronic check,3552.12,Yes,46-55,25-48 Months,1,0,Low
CUST-00417,63,Male,31,36.03,Month-to-month,4,Fiber optic,Bank transfer,1116.93,No,56-65,25-48 Months,0,2,Low
CUST-00418,70,Female,9,83.24,One year,5,Fiber optic,Credit card,749.16,No,66+,7-12 Months,0,4,Medium
CUST-00419,23,Male,15,101.28,One year,6,Fiber optic,Bank transfer,1519.2,Yes,18-25,13-24 Months,1,3,Medium
CUST-00420,52,Female,26,127.56,Month-to-month,4,DSL,Mailed check,3316.56,Yes,46-55,25-48 Months,1,3,Medium
CUST-00421,58,Female,10,108.22,Month-to-month,1,No,Bank transfer,1082.2,Yes,56-65,7-12 Months,1,5,High
CUST-00422,54,Female,29,28.48,Two year,0,DSL,Credit card,825.92,No,46-55,25-48 Months,0,0,Low
CUST-00423,41,Male,36,59.97,One year,2,Fiber optic,Electronic check,2158.92,No,36-45,25-48 Months,0,0,Low
CUST-00424,46,Female,37,57.44,Month-to-month,2,Fiber optic,Electronic check,2125.28,Yes,46-55,25-48 Months,1,2,Low
CUST-00425,66,Female,71,138.95,Month-to-month,0,No,Electronic check,9865.45,No,66+,49-72 Months,0,3,Medium
CUST-00426,63,Male,23,132.81,Two year,3,Fiber optic,Electronic check,3054.63,Yes,56-65,13-24 Months,1,1,Low
CUST-00427,70,Male,41,68.12,Month-to-month,2,DSL,Bank transfer,2792.92,Yes,66+,25-48 Months,1,2,Low
CUST-00428,48,Female,28,29.25,One year,3,Fiber optic,Credit card,819.0,No,46-55,25-48 Months,0,0,Low
CUST-00429,52,Female,48,136.23,Month-to-month,4,Fiber optic,Credit card,6539.04,Yes,46-55,25-48 Months,1,3,Medium
CUST-00430,50,Male,38,135.46,Month-to-month,1,Fiber optic,Credit card,5147.48,Yes,46-55,25-48 Months,1,3,Medium
CUST-00431,69,Male,31,131.12,Month-to-month,2,Fiber optic,Bank transfer,4064.72,No,66+,25-48 Months,0,3,Medium
CUST-00432,38,Male,14,129.86,Month-to-month,2,Fiber optic,Electronic check,1818.04,Yes,36-45,13-24 Months,1,3,Medium
CUST-00433,49,Female,29,82.43,Month-to-month,1,Fiber optic,Electronic check,2390.47,Yes,46-55,25-48 Months,1,2,Low
CUST-00434,40,Male,51,43.07,One year,5,Fiber optic,Credit card,2196.57,No,36-45,49-72 Months,0,2,Low
CUST-00435,50,Male,49,82.07,One year,4,No,Electronic check,4021.43,No,46-55,49-72 Months,0,0,Low
CUST-00436,20,Male,43,84.3,Month-to-month,3,No,Bank transfer,3624.9,No,18-25,25-48 Months,0,2,Low
CUST-00437,35,Female,72,83.69,One year,2,Fiber optic,Mailed check,6025.68,No,26-35,49-72 Months,0,0,Low
CUST-00438,42,Male,5,90.04,Month-to-month,3,No,Electronic check,450.2,Yes,36-45,0-6 Months,1,4,Medium
CUST-00439,59,Male,42,53.5,Month-to-month,2,Fiber optic,Mailed check,2247.0,Yes,56-65,25-48 Months,1,2,Low
CUST-00440,48,Male,7,67.61,Month-to-month,3,Fiber optic,Mailed check,473.27,No,46-55,7-12 Months,0,4,Medium
CUST-00441,71,Male,42,76.44,Month-to-month,4,DSL,Mailed check,3210.48,Yes,66+,25-48 Months,1,2,Low
CUST-00442,75,Male,36,37.05,Two year,2,No,Electronic check,1333.8,No,66+,25-48 Months,0,0,Low
CUST-00443,20,Female,27,79.2,One year,3,Fiber optic,Mailed check,2138.4,No,18-25,25-48 Months,0,0,Low
CUST-00444,57,Female,58,125.36,Month-to-month,1,Fiber optic,Electronic check,7270.88,No,56-65,49-72 Months,0,3,Medium
CUST-00445,63,Female,46,127.65,One year,2,No,Credit card,5871.9,No,56-65,25-48 Months,0,1,Low
CUST-00446,41,Male,66,73.5,Month-to-month,2,Fiber optic,Bank transfer,4851.0,No,36-45,49-72 Months,0,2,Low
CUST-00447,67,Female,25,87.45,Month-to-month,0,Fiber optic,Mailed check,2186.25,No,66+,25-48 Months,0,2,Low
CUST-00448,49,Female,27,24.37,Month-to-month,6,DSL,Mailed check,657.99,No,46-55,25-48 Months,0,4,Medium
CUST-00449,64,Female,1,107.68,One year,2,DSL,Credit card,107.68,No,56-65,0-6 Months,0,3,Medium
CUST-00450,39,Male,42,72.6,Month-to-month,3,Fiber optic,Bank transfer,3049.2,No,36-45,25-48 Months,0,2,Low
CUST-00451,40,Male,52,77.91,Two year,3,Fiber optic,Credit card,4051.32,No,36-45,49-72 Months,0,0,Low
CUST-00452,19,Female,25,133.58,Month-to-month,1,DSL,Bank transfer,3339.5,No,18-25,25-48 Months,0,3,Medium
CUST-00453,44,Female,54,80.04,Month-to-month,1,Fiber optic,Mailed check,4322.16,Yes,36-45,49-72 Months,1,2,Low
CUST-00454,59,Male,67,22.75,Two year,1,DSL,Bank transfer,1524.25,Yes,56-65,49-72 Months,1,0,Low
CUST-00455,19,Male,6,49.57,Month-to-month,1,DSL,Credit card,297.42,Yes,18-25,0-6 Months,1,4,Medium
CUST-00456,43,Female,58,81.83,Two year,1,Fiber optic,Mailed check,4746.14,No,36-45,49-72 Months,0,0,Low
CUST-00457,34,Male,70,75.17,Two year,7,Fiber optic,Credit card,5261.9,No,26-35,49-72 Months,0,2,Low
CUST-00458,57,Female,53,131.85,Two year,5,Fiber optic,Mailed check,6988.05,No,56-65,49-72 Months,0,3,Medium
CUST-00459,50,Male,66,90.48,Month-to-month,3,DSL,Electronic check,5971.68,No,46-55,49-72 Months,0,2,Low
CUST-00460,26,Female,58,109.65,Month-to-month,3,No,Mailed check,6359.7,No,26-35,49-72 Months,0,3,Medium
CUST-00461,60,Female,2,81.01,One year,2,No,Bank transfer,162.02,Yes,56-65,0-6 Months,1,2,Low
CUST-00462,71,Male,22,77.16,One year,2,Fiber optic,Bank transfer,1697.52,No,66+,13-24 Months,0,0,Low
CUST-00463,65,Female,37,78.02,One year,1,No,Bank transfer,2886.74,No,56-65,25-48 Months,0,0,Low
CUST-00464,56,Female,20,73.42,Month-to-month,3,Fiber optic,Bank transfer,1468.4,No,56-65,13-24 Months,0,2,Low
CUST-00465,46,Female,24,90.02,Month-to-month,2,DSL,Bank transfer,2160.48,Yes,46-55,13-24 Months,1,2,Low
CUST-00466,59,Male,65,52.56,Month-to-month,0,DSL,Electronic check,3416.4,No,56-65,49-72 Months,0,2,Low
CUST-00467,72,Male,65,135.84,Month-to-month,3,DSL,Mailed check,8829.6,No,66+,49-72 Months,0,3,Medium
CUST-00468,43,Male,1,63.3,Month-to-month,3,Fiber optic,Mailed check,63.3,No,36-45,0-6 Months,0,4,Medium
CUST-00469,52,Female,3,39.18,Month-to-month,1,Fiber optic,Electronic check,117.54,No,46-55,0-6 Months,0,4,Medium
CUST-00470,67,Male,46,32.55,Month-to-month,2,Fiber optic,Electronic check,1497.3,Yes,66+,25-48 Months,1,2,Low
CUST-00471,42,Female,55,21.74,One year,4,Fiber optic,Bank transfer,1195.7,No,36-45,49-72 Months,0,0,Low
CUST-00472,41,Female,64,74.97,One year,2,Fiber optic,Credit card,4798.08,No,36-45,49-72 Months,0,0,Low
CUST-00473,30,Male,45,44.39,Month-to-month,1,DSL,Credit card,1997.55,Yes,26-35,25-48 Months,1,2,Low
CUST-00474,75,Male,26,22.81,Month-to-month,4,DSL,Bank transfer,593.06,Yes,66+,25-48 Months,1,2,Low
CUST-00475,24,Female,65,87.6,One year,2,Fiber optic,Electronic check,5694.0,No,18-25,49-72 Months,0,0,Low
CUST-00476,74,Female,24,108.4,Month-to-month,2,Fiber optic,Mailed check,2601.6,No,66+,13-24 Months,0,3,Medium
CUST-00477,53,Male,35,31.15,Two year,4,Fiber optic,Credit card,1090.25,No,46-55,25-48 Months,0,0,Low
CUST-00478,62,Male,24,79.92,One year,0,DSL,Credit card,1918.08,No,56-65,13-24 Months,0,0,Low
CUST-00479,37,Male,28,116.67,Two year,1,DSL,Electronic check,3266.76,No,36-45,25-48 Months,0,1,Low
CUST-00480,18,Female,16,148.15,One year,1,No,Bank transfer,2370.4,Yes,18-25,13-24 Months,1,1,Low
CUST-00481,25,Female,59,106.73,Month-to-month,3,DSL,Mailed check,6297.07,No,18-25,49-72 Months,0,3,Medium
CUST-00482,63,Female,54,51.83,One year,3,DSL,Bank transfer,2798.82,No,56-65,49-72 Months,0,0,Low
CUST-00483,33,Female,16,113.15,Month-to-month,6,Fiber optic,Bank transfer,1810.4,No,26-35,13-24 Months,0,5,High
CUST-00484,31,Female,15,97.73,Month-to-month,2,DSL,Bank transfer,1465.95,Yes,26-35,13-24 Months,1,2,Low
CUST-00485,29,Male,11,47.53,Month-to-month,4,No,Bank transfer,522.83,Yes,26-35,7-12 Months,1,4,Medium
CUST-00486,68,Male,65,130.64,Month-to-month,1,Fiber optic,Credit card,8491.6,No,66+,49-72 Months,0,3,Medium
CUST-00487,40,Female,68,75.56,Month-to-month,2,No,Electronic check,5138.08,No,36-45,49-72 Months,0,2,Low
CUST-00488,32,Female,43,145.06,Month-to-month,2,Fiber optic,Mailed check,6237.58,No,26-35,25-48 Months,0,3,Medium
CUST-00489,45,Male,69,113.98,One year,1,Fiber optic,Credit card,7864.62,No,36-45,49-72 Months,0,1,Low
CUST-00490,51,Male,13,103.79,Two year,3,Fiber optic,Mailed check,1349.27,No,46-55,13-24 Months,0,1,Low
CUST-00491,19,Male,10,114.69,Month-to-month,8,Fiber optic,Mailed check,1146.9,Yes,18-25,7-12 Months,1,7,High
CUST-00492,49,Male,41,82.15,Month-to-month,3,DSL,Credit card,3368.15,No,46-55,25-48 Months,0,2,Low
CUST-00493,40,Female,50,85.68,Month-to-month,4,Fiber optic,Credit card,4284.0,No,36-45,49-72 Months,0,2,Low
CUST-00494,39,Male,71,130.66,Two year,2,DSL,Mailed check,9276.86,No,36-45,49-72 Months,0,1,Low
CUST-00495,68,Female,59,108.52,Month-to-month,2,Fiber optic,Mailed check,6402.68,No,66+,49-72 Months,0,3,Medium
CUST-00496,42,Male,39,136.64,Two year,2,Fiber optic,Electronic check,5328.96,No,36-45,25-48 Months,0,1,Low
CUST-00497,75,Male,3,135.81,Month-to-month,2,DSL,Credit card,407.43,Yes,66+,0-6 Months,1,5,High
CUST-00498,39,Male,7,146.94,Two year,5,DSL,Credit card,1028.58,Yes,36-45,7-12 Months,1,5,High
CUST-00499,75,Female,49,111.03,Month-to-month,2,DSL,Mailed check,5440.47,No,66+,49-72 Months,0,3,Medium
CUST-00500,75,Female,26,85.3,Month-to-month,5,No,Mailed check,2217.8,Yes,66+,25-48 Months,1,4,Medium
CUST-00501,39,Male,33,41.62,Month-to-month,3,Fiber optic,Bank transfer,1373.46,Yes,36-45,25-48 Months,1,2,Low
CUST-00502,66,Female,48,111.7,Month-to-month,3,Fiber optic,Mailed check,5361.6,Yes,66+,25-48 Months,1,3,Medium
CUST-00503,69,Female,2,57.91,Two year,4,DSL,Mailed check,115.82,No,66+,0-6 Months,0,2,Low
CUST-00504,59,Male,71,56.78,One year,5,DSL,Electronic check,4031.38,No,56-65,49-72 Months,0,2,Low
CUST-00505,23,Male,32,50.98,Month-to-month,2,DSL,Mailed check,1631.36,No,18-25,25-48 Months,0,2,Low
CUST-00506,32,Female,4,133.77,Two year,1,Fiber optic,Bank transfer,535.08,Yes,26-35,0-6 Months,1,3,Medium
CUST-00507,71,Female,20,132.84,Month-to-month,2,Fiber optic,Bank transfer,2656.8,Yes,66+,13-24 Months,1,3,Medium
CUST-00508,60,Female,36,102.03,Two year,2,Fiber optic,Credit card,3673.08,Yes,56-65,25-48 Months,1,1,Low
CUST-00509,54,Male,32,81.49,Month-to-month,2,Fiber optic,Bank transfer,2607.68,No,46-55,25-48 Months,0,2,Low
CUST-00510,50,Male,28,107.37,Two year,3,DSL,Credit card,3006.36,No,46-55,25-48 Months,0,1,Low
CUST-00511,25,Female,1,98.94,Month-to-month,1,No,Mailed check,98.94,No,18-25,0-6 Months,0,4,Medium
CUST-00512,70,Male,60,74.05,Month-to-month,2,Fiber optic,Bank transfer,4443.0,Yes,66+,49-72 Months,1,2,Low
CUST-00513,61,Male,56,69.35,Month-to-month,2,Fiber optic,Electronic check,3883.6,Yes,56-65,49-72 Months,1,2,Low
CUST-00514,61,Female,35,69.76,Month-to-month,2,DSL,Electronic check,2441.6,Yes,56-65,25-48 Months,1,2,Low
CUST-00515,22,Female,30,96.59,One year,1,No,Bank transfer,2897.7,No,18-25,25-48 Months,0,0,Low
CUST-00516,56,Male,54,104.2,Month-to-month,2,Fiber optic,Credit card,5626.8,No,56-65,49-72 Months,0,3,Medium
CUST-00517,21,Male,36,78.73,Two year,5,DSL,Credit card,2834.28,No,18-25,25-48 Months,0,2,Low
CUST-00518,23,Female,55,145.93,Two year,3,Fiber optic,Credit card,8026.15,No,18-25,49-72 Months,0,1,Low
CUST-00519,62,Male,58,30.9,Two year,3,DSL,Bank transfer,1792.2,No,56-65,49-72 Months,0,0,Low
CUST-00520,49,Male,65,65.12,Two year,6,No,Mailed check,4232.8,No,46-55,49-72 Months,0,2,Low
CUST-00521,69,Female,69,74.48,One year,2,No,Mailed check,5139.12,Yes,66+,49-72 Months,1,0,Low
CUST-00522,47,Female,51,22.2,Two year,6,Fiber optic,Mailed check,1132.2,Yes,46-55,49-72 Months,1,2,Low
CUST-00523,64,Male,22,67.44,Two year,2,DSL,Credit card,1483.68,No,56-65,13-24 Months,0,0,Low
CUST-00524,52,Male,53,55.58,Month-to-month,3,Fiber optic,Bank transfer,2945.74,No,46-55,49-72 Months,0,2,Low
CUST-00525,72,Male,36,85.78,One year,1,DSL,Electronic check,3088.08,No,66+,25-48 Months,0,0,Low
CUST-00526,57,Female,68,63.73,Two year,2,DSL,Mailed check,4333.64,Yes,56-65,49-72 Months,1,0,Low
CUST-00527,69,Male,36,114.4,One year,1,Fiber optic,Mailed check,4118.4,Yes,66+,25-48 Months,1,1,Low
CUST-00528,33,Male,52,86.29,Month-to-month,3,DSL,Credit card,4487.08,Yes,26-35,49-72 Months,1,2,Low
CUST-00529,30,Female,53,36.87,Month-to-month,4,Fiber optic,Mailed check,1954.11,No,26-35,49-72 Months,0,2,Low
CUST-00530,67,Female,50,117.51,Two year,5,DSL,Bank transfer,5875.5,No,66+,49-72 Months,0,3,Medium
CUST-00531,59,Male,41,32.9,Two year,3,No,Mailed check,1348.9,No,56-65,25-48 Months,0,0,Low
CUST-00532,47,Female,18,129.08,Month-to-month,2,DSL,Credit card,2323.44,Yes,46-55,13-24 Months,1,3,Medium
CUST-00533,36,Female,22,141.08,Month-to-month,4,Fiber optic,Bank transfer,3103.76,No,36-45,13-24 Months,0,3,Medium
CUST-00534,34,Male,66,61.92,Month-to-month,4,Fiber optic,Credit card,4086.72,No,26-35,49-72 Months,0,2,Low
CUST-00535,73,Female,21,140.4,One year,4,DSL,Electronic check,2948.4,No,66+,13-24 Months,0,1,Low
CUST-00536,36,Female,44,123.09,Month-to-month,2,Fiber optic,Mailed check,5415.96,Yes,36-45,25-48 Months,1,3,Medium
CUST-00537,45,Male,47,139.92,One year,2,Fiber optic,Bank transfer,6576.24,No,36-45,25-48 Months,0,1,Low
CUST-00538,75,Female,39,106.62,Two year,0,Fiber optic,Bank transfer,4158.18,No,66+,25-48 Months,0,1,Low
CUST-00539,72,Male,29,50.63,One year,2,Fiber optic,Mailed check,1468.27,No,66+,25-48 Months,0,0,Low
CUST-00540,43,Male,54,136.29,Month-to-month,1,Fiber optic,Electronic check,7359.66,No,36-45,49-72 Months,0,3,Medium
CUST-00541,54,Female,17,43.95,Two year,3,Fiber optic,Electronic check,747.15,No,46-55,13-24 Months,0,0,Low
CUST-00542,43,Female,60,47.7,One year,2,Fiber optic,Mailed check,2862.0,Yes,36-45,49-72 Months,1,0,Low
CUST-00543,70,Female,31,55.24,Month-to-month,4,Fiber optic,Mailed check,1712.44,Yes,66+,25-48 Months,1,2,Low
CUST-00544,40,Male,49,59.55,Month-to-month,3,DSL,Mailed check,2917.95,Yes,36-45,49-72 Months,1,2,Low
CUST-00545,26,Female,2,86.88,One year,2,DSL,Credit card,173.76,Yes,26-35,0-6 Months,1,2,Low
CUST-00546,29,Male,48,112.75,Two year,4,Fiber optic,Bank transfer,5412.0,Yes,26-35,25-48 Months,1,1,Low
CUST-00547,70,Female,14,140.41,Two year,1,DSL,Bank transfer,1965.74,No,66+,13-24 Months,0,1,Low
CUST-00548,18,Female,59,31.5,Month-to-month,3,Fiber optic,Mailed check,1858.5,No,18-25,49-72 Months,0,2,Low
CUST-00549,75,Female,58,144.07,Month-to-month,4,Fiber optic,Credit card,8356.06,No,66+,49-72 Months,0,3,Medium
CUST-00550,75,Male,58,139.77,Month-to-month,1,Fiber optic,Credit card,8106.66,Yes,66+,49-72 Months,1,3,Medium
CUST-00551,18,Female,51,27.02,One year,2,DSL,Bank transfer,1378.02,Yes,18-25,49-72 Months,1,0,Low
CUST-00552,64,Female,2,66.84,One year,2,No,Electronic check,133.68,No,56-65,0-6 Months,0,2,Low
CUST-00553,51,Male,41,125.71,Month-to-month,5,DSL,Mailed check,5154.11,No,46-55,25-48 Months,0,5,High
CUST-00554,49,Male,16,99.5,Month-to-month,4,No,Mailed check,1592.0,Yes,46-55,13-24 Months,1,2,Low
CUST-00555,71,Female,4,121.28,Two year,1,Fiber optic,Credit card,485.12,Yes,66+,0-6 Months,1,3,Medium
CUST-00556,65,Female,12,113.47,Two year,3,Fiber optic,Bank transfer,1361.64,Yes,56-65,7-12 Months,1,3,Medium
CUST-00557,42,Female,29,84.58,Month-to-month,3,DSL,Credit card,2452.82,No,36-45,25-48 Months,0,2,Low
CUST-00558,57,Male,7,25.36,One year,2,Fiber optic,Electronic check,177.52,No,56-65,7-12 Months,0,2,Low
CUST-00559,62,Male,14,95.95,One year,4,No,Bank transfer,1343.3,Yes,56-65,13-24 Months,1,0,Low
CUST-00560,70,Male,12,26.31,Month-to-month,3,Fiber optic,Mailed check,315.72,No,66+,7-12 Months,0,4,Medium
CUST-00561,18,Male,5,98.48,Month-to-month,1,Fiber optic,Bank transfer,492.4,No,18-25,0-6 Months,0,4,Medium
CUST-00562,33,Female,32,124.05,Month-to-month,1,DSL,Bank transfer,3969.6,Yes,26-35,25-48 Months,1,3,Medium
CUST-00563,56,Male,43,96.05,Month-to-month,1,Fiber optic,Mailed check,4130.15,No,56-65,25-48 Months,0,2,Low
CUST-00564,22,Male,69,149.61,One year,0,Fiber optic,Electronic check,10323.09,No,18-25,49-72 Months,0,1,Low
CUST-00565,39,Male,45,79.26,Month-to-month,3,Fiber optic,Credit card,3566.7,No,36-45,25-48 Months,0,2,Low
CUST-00566,46,Female,9,117.35,Month-to-month,3,DSL,Electronic check,1056.15,No,46-55,7-12 Months,0,5,High
CUST-00567,72,Female,49,106.74,Month-to-month,4,Fiber optic,Electronic check,5230.26,No,66+,49-72 Months,0,3,Medium
CUST-00568,20,Male,33,148.89,Month-to-month,2,Fiber optic,Electronic check,4913.37,Yes,18-25,25-48 Months,1,3,Medium
CUST-00569,29,Male,18,112.72,One year,5,Fiber optic,Bank transfer,2028.96,No,26-35,13-24 Months,0,3,Medium
CUST-00570,43,Female,9,41.32,Month-to-month,2,No,Electronic check,371.88,No,36-45,7-12 Months,0,4,Medium
CUST-00571,33,Female,62,144.22,Month-to-month,4,Fiber optic,Bank transfer,8941.64,No,26-35,49-72 Months,0,3,Medium
CUST-00572,68,Female,57,106.81,Two year,3,No,Bank transfer,6088.17,No,66+,49-72 Months,0,1,Low
CUST-00573,54,Female,29,27.71,Month-to-month,2,Fiber optic,Credit card,803.59,Yes,46-55,25-48 Months,1,2,Low
CUST-00574,39,Female,25,105.48,One year,4,Fiber optic,Credit card,2637.0,No,36-45,25-48 Months,0,1,Low
CUST-00575,74,Female,15,134.81,Month-to-month,3,DSL,Electronic check,2022.15,No,66+,13-24 Months,0,3,Medium
CUST-00576,46,Female,6,95.02,Two year,4,DSL,Bank transfer,570.12,Yes,46-55,0-6 Months,1,2,Low
CUST-00577,31,Female,42,66.02,Two year,2,DSL,Mailed check,2772.84,Yes,26-35,25-48 Months,1,0,Low
CUST-00578,45,Male,29,126.72,Month-to-month,4,No,Bank transfer,3674.88,Yes,36-45,25-48 Months,1,3,Medium
CUST-00579,22,Male,4,121.73,One year,4,DSL,Credit card,486.92,Yes,18-25,0-6 Months,1,3,Medium
CUST-00580,64,Male,57,90.74,Month-to-month,4,DSL,Mailed check,5172.18,No,56-65,49-72 Months,0,2,Low
CUST-00581,66,Male,49,40.07,Two year,1,DSL,Bank transfer,1963.43,No,66+,49-72 Months,0,0,Low
CUST-00582,47,Male,44,52.63,Month-to-month,3,DSL,Electronic check,2315.72,No,46-55,25-48 Months,0,2,Low
CUST-00583,63,Male,14,116.0,Two year,3,DSL,Bank transfer,1624.0,No,56-65,13-24 Months,0,1,Low
CUST-00584,69,Female,3,124.79,Month-to-month,4,DSL,Mailed check,374.37,Yes,66+,0-6 Months,1,5,High
CUST-00585,22,Female,62,56.3,One year,2,No,Electronic check,3490.6,No,18-25,49-72 Months,0,0,Low
CUST-00586,29,Male,64,67.84,Two year,3,DSL,Mailed check,4341.76,Yes,26-35,49-72 Months,1,0,Low
CUST-00587,33,Male,45,30.09,Two year,0,DSL,Credit card,1354.05,No,26-35,25-48 Months,0,0,Low
CUST-00588,43,Female,58,112.75,Month-to-month,3,No,Credit card,6539.5,No,36-45,49-72 Months,0,3,Medium
CUST-00589,43,Female,20,20.47,Month-to-month,3,Fiber optic,Bank transfer,409.4,No,36-45,13-24 Months,0,2,Low
CUST-00590,65,Female,58,26.05,Month-to-month,3,DSL,Bank transfer,1510.9,Yes,56-65,49-72 Months,1,2,Low
CUST-00591,38,Male,57,20.56,Month-to-month,3,DSL,Credit card,1171.92,Yes,36-45,49-72 Months,1,2,Low
CUST-00592,56,Female,68,103.89,Month-to-month,3,DSL,Mailed check,7064.52,No,56-65,49-72 Months,0,3,Medium
CUST-00593,53,Male,52,74.26,Month-to-month,2,Fiber optic,Mailed check,3861.52,No,46-55,49-72 Months,0,2,Low
CUST-00594,50,Male,37,58.68,Month-to-month,0,DSL,Electronic check,2171.16,No,46-55,25-48 Months,0,2,Low
CUST-00595,47,Female,8,138.65,Month-to-month,4,Fiber optic,Electronic check,1109.2,No,46-55,7-12 Months,0,5,High
CUST-00596,54,Female,44,45.06,Month-to-month,2,Fiber optic,Electronic check,1982.64,Yes,46-55,25-48 Months,1,2,Low
CUST-00597,40,Male,5,70.62,Month-to-month,3,DSL,Credit card,353.1,Yes,36-45,0-6 Months,1,4,Medium
CUST-00598,75,Female,69,142.24,Month-to-month,3,Fiber optic,Credit card,9814.56,No,66+,49-72 Months,0,3,Medium
CUST-00599,27,Female,31,75.52,One year,3,No,Credit card,2341.12,Yes,26-35,25-48 Months,1,0,Low
CUST-00600,71,Male,45,92.11,Month-to-month,4,Fiber optic,Bank transfer,4144.95,Yes,66+,25-48 Months,1,2,Low
CUST-00601,22,Female,9,30.44,Month-to-month,1,Fiber optic,Mailed check,273.96,No,18-25,7-12 Months,0,4,Medium
CUST-00602,53,Male,32,122.72,Month-to-month,3,Fiber optic,Credit card,3927.04,No,46-55,25-48 Months,0,3,Medium
CUST-00603,51,Male,33,74.96,Month-to-month,4,Fiber optic,Electronic check,2473.68,Yes,46-55,25-48 Months,1,2,Low
CUST-00604,69,Female,67,124.07,One year,2,Fiber optic,Electronic check,8312.69,No,66+,49-72 Months,0,1,Low
CUST-00605,48,Male,30,52.99,Month-to-month,0,Fiber optic,Credit card,1589.7,No,46-55,25-48 Months,0,2,Low
CUST-00606,27,Male,29,74.92,Month-to-month,3,Fiber optic,Credit card,2172.68,No,26-35,25-48 Months,0,2,Low
CUST-00607,75,Female,3,122.25,Two year,3,Fiber optic,Mailed check,366.75,No,66+,0-6 Months,0,3,Medium
CUST-00608,36,Female,57,146.6,Two year,2,No,Electronic check,8356.2,No,36-45,49-72 Months,0,1,Low
CUST-00609,75,Female,30,27.75,Month-to-month,6,Fiber optic,Mailed check,832.5,No,66+,25-48 Months,0,4,Medium
CUST-00610,49,Male,9,125.62,Month-to-month,3,Fiber optic,Credit card,1130.58,Yes,46-55,7-12 Months,1,5,High
CUST-00611,18,Male,26,59.09,Month-to-month,2,Fiber optic,Mailed check,1536.34,No,18-25,25-48 Months,0,2,Low
CUST-00612,73,Female,2,91.6,Month-to-month,3,DSL,Bank transfer,183.2,Yes,66+,0-6 Months,1,4,Medium
CUST-00613,22,Male,62,57.71,Month-to-month,1,Fiber optic,Credit card,3578.02,Yes,18-25,49-72 Months,1,2,Low
CUST-00614,62,Female,3,99.75,One year,4,Fiber optic,Electronic check,299.25,Yes,56-65,0-6 Months,1,2,Low
CUST-00615,21,Female,46,65.99,Month-to-month,2,DSL,Electronic check,3035.54,No,18-25,25-48 Months,0,2,Low
CUST-00616,33,Male,68,63.37,Two year,3,Fiber optic,Mailed check,4309.16,No,26-35,49-72 Months,0,0,Low
CUST-00617,41,Female,25,24.93,Month-to-month,3,No,Credit card,623.25,Yes,36-45,25-48 Months,1,2,Low
CUST-00618,33,Male,51,39.1,Month-to-month,3,No,Electronic check,1994.1,Yes,26-35,49-72 Months,1,2,Low
CUST-00619,72,Male,13,139.22,One year,2,No,Mailed check,1809.86,No,66+,13-24 Months,0,1,Low
CUST-00620,19,Female,44,149.78,Month-to-month,0,DSL,Mailed check,6590.32,No,18-25,25-48 Months,0,3,Medium
CUST-00621,66,Male,35,121.47,Month-to-month,1,DSL,Credit card,4251.45,Yes,66+,25-48 Months,1,3,Medium
CUST-00622,45,Female,55,57.29,Month-to-month,5,Fiber optic,Electronic check,3150.95,Yes,36-45,49-72 Months,1,4,Medium
CUST-00623,49,Male,9,72.32,Month-to-month,3,DSL,Electronic check,650.88,No,46-55,7-12 Months,0,4,Medium
CUST-00624,44,Male,2,116.14,Month-to-month,2,Fiber optic,Electronic check,232.28,Yes,36-45,0-6 Months,1,5,High
CUST-00625,37,Male,61,145.91,Month-to-month,1,DSL,Credit card,8900.51,No,36-45,49-72 Months,0,3,Medium
CUST-00626,41,Female,41,79.21,Month-to-month,4,Fiber optic,Credit card,3247.61,No,36-45,25-48 Months,0,2,Low
CUST-00627,29,Male,44,127.84,Month-to-month,3,DSL,Credit card,5624.96,Yes,26-35,25-48 Months,1,3,Medium
CUST-00628,67,Female,64,146.76,Two year,1,Fiber optic,Bank transfer,9392.64,Yes,66+,49-72 Months,1,1,Low
CUST-00629,52,Male,31,133.55,Month-to-month,2,Fiber optic,Mailed check,4140.05,No,46-55,25-48 Months,0,3,Medium
CUST-00630,50,Male,47,49.53,Month-to-month,1,No,Bank transfer,2327.91,No,46-55,25-48 Months,0,2,Low
CUST-00631,50,Female,2,21.04,Two year,2,No,Bank transfer,42.08,No,46-55,0-6 Months,0,2,Low
CUST-00632,68,Female,69,83.97,One year,3,Fiber optic,Electronic check,5793.93,Yes,66+,49-72 Months,1,0,Low
CUST-00633,60,Female,58,89.08,Month-to-month,2,No,Electronic check,5166.64,Yes,56-65,49-72 Months,1,2,Low
CUST-00634,54,Female,44,46.16,Month-to-month,2,Fiber optic,Mailed check,2031.04,Yes,46-55,25-48 Months,1,2,Low
CUST-00635,29,Female,56,57.01,One year,3,Fiber optic,Mailed check,3192.56,No,26-35,49-72 Months,0,0,Low
CUST-00636,20,Male,43,119.47,Month-to-month,3,No,Credit card,5137.21,No,18-25,25-48 Months,0,3,Medium
CUST-00637,18,Male,34,81.15,One year,0,DSL,Electronic check,2759.1,No,18-25,25-48 Months,0,0,Low
CUST-00638,50,Female,30,61.26,Two year,2,No,Bank transfer,1837.8,No,46-55,25-48 Months,0,0,Low
CUST-00639,57,Male,71,100.94,Month-to-month,1,Fiber optic,Mailed check,7166.74,No,56-65,49-72 Months,0,3,Medium
CUST-00640,27,Male,70,104.86,Month-to-month,2,Fiber optic,Mailed check,7340.2,Yes,26-35,49-72 Months,1,3,Medium
CUST-00641,60,Male,55,120.02,One year,5,Fiber optic,Bank transfer,6601.1,Yes,56-65,49-72 Months,1,3,Medium
CUST-00642,61,Female,67,40.37,Month-to-month,3,Fiber optic,Credit card,2704.79,No,56-65,49-72 Months,0,2,Low
CUST-00643,46,Male,13,116.4,Month-to-month,5,Fiber optic,Electronic check,1513.2,No,46-55,13-24 Months,0,5,High
CUST-00644,30,Male,3,97.93,Month-to-month,3,Fiber optic,Electronic check,293.79,Yes,26-35,0-6 Months,1,4,Medium
CUST-00645,29,Male,26,27.48,One year,3,DSL,Bank transfer,714.48,No,26-35,25-48 Months,0,0,Low
CUST-00646,48,Female,57,121.07,One year,6,DSL,Credit card,6900.99,No,46-55,49-72 Months,0,3,Medium
CUST-00647,63,Male,24,69.8,Two year,2,Fiber optic,Bank transfer,1675.2,No,56-65,13-24 Months,0,0,Low
CUST-00648,19,Male,53,62.95,Two year,3,DSL,Electronic check,3336.35,No,18-25,49-72 Months,0,0,Low
CUST-00649,68,Female,70,78.25,Month-to-month,4,DSL,Bank transfer,5477.5,No,66+,49-72 Months,0,2,Low
CUST-00650,67,Female,43,65.0,One year,4,DSL,Bank transfer,2795.0,No,66+,25-48 Months,0,0,Low
CUST-00651,52,Male,60,63.98,Month-to-month,2,DSL,Electronic check,3838.8,No,46-55,49-72 Months,0,2,Low
CUST-00652,40,Male,58,125.05,One year,7,Fiber optic,Electronic check,7252.9,No,36-45,49-72 Months,0,3,Medium
CUST-00653,34,Female,49,36.19,Month-to-month,2,DSL,Electronic check,1773.31,No,26-35,49-72 Months,0,2,Low
CUST-00654,43,Female,42,146.18,Month-to-month,3,No,Bank transfer,6139.56,Yes,36-45,25-48 Months,1,3,Medium
CUST-00655,25,Female,66,92.14,One year,4,Fiber optic,Bank transfer,6081.24,No,18-25,49-72 Months,0,0,Low
CUST-00656,46,Female,11,43.78,Month-to-month,2,Fiber optic,Bank transfer,481.58,Yes,46-55,7-12 Months,1,4,Medium
CUST-00657,43,Female,18,37.06,Two year,1,Fiber optic,Credit card,667.08,Yes,36-45,13-24 Months,1,0,Low
CUST-00658,27,Female,52,96.9,One year,4,Fiber optic,Mailed check,5038.8,No,26-35,49-72 Months,0,0,Low
CUST-00659,43,Female,46,102.29,Month-to-month,3,Fiber optic,Credit card,4705.34,No,36-45,25-48 Months,0,3,Medium
CUST-00660,51,Male,44,26.89,Month-to-month,2,DSL,Mailed check,1183.16,No,46-55,25-48 Months,0,2,Low
CUST-00661,68,Female,22,51.59,Two year,1,DSL,Electronic check,1134.98,No,66+,13-24 Months,0,0,Low
CUST-00662,58,Female,53,123.41,Month-to-month,5,Fiber optic,Mailed check,6540.73,Yes,56-65,49-72 Months,1,5,High
CUST-00663,24,Male,59,26.45,One year,0,DSL,Credit card,1560.55,No,18-25,49-72 Months,0,0,Low
CUST-00664,21,Female,30,131.16,One year,1,DSL,Electronic check,3934.8,No,18-25,25-48 Months,0,1,Low
CUST-00665,75,Female,8,105.56,Two year,3,Fiber optic,Mailed check,844.48,Yes,66+,7-12 Months,1,3,Medium
CUST-00666,70,Male,57,76.48,One year,1,Fiber optic,Mailed check,4359.36,No,66+,49-72 Months,0,0,Low
CUST-00667,67,Female,20,65.04,One year,1,Fiber optic,Mailed check,1300.8,Yes,66+,13-24 Months,1,0,Low
CUST-00668,62,Male,25,22.5,Two year,2,No,Bank transfer,562.5,Yes,56-65,25-48 Months,1,0,Low
CUST-00669,28,Male,19,127.28,Two year,5,DSL,Electronic check,2418.32,No,26-35,13-24 Months,0,3,Medium
CUST-00670,46,Male,5,38.55,One year,5,No,Bank transfer,192.75,No,46-55,0-6 Months,0,4,Medium
CUST-00671,73,Male,72,60.24,Month-to-month,3,Fiber optic,Electronic check,4337.28,No,66+,49-72 Months,0,2,Low
CUST-00672,53,Female,27,93.98,Month-to-month,4,DSL,Mailed check,2537.46,No,46-55,25-48 Months,0,2,Low
CUST-00673,42,Male,40,51.98,One year,3,Fiber optic,Mailed check,2079.2,No,36-45,25-48 Months,0,0,Low
CUST-00674,38,Male,26,84.63,Month-to-month,4,Fiber optic,Credit card,2200.38,Yes,36-45,25-48 Months,1,2,Low
CUST-00675,74,Female,27,125.21,Month-to-month,4,DSL,Mailed check,3380.67,No,66+,25-48 Months,0,3,Medium
CUST-00676,53,Male,62,81.17,Month-to-month,0,DSL,Bank transfer,5032.54,No,46-55,49-72 Months,0,2,Low
CUST-00677,27,Male,50,143.37,One year,2,Fiber optic,Bank transfer,7168.5,Yes,26-35,49-72 Months,1,1,Low
CUST-00678,54,Male,42,130.18,Month-to-month,2,Fiber optic,Mailed check,5467.56,Yes,46-55,25-48 Months,1,3,Medium
CUST-00679,26,Male,29,63.3,Month-to-month,2,No,Bank transfer,1835.7,No,26-35,25-48 Months,0,2,Low
CUST-00680,41,Female,39,72.0,Month-to-month,3,DSL,Mailed check,2808.0,Yes,36-45,25-48 Months,1,2,Low
CUST-00681,52,Male,60,75.03,One year,1,Fiber optic,Credit card,4501.8,No,46-55,49-72 Months,0,0,Low
CUST-00682,66,Female,41,101.4,Month-to-month,3,DSL,Credit card,4157.4,No,66+,25-48 Months,0,3,Medium
CUST-00683,52,Female,33,57.28,Month-to-month,3,Fiber optic,Mailed check,1890.24,No,46-55,25-48 Months,0,2,Low
CUST-00684,65,Male,16,146.0,Month-to-month,3,No,Credit card,2336.0,No,56-65,13-24 Months,0,3,Medium
CUST-00685,53,Male,23,99.13,Month-to-month,3,Fiber optic,Mailed check,2279.99,No,46-55,13-24 Months,0,2,Low
CUST-00686,35,Male,7,71.92,One year,1,Fiber optic,Bank transfer,503.44,No,26-35,7-12 Months,0,2,Low
CUST-00687,66,Male,26,103.85,One year,1,Fiber optic,Mailed check,2700.1,Yes,66+,25-48 Months,1,1,Low
CUST-00688,56,Female,12,71.4,Month-to-month,3,DSL,Electronic check,856.8,No,56-65,7-12 Months,0,4,Medium
CUST-00689,49,Female,72,126.31,Month-to-month,2,No,Electronic check,9094.32,Yes,46-55,49-72 Months,1,3,Medium
CUST-00690,41,Female,5,93.82,Two year,5,Fiber optic,Mailed check,469.1,No,36-45,0-6 Months,0,4,Medium
CUST-00691,40,Male,69,25.46,Month-to-month,2,Fiber optic,Mailed check,1756.74,Yes,36-45,49-72 Months,1,2,Low
CUST-00692,49,Female,49,42.98,Month-to-month,1,Fiber optic,Mailed check,2106.02,No,46-55,49-72 Months,0,2,Low
CUST-00693,54,Male,26,132.45,Month-to-month,4,Fiber optic,Credit card,3443.7,No,46-55,25-48 Months,0,3,Medium
CUST-00694,29,Male,5,93.18,Month-to-month,5,Fiber optic,Electronic check,465.9,Yes,26-35,0-6 Months,1,6,High
CUST-00695,66,Male,22,143.54,Month-to-month,2,Fiber optic,Mailed check,3157.88,No,66+,13-24 Months,0,3,Medium
CUST-00696,72,Male,13,29.41,One year,0,DSL,Mailed check,382.33,Yes,66+,13-24 Months,1,0,Low
CUST-00697,30,Male,28,58.38,Month-to-month,2,Fiber optic,Bank transfer,1634.64,No,26-35,25-48 Months,0,2,Low
CUST-00698,40,Female,33,45.16,Month-to-month,2,No,Bank transfer,1490.28,No,36-45,25-48 Months,0,2,Low
CUST-00699,42,Female,23,92.0,Month-to-month,3,DSL,Credit card,2116.0,Yes,36-45,13-24 Months,1,2,Low
CUST-00700,52,Male,18,69.76,Month-to-month,2,Fiber optic,Credit card,1255.68,Yes,46-55,13-24 Months,1,2,Low
CUST-00701,58,Female,30,40.45,Month-to-month,4,DSL,Electronic check,1213.5,Yes,56-65,25-48 Months,1,2,Low
CUST-00702,47,Male,26,103.56,Month-to-month,2,Fiber optic,Electronic check,2692.56,Yes,46-55,25-48 Months,1,3,Medium
CUST-00703,34,Male,16,89.72,Month-to-month,3,Fiber optic,Mailed check,1435.52,Yes,26-35,13-24 Months,1,2,Low
CUST-00704,66,Male,39,55.72,One year,2,Fiber optic,Electronic check,2173.08,No,66+,25-48 Months,0,0,Low
CUST-00705,37,Female,33,82.37,One year,1,Fiber optic,Mailed check,2718.21,No,36-45,25-48 Months,0,0,Low
CUST-00706,65,Male,26,116.95,Month-to-month,3,No,Credit card,3040.7,Yes,56-65,25-48 Months,1,3,Medium
CUST-00707,42,Male,48,46.69,Month-to-month,3,Fiber optic,Credit card,2241.12,No,36-45,25-48 Months,0,2,Low
CUST-00708,39,Female,65,58.08,One year,1,DSL,Credit card,3775.2,No,36-45,49-72 Months,0,0,Low
CUST-00709,30,Female,38,64.99,Month-to-month,3,Fiber optic,Bank transfer,2469.62,Yes,26-35,25-48 Months,1,2,Low
CUST-00710,36,Female,2,117.07,Month-to-month,2,No,Electronic check,234.14,No,36-45,0-6 Months,0,5,High
CUST-00711,66,Male,6,130.1,One year,4,DSL,Credit card,780.6,No,66+,0-6 Months,0,3,Medium
CUST-00712,53,Male,46,68.93,Two year,5,Fiber optic,Credit card,3170.78,Yes,46-55,25-48 Months,1,2,Low
CUST-00713,29,Female,50,58.56,Month-to-month,3,DSL,Credit card,2928.0,No,26-35,49-72 Months,0,2,Low
CUST-00714,58,Male,38,135.63,Month-to-month,1,DSL,Electronic check,5153.94,No,56-65,25-48 Months,0,3,Medium
CUST-00715,36,Female,18,149.92,Two year,0,No,Electronic check,2698.56,No,36-45,13-24 Months,0,1,Low
CUST-00716,29,Female,27,107.15,Month-to-month,2,Fiber optic,Bank transfer,2893.05,No,26-35,25-48 Months,0,3,Medium
CUST-00717,26,Male,41,148.7,Two year,3,DSL,Bank transfer,6096.7,No,26-35,25-48 Months,0,1,Low
CUST-00718,24,Male,72,105.8,Month-to-month,5,Fiber optic,Bank transfer,7617.6,Yes,18-25,49-72 Months,1,5,High
CUST-00719,45,Female,17,115.35,Month-to-month,5,DSL,Bank transfer,1960.95,Yes,36-45,13-24 Months,1,5,High
CUST-00720,31,Female,62,70.53,Month-to-month,4,Fiber optic,Credit card,4372.86,No,26-35,49-72 Months,0,2,Low
CUST-00721,48,Female,29,76.29,Two year,3,Fiber optic,Mailed check,2212.41,Yes,46-55,25-48 Months,1,0,Low
CUST-00722,69,Female,58,38.74,Two year,5,Fiber optic,Bank transfer,2246.92,No,66+,49-72 Months,0,2,Low
CUST-00723,36,Male,70,126.96,Month-to-month,4,No,Mailed check,8887.2,Yes,36-45,49-72 Months,1,3,Medium
CUST-00724,75,Female,22,141.04,One year,2,Fiber optic,Credit card,3102.88,Yes,66+,13-24 Months,1,1,Low
CUST-00725,64,Female,6,101.05,One year,3,Fiber optic,Credit card,606.3,Yes,56-65,0-6 Months,1,3,Medium
CUST-00726,33,Female,26,64.67,One year,1,No,Electronic check,1681.42,No,26-35,25-48 Months,0,0,Low
CUST-00727,70,Male,39,40.02,Two year,2,DSL,Mailed check,1560.78,No,66+,25-48 Months,0,0,Low
CUST-00728,22,Male,12,54.47,Month-to-month,3,Fiber optic,Mailed check,653.64,No,18-25,7-12 Months,0,4,Medium
CUST-00729,52,Female,14,53.2,Month-to-month,2,Fiber optic,Credit card,744.8,No,46-55,13-24 Months,0,2,Low
CUST-00730,29,Male,22,99.76,Two year,3,Fiber optic,Electronic check,2194.72,Yes,26-35,13-24 Months,1,0,Low
CUST-00731,42,Male,51,142.85,Two year,1,Fiber optic,Bank transfer,7285.35,No,36-45,49-72 Months,0,1,Low
CUST-00732,69,Male,23,26.28,Month-to-month,3,No,Bank transfer,604.44,No,66+,13-24 Months,0,2,Low
CUST-00733,38,Female,48,20.13,Month-to-month,1,Fiber optic,Electronic check,966.24,No,36-45,25-48 Months,0,2,Low
CUST-00734,53,Female,71,98.02,Two year,2,Fiber optic,Electronic check,6959.42,Yes,46-55,49-72 Months,1,0,Low
CUST-00735,70,Male,50,56.93,Month-to-month,3,No,Bank transfer,2846.5,No,66+,49-72 Months,0,2,Low
CUST-00736,40,Female,13,134.47,One year,2,Fiber optic,Credit card,1748.11,No,36-45,13-24 Months,0,1,Low
CUST-00737,33,Female,10,62.54,Month-to-month,1,Fiber optic,Credit card,625.4,Yes,26-35,7-12 Months,1,4,Medium
CUST-00738,74,Male,55,57.67,Two year,2,No,Electronic check,3171.85,No,66+,49-72 Months,0,0,Low
CUST-00739,56,Male,9,55.04,Month-to-month,3,Fiber optic,Credit card,495.36,Yes,56-65,7-12 Months,1,4,Medium
CUST-00740,62,Female,52,38.83,Month-to-month,2,Fiber optic,Credit card,2019.16,Yes,56-65,49-72 Months,1,2,Low
CUST-00741,70,Male,2,95.6,Month-to-month,2,Fiber optic,Mailed check,191.2,No,66+,0-6 Months,0,4,Medium
CUST-00742,59,Female,25,41.87,Two year,3,Fiber optic,Bank transfer,1046.75,Yes,56-65,25-48 Months,1,0,Low
CUST-00743,75,Female,13,75.2,One year,3,Fiber optic,Electronic check,977.6,No,66+,13-24 Months,0,0,Low
CUST-00744,56,Male,51,79.93,One year,2,Fiber optic,Bank transfer,4076.43,No,56-65,49-72 Months,0,0,Low
CUST-00745,31,Female,58,22.66,Month-to-month,2,No,Mailed check,1314.28,No,26-35,49-72 Months,0,2,Low
CUST-00746,48,Female,34,22.18,Two year,2,Fiber optic,Credit card,754.12,No,46-55,25-48 Months,0,0,Low
CUST-00747,75,Male,35,87.63,One year,2,DSL,Credit card,3067.05,No,66+,25-48 Months,0,0,Low
CUST-00748,22,Male,3,110.48,One year,1,Fiber optic,Mailed check,331.44,Yes,18-25,0-6 Months,1,3,Medium
CUST-00749,52,Male,59,142.48,Two year,4,DSL,Bank transfer,8406.32,No,46-55,49-72 Months,0,1,Low
CUST-00750,40,Female,70,43.29,Month-to-month,0,Fiber optic,Mailed check,3030.3,Yes,36-45,49-72 Months,1,2,Low
CUST-00751,46,Male,48,33.42,One year,1,DSL,Credit card,1604.16,No,46-55,25-48 Months,0,0,Low
CUST-00752,60,Male,64,26.77,Two year,4,DSL,Credit card,1713.28,Yes,56-65,49-72 Months,1,0,Low
CUST-00753,28,Male,19,76.69,One year,2,No,Bank transfer,1457.11,No,26-35,13-24 Months,0,0,Low
CUST-00754,35,Male,67,101.01,One year,2,Fiber optic,Credit card,6767.67,No,26-35,49-72 Months,0,1,Low
CUST-00755,64,Female,5,129.27,Month-to-month,2,Fiber optic,Bank transfer,646.35,Yes,56-65,0-6 Months,1,5,High
CUST-00756,29,Female,67,108.74,One year,0,DSL,Electronic check,7285.58,No,26-35,49-72 Months,0,1,Low
CUST-00757,26,Male,11,47.09,Month-to-month,1,Fiber optic,Credit card,517.99,No,26-35,7-12 Months,0,4,Medium
CUST-00758,27,Female,68,80.03,Month-to-month,1,No,Credit card,5442.04,No,26-35,49-72 Months,0,2,Low
CUST-00759,75,Male,69,138.35,Two year,3,Fiber optic,Bank transfer,9546.15,Yes,66+,49-72 Months,1,1,Low
CUST-00760,61,Male,1,62.48,Month-to-month,4,Fiber optic,Electronic check,62.48,Yes,56-65,0-6 Months,1,4,Medium
CUST-00761,34,Female,63,84.83,Month-to-month,5,DSL,Credit card,5344.29,No,26-35,49-72 Months,0,4,Medium
CUST-00762,55,Female,29,144.61,One year,2,Fiber optic,Credit card,4193.69,Yes,46-55,25-48 Months,1,1,Low
CUST-00763,24,Male,12,115.51,Month-to-month,2,Fiber optic,Electronic check,1386.12,Yes,18-25,7-12 Months,1,5,High
CUST-00764,63,Male,41,117.21,Month-to-month,7,Fiber optic,Credit card,4805.61,No,56-65,25-48 Months,0,5,High
CUST-00765,30,Female,2,52.8,Month-to-month,2,Fiber optic,Bank transfer,105.6,Yes,26-35,0-6 Months,1,4,Medium
CUST-00766,57,Male,37,73.91,Month-to-month,3,Fiber optic,Electronic check,2734.67,Yes,56-65,25-48 Months,1,2,Low
CUST-00767,59,Female,45,30.7,Month-to-month,5,DSL,Electronic check,1381.5,No,56-65,25-48 Months,0,4,Medium
CUST-00768,26,Male,48,98.85,Month-to-month,2,DSL,Mailed check,4744.8,Yes,26-35,25-48 Months,1,2,Low
CUST-00769,67,Male,24,33.48,Month-to-month,2,DSL,Credit card,803.52,No,66+,13-24 Months,0,2,Low
CUST-00770,44,Female,22,128.67,Month-to-month,4,Fiber optic,Electronic check,2830.74,No,36-45,13-24 Months,0,3,Medium
CUST-00771,75,Female,11,125.89,Month-to-month,2,DSL,Electronic check,1384.79,Yes,66+,7-12 Months,1,5,High
CUST-00772,19,Female,58,89.37,Two year,0,No,Electronic check,5183.46,No,18-25,49-72 Months,0,0,Low
CUST-00773,22,Female,46,38.35,Month-to-month,1,Fiber optic,Mailed check,1764.1,No,18-25,25-48 Months,0,2,Low
CUST-00774,46,Female,29,23.33,One year,1,Fiber optic,Credit card,676.57,No,46-55,25-48 Months,0,0,Low
CUST-00775,54,Female,35,123.57,Month-to-month,1,Fiber optic,Electronic check,4324.95,Yes,46-55,25-48 Months,1,3,Medium
CUST-00776,55,Female,15,98.02,One year,3,DSL,Credit card,1470.3,No,46-55,13-24 Months,0,0,Low
CUST-00777,36,Male,60,112.42,One year,0,No,Electronic check,6745.2,No,36-45,49-72 Months,0,1,Low
CUST-00778,25,Male,42,59.49,Month-to-month,5,No,Bank transfer,2498.58,No,18-25,25-48 Months,0,4,Medium
CUST-00779,65,Male,43,86.23,Month-to-month,4,DSL,Electronic check,3707.89,Yes,56-65,25-48 Months,1,2,Low
CUST-00780,62,Female,49,117.13,Month-to-month,1,No,Electronic check,5739.37,No,56-65,49-72 Months,0,3,Medium
CUST-00781,18,Female,64,80.13,One year,5,Fiber optic,Mailed check,5128.32,Yes,18-25,49-72 Months,1,2,Low
CUST-00782,39,Female,32,98.18,Month-to-month,4,DSL,Electronic check,3141.76,No,36-45,25-48 Months,0,2,Low
CUST-00783,69,Male,64,122.66,Two year,4,Fiber optic,Bank transfer,7850.24,No,66+,49-72 Months,0,1,Low
CUST-00784,34,Female,2,47.98,Month-to-month,2,No,Electronic check,95.96,No,26-35,0-6 Months,0,4,Medium
CUST-00785,24,Female,24,28.57,Month-to-month,3,Fiber optic,Bank transfer,685.68,No,18-25,13-24 Months,0,2,Low
CUST-00786,42,Male,66,89.14,One year,4,Fiber optic,Bank transfer,5883.24,No,36-45,49-72 Months,0,0,Low
CUST-00787,62,Female,38,28.08,Two year,1,DSL,Bank transfer,1067.04,No,56-65,25-48 Months,0,0,Low
CUST-00788,21,Male,31,119.65,Month-to-month,2,DSL,Mailed check,3709.15,No,18-25,25-48 Months,0,3,Medium
CUST-00789,53,Male,26,113.5,One year,2,No,Credit card,2951.0,Yes,46-55,25-48 Months,1,1,Low
CUST-00790,23,Female,29,134.62,Month-to-month,2,Fiber optic,Credit card,3903.98,Yes,18-25,25-48 Months,1,3,Medium
CUST-00791,48,Female,67,103.14,One year,2,DSL,Bank transfer,6910.38,No,46-55,49-72 Months,0,1,Low
CUST-00792,36,Female,25,28.74,One year,1,DSL,Mailed check,718.5,No,36-45,25-48 Months,0,0,Low
CUST-00793,61,Male,48,52.91,Two year,1,DSL,Mailed check,2539.68,No,56-65,25-48 Months,0,0,Low
CUST-00794,71,Male,65,125.03,Month-to-month,4,Fiber optic,Credit card,8126.95,No,66+,49-72 Months,0,3,Medium
CUST-00795,56,Male,53,41.73,Month-to-month,6,Fiber optic,Bank transfer,2211.69,No,56-65,49-72 Months,0,4,Medium
CUST-00796,44,Female,67,110.8,One year,5,Fiber optic,Credit card,7423.6,No,36-45,49-72 Months,0,3,Medium
CUST-00797,27,Female,18,121.43,Month-to-month,3,DSL,Credit card,2185.74,No,26-35,13-24 Months,0,3,Medium
CUST-00798,43,Female,9,62.91,One year,6,DSL,Mailed check,566.19,Yes,36-45,7-12 Months,1,4,Medium
CUST-00799,36,Female,38,61.9,Month-to-month,2,Fiber optic,Mailed check,2352.2,Yes,36-45,25-48 Months,1,2,Low
CUST-00800,56,Male,21,92.51,Month-to-month,2,Fiber optic,Electronic check,1942.71,No,56-65,13-24 Months,0,2,Low
CUST-00801,20,Male,65,131.97,Two year,3,Fiber optic,Mailed check,8578.05,Yes,18-25,49-72 Months,1,1,Low
CUST-00802,62,Male,21,49.11,Month-to-month,4,DSL,Mailed check,1031.31,No,56-65,13-24 Months,0,2,Low
CUST-00803,30,Male,27,142.36,Two year,2,DSL,Credit card,3843.72,No,26-35,25-48 Months,0,1,Low
CUST-00804,67,Female,70,97.89,Two year,6,Fiber optic,Mailed check,6852.3,Yes,66+,49-72 Months,1,2,Low
CUST-00805,45,Female,44,148.98,One year,2,Fiber optic,Mailed check,6555.12,Yes,36-45,25-48 Months,1,1,Low
CUST-00806,75,Female,28,31.65,Month-to-month,2,DSL,Credit card,886.2,No,66+,25-48 Months,0,2,Low
CUST-00807,37,Male,45,36.45,Two year,1,Fiber optic,Mailed check,1640.25,No,36-45,25-48 Months,0,0,Low
CUST-00808,45,Male,17,127.46,One year,2,Fiber optic,Mailed check,2166.82,No,36-45,13-24 Months,0,1,Low
CUST-00809,25,Female,40,132.42,Month-to-month,3,Fiber optic,Electronic check,5296.8,Yes,18-25,25-48 Months,1,3,Medium
CUST-00810,58,Female,3,77.91,Month-to-month,2,No,Bank transfer,233.73,No,56-65,0-6 Months,0,4,Medium
CUST-00811,56,Male,66,112.83,Month-to-month,3,Fiber optic,Electronic check,7446.78,Yes,56-65,49-72 Months,1,3,Medium
CUST-00812,18,Female,46,132.78,Two year,2,No,Mailed check,6107.88,No,18-25,25-48 Months,0,1,Low
CUST-00813,20,Male,30,25.61,Two year,0,Fiber optic,Credit card,768.3,No,18-25,25-48 Months,0,0,Low
CUST-00814,30,Male,69,94.61,Two year,1,DSL,Credit card,6528.09,No,26-35,49-72 Months,0,0,Low
CUST-00815,45,Male,9,130.95,One year,4,Fiber optic,Bank transfer,1178.55,Yes,36-45,7-12 Months,1,3,Medium
CUST-00816,74,Female,11,71.76,Month-to-month,3,Fiber optic,Credit card,789.36,Yes,66+,7-12 Months,1,4,Medium
CUST-00817,66,Female,69,59.31,Month-to-month,2,No,Mailed check,4092.39,Yes,66+,49-72 Months,1,2,Low
CUST-00818,42,Male,66,123.44,Month-to-month,1,Fiber optic,Electronic check,8147.04,Yes,36-45,49-72 Months,1,3,Medium
CUST-00819,73,Female,31,63.65,Month-to-month,0,Fiber optic,Bank transfer,1973.15,No,66+,25-48 Months,0,2,Low
CUST-00820,50,Male,33,20.41,Month-to-month,2,No,Electronic check,673.53,Yes,46-55,25-48 Months,1,2,Low
CUST-00821,55,Male,39,144.74,Two year,1,DSL,Credit card,5644.86,No,46-55,25-48 Months,0,1,Low
CUST-00822,70,Male,46,96.98,Two year,2,Fiber optic,Mailed check,4461.08,No,66+,25-48 Months,0,0,Low
CUST-00823,23,Male,37,126.54,Month-to-month,1,Fiber optic,Bank transfer,4681.98,No,18-25,25-48 Months,0,3,Medium
CUST-00824,75,Female,60,127.29,One year,2,Fiber optic,Credit card,7637.4,Yes,66+,49-72 Months,1,1,Low
CUST-00825,61,Male,31,28.63,One year,3,Fiber optic,Credit card,887.53,No,56-65,25-48 Months,0,0,Low
CUST-00826,62,Male,11,42.21,Month-to-month,3,Fiber optic,Electronic check,464.31,No,56-65,7-12 Months,0,4,Medium
CUST-00827,49,Female,2,60.45,One year,6,Fiber optic,Credit card,120.9,No,46-55,0-6 Months,0,4,Medium
CUST-00828,62,Male,27,61.69,Month-to-month,1,Fiber optic,Electronic check,1665.63,No,56-65,25-48 Months,0,2,Low
CUST-00829,64,Male,2,105.64,Two year,2,Fiber optic,Credit card,211.28,Yes,56-65,0-6 Months,1,3,Medium
CUST-00830,38,Female,21,101.01,One year,1,DSL,Electronic check,2121.21,No,36-45,13-24 Months,0,1,Low
CUST-00831,33,Female,58,84.3,One year,2,Fiber optic,Electronic check,4889.4,No,26-35,49-72 Months,0,0,Low
CUST-00832,71,Female,5,47.46,Month-to-month,3,DSL,Mailed check,237.3,No,66+,0-6 Months,0,4,Medium
CUST-00833,38,Male,52,69.66,Month-to-month,2,DSL,Bank transfer,3622.32,Yes,36-45,49-72 Months,1,2,Low
CUST-00834,28,Female,45,90.67,Month-to-month,3,DSL,Bank transfer,4080.15,Yes,26-35,25-48 Months,1,2,Low
CUST-00835,54,Female,20,80.84,One year,3,Fiber optic,Mailed check,1616.8,Yes,46-55,13-24 Months,1,0,Low
CUST-00836,53,Male,61,36.55,Two year,2,Fiber optic,Credit card,2229.55,No,46-55,49-72 Months,0,0,Low
CUST-00837,52,Male,38,104.44,Month-to-month,3,Fiber optic,Credit card,3968.72,No,46-55,25-48 Months,0,3,Medium
CUST-00838,36,Male,20,29.5,One year,6,Fiber optic,Bank transfer,590.0,No,36-45,13-24 Months,0,2,Low
CUST-00839,37,Male,25,69.17,Month-to-month,1,DSL,Electronic check,1729.25,No,36-45,25-48 Months,0,2,Low
CUST-00840,74,Male,2,112.3,Month-to-month,2,Fiber optic,Electronic check,224.6,No,66+,0-6 Months,0,5,High
CUST-00841,35,Female,32,22.6,One year,2,DSL,Bank transfer,723.2,Yes,26-35,25-48 Months,1,0,Low
CUST-00842,64,Female,26,94.1,One year,3,Fiber optic,Bank transfer,2446.6,No,56-65,25-48 Months,0,0,Low
CUST-00843,58,Female,70,63.49,Month-to-month,3,DSL,Mailed check,4444.3,No,56-65,49-72 Months,0,2,Low
CUST-00844,66,Male,41,21.15,Month-to-month,3,Fiber optic,Credit card,867.15,No,66+,25-48 Months,0,2,Low
CUST-00845,31,Male,67,44.75,Month-to-month,1,Fiber optic,Electronic check,2998.25,No,26-35,49-72 Months,0,2,Low
CUST-00846,32,Male,1,142.32,Month-to-month,1,Fiber optic,Mailed check,142.32,Yes,26-35,0-6 Months,1,5,High
CUST-00847,48,Female,51,87.75,Two year,3,DSL,Bank transfer,4475.25,No,46-55,49-72 Months,0,0,Low
CUST-00848,18,Female,5,149.64,One year,3,Fiber optic,Mailed check,748.2,No,18-25,0-6 Months,0,3,Medium
CUST-00849,70,Male,13,88.23,Month-to-month,0,Fiber optic,Mailed check,1146.99,No,66+,13-24 Months,0,2,Low
CUST-00850,71,Female,19,90.71,Month-to-month,3,Fiber optic,Electronic check,1723.49,Yes,66+,13-24 Months,1,2,Low
CUST-00851,71,Male,12,70.94,Two year,4,DSL,Mailed check,851.28,No,66+,7-12 Months,0,2,Low
CUST-00852,20,Female,48,60.31,One year,3,Fiber optic,Electronic check,2894.88,No,18-25,25-48 Months,0,0,Low
CUST-00853,33,Female,25,52.7,One year,6,DSL,Bank transfer,1317.5,No,26-35,25-48 Months,0,2,Low
CUST-00854,40,Female,57,64.64,Month-to-month,1,DSL,Electronic check,3684.48,No,36-45,49-72 Months,0,2,Low
CUST-00855,74,Male,35,79.78,Two year,4,DSL,Credit card,2792.3,Yes,66+,25-48 Months,1,0,Low
CUST-00856,28,Female,5,44.96,Month-to-month,2,DSL,Bank transfer,224.8,No,26-35,0-6 Months,0,4,Medium
CUST-00857,29,Female,22,49.23,One year,4,Fiber optic,Electronic check,1083.06,No,26-35,13-24 Months,0,0,Low
CUST-00858,27,Male,57,55.3,Two year,0,DSL,Bank transfer,3152.1,No,26-35,49-72 Months,0,0,Low
CUST-00859,49,Female,47,78.4,Month-to-month,5,Fiber optic,Mailed check,3684.8,Yes,46-55,25-48 Months,1,4,Medium
CUST-00860,33,Male,54,104.87,Month-to-month,4,DSL,Bank transfer,5662.98,Yes,26-35,49-72 Months,1,3,Medium
CUST-00861,25,Male,3,131.3,Month-to-month,0,Fiber optic,Electronic check,393.9,No,18-25,0-6 Months,0,5,High
CUST-00862,55,Male,53,57.33,Month-to-month,4,No,Mailed check,3038.49,No,46-55,49-72 Months,0,2,Low
CUST-00863,29,Male,31,43.88,Month-to-month,3,Fiber optic,Credit card,1360.28,No,26-35,25-48 Months,0,2,Low
CUST-00864,41,Male,69,69.25,Two year,2,Fiber optic,Bank transfer,4778.25,No,36-45,49-72 Months,0,0,Low
CUST-00865,45,Female,33,136.27,Month-to-month,3,DSL,Electronic check,4496.91,Yes,36-45,25-48 Months,1,3,Medium
CUST-00866,70,Male,72,21.28,One year,1,DSL,Bank transfer,1532.16,No,66+,49-72 Months,0,0,Low
CUST-00867,25,Male,50,108.12,Two year,3,Fiber optic,Bank transfer,5406.0,No,18-25,49-72 Months,0,1,Low
CUST-00868,75,Male,16,82.03,Two year,3,No,Electronic check,1312.48,No,66+,13-24 Months,0,0,Low
CUST-00869,45,Male,39,40.94,Month-to-month,1,DSL,Credit card,1596.66,No,36-45,25-48 Months,0,2,Low
CUST-00870,53,Female,46,61.73,Month-to-month,5,Fiber optic,Electronic check,2839.58,No,46-55,25-48 Months,0,4,Medium
CUST-00871,43,Male,47,49.24,Month-to-month,1,No,Bank transfer,2314.28,No,36-45,25-48 Months,0,2,Low
CUST-00872,25,Female,44,134.12,Month-to-month,1,No,Credit card,5901.28,Yes,18-25,25-48 Months,1,3,Medium
CUST-00873,75,Male,9,82.64,One year,4,No,Credit card,743.76,No,66+,7-12 Months,0,2,Low
CUST-00874,67,Female,50,93.2,Month-to-month,1,Fiber optic,Credit card,4660.0,Yes,66+,49-72 Months,1,2,Low
CUST-00875,45,Male,60,97.18,Month-to-month,2,DSL,Credit card,5830.8,Yes,36-45,49-72 Months,1,2,Low
CUST-00876,45,Male,15,103.15,Month-to-month,3,No,Bank transfer,1547.25,No,36-45,13-24 Months,0,3,Medium
CUST-00877,54,Female,36,84.42,One year,2,No,Electronic check,3039.12,No,46-55,25-48 Months,0,0,Low
CUST-00878,58,Male,63,22.32,Month-to-month,1,Fiber optic,Electronic check,1406.16,Yes,56-65,49-72 Months,1,2,Low
CUST-00879,53,Female,69,63.51,Month-to-month,2,DSL,Mailed check,4382.19,Yes,46-55,49-72 Months,1,2,Low
CUST-00880,44,Male,41,43.9,Month-to-month,2,Fiber optic,Mailed check,1799.9,No,36-45,25-48 Months,0,2,Low
CUST-00881,71,Female,24,108.42,One year,2,DSL,Mailed check,2602.08,No,66+,13-24 Months,0,1,Low
CUST-00882,34,Male,49,27.37,One year,2,Fiber optic,Credit card,1341.13,No,26-35,49-72 Months,0,0,Low
CUST-00883,26,Male,18,93.29,Month-to-month,1,Fiber optic,Credit card,1679.22,No,26-35,13-24 Months,0,2,Low
CUST-00884,50,Female,7,47.38,Two year,2,Fiber optic,Electronic check,331.66,No,46-55,7-12 Months,0,2,Low
CUST-00885,70,Male,4,143.35,Month-to-month,0,Fiber optic,Credit card,573.4,Yes,66+,0-6 Months,1,5,High
CUST-00886,37,Male,69,63.62,Month-to-month,2,Fiber optic,Electronic check,4389.78,Yes,36-45,49-72 Months,1,2,Low
CUST-00887,30,Male,60,62.28,Month-to-month,1,Fiber optic,Mailed check,3736.8,No,26-35,49-72 Months,0,2,Low
CUST-00888,45,Male,55,140.04,Month-to-month,2,No,Electronic check,7702.2,No,36-45,49-72 Months,0,3,Medium
CUST-00889,65,Male,16,74.26,One year,2,Fiber optic,Credit card,1188.16,Yes,56-65,13-24 Months,1,0,Low
CUST-00890,46,Male,29,145.17,Month-to-month,1,Fiber optic,Electronic check,4209.93,No,46-55,25-48 Months,0,3,Medium
CUST-00891,30,Female,23,23.14,One year,1,Fiber optic,Electronic check,532.22,No,26-35,13-24 Months,0,0,Low
CUST-00892,63,Female,14,59.82,Month-to-month,0,Fiber optic,Electronic check,837.48,No,56-65,13-24 Months,0,2,Low
CUST-00893,52,Female,49,106.61,Two year,5,No,Credit card,5223.89,Yes,46-55,49-72 Months,1,3,Medium
CUST-00894,23,Male,33,135.81,One year,3,Fiber optic,Bank transfer,4481.73,No,18-25,25-48 Months,0,1,Low
CUST-00895,35,Female,25,53.33,One year,2,Fiber optic,Mailed check,1333.25,No,26-35,25-48 Months,0,0,Low
CUST-00896,68,Male,21,140.96,One year,4,Fiber optic,Bank transfer,2960.16,No,66+,13-24 Months,0,1,Low
CUST-00897,22,Male,17,97.24,Two year,3,Fiber optic,Bank transfer,1653.08,No,18-25,13-24 Months,0,0,Low
CUST-00898,64,Male,23,124.13,Two year,1,No,Bank transfer,2854.99,Yes,56-65,13-24 Months,1,1,Low
CUST-00899,42,Male,57,71.64,Month-to-month,2,Fiber optic,Bank transfer,4083.48,No,36-45,49-72 Months,0,2,Low
CUST-00900,19,Female,58,47.58,Month-to-month,5,DSL,Credit card,2759.64,Yes,18-25,49-72 Months,1,4,Medium
CUST-00901,27,Male,14,138.46,Month-to-month,1,Fiber optic,Credit card,1938.44,No,26-35,13-24 Months,0,3,Medium
CUST-00902,73,Female,20,141.31,Month-to-month,4,No,Bank transfer,2826.2,Yes,66+,13-24 Months,1,3,Medium
CUST-00903,47,Male,30,84.68,Month-to-month,5,DSL,Bank transfer,2540.4,Yes,46-55,25-48 Months,1,4,Medium
CUST-00904,67,Female,19,20.84,Month-to-month,1,Fiber optic,Electronic check,395.96,No,66+,13-24 Months,0,2,Low
CUST-00905,62,Female,53,34.27,Two year,3,DSL,Electronic check,1816.31,No,56-65,49-72 Months,0,0,Low
CUST-00906,22,Female,56,94.49,Month-to-month,1,No,Mailed check,5291.44,No,18-25,49-72 Months,0,2,Low
CUST-00907,72,Female,23,23.09,Two year,1,Fiber optic,Mailed check,531.07,No,66+,13-24 Months,0,0,Low
CUST-00908,73,Female,62,71.6,Month-to-month,2,Fiber optic,Mailed check,4439.2,No,66+,49-72 Months,0,2,Low
CUST-00909,50,Female,33,59.44,One year,1,DSL,Electronic check,1961.52,No,46-55,25-48 Months,0,0,Low
CUST-00910,71,Male,18,112.87,Month-to-month,3,Fiber optic,Bank transfer,2031.66,Yes,66+,13-24 Months,1,3,Medium
CUST-00911,18,Female,33,27.23,One year,3,Fiber optic,Bank transfer,898.59,No,18-25,25-48 Months,0,0,Low
CUST-00912,35,Male,32,83.54,Month-to-month,2,Fiber optic,Mailed check,2673.28,No,26-35,25-48 Months,0,2,Low
CUST-00913,49,Female,61,95.28,Month-to-month,3,Fiber optic,Mailed check,5812.08,Yes,46-55,49-72 Months,1,2,Low
CUST-00914,64,Male,54,100.25,Two year,4,Fiber optic,Credit card,5413.5,No,56-65,49-72 Months,0,1,Low
CUST-00915,66,Female,17,72.67,Month-to-month,2,Fiber optic,Mailed check,1235.39,No,66+,13-24 Months,0,2,Low
CUST-00916,28,Female,19,59.57,Month-to-month,1,DSL,Electronic check,1131.83,No,26-35,13-24 Months,0,2,Low
CUST-00917,38,Male,70,108.72,Month-to-month,2,DSL,Electronic check,7610.4,No,36-45,49-72 Months,0,3,Medium
CUST-00918,43,Female,34,130.18,Two year,4,Fiber optic,Mailed check,4426.12,No,36-45,25-48 Months,0,1,Low
CUST-00919,42,Female,25,110.17,Month-to-month,1,Fiber optic,Mailed check,2754.25,Yes,36-45,25-48 Months,1,3,Medium
CUST-00920,39,Female,68,141.17,One year,2,DSL,Credit card,9599.56,No,36-45,49-72 Months,0,1,Low
CUST-00921,44,Male,11,113.24,Month-to-month,3,DSL,Credit card,1245.64,Yes,36-45,7-12 Months,1,5,High
CUST-00922,66,Female,16,119.4,Month-to-month,3,Fiber optic,Credit card,1910.4,No,66+,13-24 Months,0,3,Medium
CUST-00923,30,Male,61,41.83,Two year,3,DSL,Electronic check,2551.63,No,26-35,49-72 Months,0,0,Low
CUST-00924,50,Female,7,74.54,Month-to-month,3,No,Credit card,521.78,Yes,46-55,7-12 Months,1,4,Medium
CUST-00925,51,Female,16,83.06,One year,3,Fiber optic,Bank transfer,1328.96,No,46-55,13-24 Months,0,0,Low
CUST-00926,58,Male,16,53.32,Month-to-month,2,Fiber optic,Bank transfer,853.12,No,56-65,13-24 Months,0,2,Low
CUST-00927,52,Female,40,88.71,Month-to-month,2,Fiber optic,Bank transfer,3548.4,No,46-55,25-48 Months,0,2,Low
CUST-00928,18,Female,12,57.8,Month-to-month,2,Fiber optic,Credit card,693.6,Yes,18-25,7-12 Months,1,4,Medium
CUST-00929,38,Male,35,109.38,One year,3,Fiber optic,Electronic check,3828.3,No,36-45,25-48 Months,0,1,Low
CUST-00930,65,Female,21,81.14,One year,2,Fiber optic,Electronic check,1703.94,No,56-65,13-24 Months,0,0,Low
CUST-00931,72,Male,50,79.64,One year,2,Fiber optic,Credit card,3982.0,Yes,66+,49-72 Months,1,0,Low
CUST-00932,23,Male,43,147.87,Month-to-month,5,Fiber optic,Mailed check,6358.41,No,18-25,25-48 Months,0,5,High
CUST-00933,45,Male,17,71.02,Month-to-month,3,DSL,Mailed check,1207.34,Yes,36-45,13-24 Months,1,2,Low
CUST-00934,34,Female,32,67.1,Month-to-month,4,Fiber optic,Credit card,2147.2,No,26-35,25-48 Months,0,2,Low
CUST-00935,22,Male,41,61.42,One year,1,Fiber optic,Electronic check,2518.22,No,18-25,25-48 Months,0,0,Low
CUST-00936,48,Male,6,136.32,Two year,1,DSL,Bank transfer,817.92,No,46-55,0-6 Months,0,3,Medium
CUST-00937,22,Female,27,84.57,Month-to-month,2,Fiber optic,Mailed check,2283.39,Yes,18-25,25-48 Months,1,2,Low
CUST-00938,55,Male,20,98.0,Month-to-month,1,DSL,Bank transfer,1960.0,Yes,46-55,13-24 Months,1,2,Low
CUST-00939,20,Female,25,43.51,Month-to-month,7,Fiber optic,Electronic check,1087.75,No,18-25,25-48 Months,0,4,Medium
CUST-00940,70,Female,66,90.32,Two year,2,DSL,Mailed check,5961.12,No,66+,49-72 Months,0,0,Low
CUST-00941,40,Female,9,55.7,Two year,3,Fiber optic,Credit card,501.3,No,36-45,7-12 Months,0,2,Low
CUST-00942,54,Female,53,114.98,Month-to-month,2,Fiber optic,Bank transfer,6093.94,Yes,46-55,49-72 Months,1,3,Medium
CUST-00943,70,Male,61,128.23,Month-to-month,0,No,Bank transfer,7822.03,No,66+,49-72 Months,0,3,Medium
CUST-00944,54,Male,38,112.93,Month-to-month,5,Fiber optic,Bank transfer,4291.34,Yes,46-55,25-48 Months,1,5,High
CUST-00945,27,Male,3,114.93,One year,1,Fiber optic,Credit card,344.79,No,26-35,0-6 Months,0,3,Medium
CUST-00946,27,Male,70,86.62,One year,1,Fiber optic,Credit card,6063.4,No,26-35,49-72 Months,0,0,Low
CUST-00947,36,Male,55,112.58,Month-to-month,5,DSL,Bank transfer,6191.9,Yes,36-45,49-72 Months,1,5,High
CUST-00948,34,Female,1,74.95,Two year,2,Fiber optic,Credit card,74.95,No,26-35,0-6 Months,0,2,Low
CUST-00949,38,Male,70,104.69,Month-to-month,2,Fiber optic,Mailed check,7328.3,No,36-45,49-72 Months,0,3,Medium
CUST-00950,31,Male,45,53.68,Month-to-month,1,Fiber optic,Electronic check,2415.6,No,26-35,25-48 Months,0,2,Low
CUST-00951,26,Male,47,29.07,One year,2,Fiber optic,Mailed check,1366.29,No,26-35,25-48 Months,0,0,Low
CUST-00952,63,Female,26,73.75,Month-to-month,3,DSL,Credit card,1917.5,No,56-65,25-48 Months,0,2,Low
CUST-00953,18,Female,14,80.03,Two year,2,DSL,Electronic check,1120.42,No,18-25,13-24 Months,0,0,Low
CUST-00954,68,Male,54,53.33,Month-to-month,3,Fiber optic,Bank transfer,2879.82,Yes,66+,49-72 Months,1,2,Low
CUST-00955,62,Female,71,114.6,Month-to-month,2,Fiber optic,Bank transfer,8136.6,Yes,56-65,49-72 Months,1,3,Medium
CUST-00956,30,Male,46,29.56,One year,2,Fiber optic,Electronic check,1359.76,No,26-35,25-48 Months,0,0,Low
CUST-00957,21,Male,31,48.96,Month-to-month,2,Fiber optic,Mailed check,1517.76,No,18-25,25-48 Months,0,2,Low
CUST-00958,18,Female,59,117.31,Month-to-month,2,Fiber optic,Bank transfer,6921.29,No,18-25,49-72 Months,0,3,Medium
CUST-00959,66,Female,29,76.83,Two year,1,DSL,Bank transfer,2228.07,Yes,66+,25-48 Months,1,0,Low
CUST-00960,57,Male,17,111.69,Month-to-month,2,DSL,Bank transfer,1898.73,No,56-65,13-24 Months,0,3,Medium
CUST-00961,49,Male,14,93.77,Month-to-month,4,DSL,Credit card,1312.78,No,46-55,13-24 Months,0,2,Low
CUST-00962,51,Female,36,143.59,Two year,2,No,Mailed check,5169.24,Yes,46-55,25-48 Months,1,1,Low
CUST-00963,45,Male,58,97.71,Month-to-month,3,Fiber optic,Credit card,5667.18,No,36-45,49-72 Months,0,2,Low
CUST-00964,48,Female,24,21.93,Month-to-month,3,Fiber optic,Electronic check,526.32,No,46-55,13-24 Months,0,2,Low
CUST-00965,25,Male,63,65.87,One year,4,DSL,Electronic check,4149.81,Yes,18-25,49-72 Months,1,0,Low
CUST-00966,56,Female,25,38.6,Month-to-month,1,Fiber optic,Credit card,965.0,No,56-65,25-48 Months,0,2,Low
CUST-00967,43,Male,59,140.2,Two year,3,Fiber optic,Bank transfer,8271.8,No,36-45,49-72 Months,0,1,Low
CUST-00968,75,Male,32,33.52,Month-to-month,3,Fiber optic,Credit card,1072.64,Yes,66+,25-48 Months,1,2,Low
CUST-00969,51,Female,18,70.4,One year,4,Fiber optic,Mailed check,1267.2,Yes,46-55,13-24 Months,1,0,Low
CUST-00970,71,Male,37,49.39,Month-to-month,4,No,Bank transfer,1827.43,No,66+,25-48 Months,0,2,Low
CUST-00971,71,Male,26,130.07,Month-to-month,0,Fiber optic,Electronic check,3381.82,No,66+,25-48 Months,0,3,Medium
CUST-00972,20,Female,9,60.11,One year,1,DSL,Mailed check,540.99,No,18-25,7-12 Months,0,2,Low
CUST-00973,67,Male,64,148.95,Month-to-month,2,Fiber optic,Electronic check,9532.8,Yes,66+,49-72 Months,1,3,Medium
CUST-00974,29,Male,72,25.02,One year,2,DSL,Mailed check,1801.44,Yes,26-35,49-72 Months,1,0,Low
CUST-00975,18,Male,20,36.68,Month-to-month,0,DSL,Mailed check,733.6,No,18-25,13-24 Months,0,2,Low
CUST-00976,71,Female,54,49.2,One year,3,No,Mailed check,2656.8,Yes,66+,49-72 Months,1,0,Low
CUST-00977,61,Female,30,125.44,Month-to-month,1,Fiber optic,Electronic check,3763.2,Yes,56-65,25-48 Months,1,3,Medium
CUST-00978,22,Female,53,134.21,One year,5,DSL,Credit card,7113.13,No,18-25,49-72 Months,0,3,Medium
CUST-00979,47,Male,63,29.29,One year,3,Fiber optic,Credit card,1845.27,No,46-55,49-72 Months,0,0,Low
CUST-00980,47,Male,11,24.22,Month-to-month,2,Fiber optic,Bank transfer,266.42,Yes,46-55,7-12 Months,1,4,Medium
CUST-00981,74,Male,31,116.79,Month-to-month,1,Fiber optic,Electronic check,3620.49,No,66+,25-48 Months,0,3,Medium
CUST-00982,34,Male,49,37.34,Month-to-month,1,Fiber optic,Bank transfer,1829.66,Yes,26-35,49-72 Months,1,2,Low
CUST-00983,65,Female,19,37.29,Month-to-month,6,DSL,Bank transfer,708.51,Yes,56-65,13-24 Months,1,4,Medium
CUST-00984,64,Male,12,22.91,One year,5,Fiber optic,Mailed check,274.92,No,56-65,7-12 Months,0,4,Medium
CUST-00985,40,Male,15,26.48,Month-to-month,2,DSL,Mailed check,397.2,Yes,36-45,13-24 Months,1,2,Low
CUST-00986,32,Male,31,54.28,Two year,1,Fiber optic,Credit card,1682.68,No,26-35,25-48 Months,0,0,Low
CUST-00987,54,Female,43,28.45,Month-to-month,3,DSL,Credit card,1223.35,No,46-55,25-48 Months,0,2,Low
CUST-00988,38,Male,37,67.95,Two year,2,DSL,Bank transfer,2514.15,No,36-45,25-48 Months,0,0,Low
CUST-00989,31,Male,29,128.26,Month-to-month,0,DSL,Bank transfer,3719.54,No,26-35,25-48 Months,0,3,Medium
CUST-00990,19,Male,26,62.42,Two year,1,DSL,Bank transfer,1622.92,Yes,18-25,25-48 Months,1,0,Low
CUST-00991,28,Male,2,114.62,Month-to-month,1,DSL,Credit card,229.24,Yes,26-35,0-6 Months,1,5,High
CUST-00992,68,Male,15,32.21,Month-to-month,0,No,Bank transfer,483.15,No,66+,13-24 Months,0,2,Low
CUST-00993,56,Female,4,105.72,Two year,2,Fiber optic,Credit card,422.88,No,56-65,0-6 Months,0,3,Medium
CUST-00994,55,Male,50,61.18,Month-to-month,1,Fiber optic,Electronic check,3059.0,No,46-55,49-72 Months,0,2,Low
CUST-00995,51,Male,38,117.47,Month-to-month,1,Fiber optic,Electronic check,4463.86,No,46-55,25-48 Months,0,3,Medium
CUST-00996,55,Male,23,37.71,One year,2,DSL,Bank transfer,867.33,No,46-55,13-24 Months,0,0,Low
CUST-00997,67,Male,59,136.72,One year,1,Fiber optic,Credit card,8066.48,Yes,66+,49-72 Months,1,1,Low
CUST-00998,51,Male,28,51.54,Month-to-month,3,No,Electronic check,1443.12,No,46-55,25-48 Months,0,2,Low
CUST-00999,35,Male,66,65.91,Month-to-month,2,DSL,Credit card,4350.06,Yes,26-35,49-72 Months,1,2,Low
CUST-01000,47,Male,8,143.52,One year,1,No,Credit card,1148.16,No,46-55,7-12 Months,0,3,Medium
CUST-01001,32,Male,29,95.2,Month-to-month,3,No,Electronic check,2760.8,No,26-35,25-48 Months,0,2,Low
CUST-01002,44,Male,11,67.55,Two year,4,No,Bank transfer,743.05,No,36-45,7-12 Months,0,2,Low
CUST-01003,68,Male,18,143.45,One year,4,DSL,Bank transfer,2582.1,No,66+,13-24 Months,0,1,Low
CUST-01004,51,Female,55,62.78,One year,2,Fiber optic,Electronic check,3452.9,No,46-55,49-72 Months,0,0,Low
CUST-01005,69,Female,50,32.33,Month-to-month,2,Fiber optic,Mailed check,1616.5,Yes,66+,49-72 Months,1,2,Low
CUST-01006,74,Female,14,149.59,Two year,4,DSL,Credit card,2094.26,No,66+,13-24 Months,0,1,Low
CUST-01007,55,Female,9,54.82,Month-to-month,2,Fiber optic,Mailed check,493.38,No,46-55,7-12 Months,0,4,Medium
CUST-01008,50,Male,11,130.66,Two year,3,Fiber optic,Bank transfer,1437.26,Yes,46-55,7-12 Months,1,3,Medium
CUST-01009,41,Female,63,41.52,Month-to-month,1,No,Credit card,2615.76,No,36-45,49-72 Months,0,2,Low
CUST-01010,32,Female,67,115.08,One year,1,DSL,Electronic check,7710.36,No,26-35,49-72 Months,0,1,Low
CUST-01011,47,Male,53,88.18,One year,3,DSL,Bank transfer,4673.54,No,46-55,49-72 Months,0,0,Low
CUST-01012,72,Female,39,147.52,Month-to-month,6,DSL,Bank transfer,5753.28,No,66+,25-48 Months,0,5,High
CUST-01013,59,Female,56,91.87,Month-to-month,3,DSL,Bank transfer,5144.72,No,56-65,49-72 Months,0,2,Low
CUST-01014,68,Male,28,23.25,Month-to-month,2,Fiber optic,Electronic check,651.0,No,66+,25-48 Months,0,2,Low
CUST-01015,34,Male,39,98.5,Month-to-month,4,Fiber optic,Electronic check,3841.5,No,26-35,25-48 Months,0,2,Low
CUST-01016,22,Male,25,38.89,Month-to-month,5,Fiber optic,Mailed check,972.25,No,18-25,25-48 Months,0,4,Medium
CUST-01017,46,Female,21,123.81,Month-to-month,1,No,Electronic check,2600.01,Yes,46-55,13-24 Months,1,3,Medium
CUST-01018,21,Female,10,131.35,One year,0,Fiber optic,Mailed check,1313.5,No,18-25,7-12 Months,0,3,Medium
CUST-01019,27,Male,43,82.67,One year,4,Fiber optic,Credit card,3554.81,No,26-35,25-48 Months,0,0,Low
CUST-01020,73,Male,15,121.82,Month-to-month,2,Fiber optic,Credit card,1827.3,No,66+,13-24 Months,0,3,Medium
CUST-01021,34,Female,48,38.86,One year,7,No,Credit card,1865.28,Yes,26-35,25-48 Months,1,2,Low
CUST-01022,27,Male,21,83.97,Two year,2,No,Bank transfer,1763.37,No,26-35,13-24 Months,0,0,Low
CUST-01023,34,Female,60,71.21,Month-to-month,2,Fiber optic,Bank transfer,4272.6,Yes,26-35,49-72 Months,1,2,Low
CUST-01024,37,Male,50,99.47,Month-to-month,1,No,Bank transfer,4973.5,No,36-45,49-72 Months,0,2,Low
CUST-01025,41,Male,23,25.78,Month-to-month,0,Fiber optic,Electronic check,592.94,Yes,36-45,13-24 Months,1,2,Low
CUST-01026,22,Female,13,117.78,One year,3,No,Electronic check,1531.14,No,18-25,13-24 Months,0,1,Low
CUST-01027,51,Male,69,30.29,One year,2,Fiber optic,Mailed check,2090.01,No,46-55,49-72 Months,0,0,Low
CUST-01028,23,Male,4,105.34,One year,2,DSL,Bank transfer,421.36,No,18-25,0-6 Months,0,3,Medium
CUST-01029,70,Male,72,22.4,Month-to-month,2,No,Electronic check,1612.8,No,66+,49-72 Months,0,2,Low
CUST-01030,19,Female,9,128.15,Two year,1,DSL,Credit card,1153.35,No,18-25,7-12 Months,0,3,Medium
CUST-01031,30,Male,35,42.71,Month-to-month,2,No,Credit card,1494.85,Yes,26-35,25-48 Months,1,2,Low
CUST-01032,60,Male,21,87.01,Month-to-month,3,Fiber optic,Electronic check,1827.21,No,56-65,13-24 Months,0,2,Low
CUST-01033,60,Male,58,53.99,Month-to-month,4,Fiber optic,Credit card,3131.42,Yes,56-65,49-72 Months,1,2,Low
CUST-01034,65,Male,18,113.94,Month-to-month,1,DSL,Credit card,2050.92,No,56-65,13-24 Months,0,3,Medium
CUST-01035,28,Male,72,61.78,One year,3,DSL,Mailed check,4448.16,No,26-35,49-72 Months,0,0,Low
CUST-01036,68,Male,43,114.2,One year,1,No,Credit card,4910.6,No,66+,25-48 Months,0,1,Low
CUST-01037,64,Female,6,57.03,Two year,2,Fiber optic,Bank transfer,342.18,No,56-65,0-6 Months,0,2,Low
CUST-01038,74,Female,67,117.82,Month-to-month,1,Fiber optic,Electronic check,7893.94,No,66+,49-72 Months,0,3,Medium
CUST-01039,40,Male,12,23.98,Two year,3,Fiber optic,Electronic check,287.76,No,36-45,7-12 Months,0,2,Low
CUST-01040,72,Female,12,56.83,One year,3,Fiber optic,Bank transfer,681.96,Yes,66+,7-12 Months,1,2,Low
CUST-01041,33,Female,66,84.82,Month-to-month,2,Fiber optic,Credit card,5598.12,No,26-35,49-72 Months,0,2,Low
CUST-01042,48,Male,2,25.86,Two year,2,DSL,Mailed check,51.72,No,46-55,0-6 Months,0,2,Low
CUST-01043,28,Female,15,44.18,One year,4,Fiber optic,Mailed check,662.7,No,26-35,13-24 Months,0,0,Low
CUST-01044,71,Female,23,141.49,Month-to-month,3,Fiber optic,Bank transfer,3254.27,No,66+,13-24 Months,0,3,Medium
CUST-01045,33,Female,29,146.99,Two year,2,No,Credit card,4262.71,Yes,26-35,25-48 Months,1,1,Low
CUST-01046,25,Female,7,116.17,One year,8,Fiber optic,Bank transfer,813.19,Yes,18-25,7-12 Months,1,5,High
CUST-01047,21,Female,28,52.79,One year,2,DSL,Mailed check,1478.12,Yes,18-25,25-48 Months,1,0,Low
CUST-01048,57,Female,14,53.87,Two year,4,No,Credit card,754.18,No,56-65,13-24 Months,0,0,Low
CUST-01049,21,Female,44,103.95,Month-to-month,2,Fiber optic,Bank transfer,4573.8,Yes,18-25,25-48 Months,1,3,Medium
CUST-01050,73,Female,30,35.29,One year,7,Fiber optic,Bank transfer,1058.7,No,66+,25-48 Months,0,2,Low
CUST-01051,42,Male,32,143.28,One year,2,Fiber optic,Credit card,4584.96,No,36-45,25-48 Months,0,1,Low
CUST-01052,20,Male,70,49.23,Month-to-month,5,Fiber optic,Mailed check,3446.1,Yes,18-25,49-72 Months,1,4,Medium
CUST-01053,49,Female,6,149.95,Month-to-month,2,Fiber optic,Credit card,899.7,Yes,46-55,0-6 Months,1,5,High
CUST-01054,20,Female,27,84.45,One year,2,Fiber optic,Mailed check,2280.15,No,18-25,25-48 Months,0,0,Low
CUST-01055,44,Male,24,120.29,Month-to-month,6,DSL,Electronic check,2886.96,Yes,36-45,13-24 Months,1,5,High
CUST-01056,46,Female,34,20.28,One year,4,Fiber optic,Mailed check,689.52,Yes,46-55,25-48 Months,1,0,Low
CUST-01057,49,Female,40,135.54,Two year,4,DSL,Mailed check,5421.6,Yes,46-55,25-48 Months,1,1,Low
CUST-01058,67,Male,47,55.1,Month-to-month,3,Fiber optic,Electronic check,2589.7,Yes,66+,25-48 Months,1,2,Low
CUST-01059,75,Male,24,106.83,Month-to-month,2,DSL,Bank transfer,2563.92,No,66+,13-24 Months,0,3,Medium
CUST-01060,68,Male,65,124.83,Month-to-month,2,DSL,Bank transfer,8113.95,No,66+,49-72 Months,0,3,Medium
CUST-01061,36,Female,18,41.34,One year,4,Fiber optic,Mailed check,744.12,Yes,36-45,13-24 Months,1,0,Low
CUST-01062,38,Female,44,77.53,Two year,2,Fiber optic,Electronic check,3411.32,Yes,36-45,25-48 Months,1,0,Low
CUST-01063,22,Male,57,84.2,Month-to-month,1,Fiber optic,Electronic check,4799.4,No,18-25,49-72 Months,0,2,Low
CUST-01064,35,Male,28,60.58,Month-to-month,2,Fiber optic,Credit card,1696.24,Yes,26-35,25-48 Months,1,2,Low
CUST-01065,45,Female,71,82.63,One year,0,Fiber optic,Mailed check,5866.73,No,36-45,49-72 Months,0,0,Low
CUST-01066,59,Male,23,61.28,One year,4,Fiber optic,Electronic check,1409.44,Yes,56-65,13-24 Months,1,0,Low
CUST-01067,39,Female,34,66.9,Month-to-month,4,Fiber optic,Bank transfer,2274.6,No,36-45,25-48 Months,0,2,Low
CUST-01068,38,Female,11,107.01,One year,8,DSL,Electronic check,1177.11,Yes,36-45,7-12 Months,1,5,High
CUST-01069,23,Male,35,102.24,Month-to-month,3,Fiber optic,Electronic check,3578.4,No,18-25,25-48 Months,0,3,Medium
CUST-01070,18,Male,42,50.19,One year,1,DSL,Electronic check,2107.98,No,18-25,25-48 Months,0,0,Low
CUST-01071,22,Female,28,136.67,Month-to-month,3,Fiber optic,Electronic check,3826.76,Yes,18-25,25-48 Months,1,3,Medium
CUST-01072,58,Male,24,132.16,Month-to-month,1,No,Bank transfer,3171.84,No,56-65,13-24 Months,0,3,Medium
CUST-01073,29,Male,8,86.18,Two year,6,Fiber optic,Electronic check,689.44,Yes,26-35,7-12 Months,1,4,Medium
CUST-01074,43,Male,53,76.32,Month-to-month,2,Fiber optic,Mailed check,4044.96,Yes,36-45,49-72 Months,1,2,Low
CUST-01075,63,Male,72,68.99,Month-to-month,5,DSL,Electronic check,4967.28,Yes,56-65,49-72 Months,1,4,Medium
CUST-01076,51,Female,4,111.94,Two year,4,Fiber optic,Bank transfer,447.76,No,46-55,0-6 Months,0,3,Medium
CUST-01077,66,Female,5,107.32,One year,4,Fiber optic,Mailed check,536.6,Yes,66+,0-6 Months,1,3,Medium
CUST-01078,31,Female,49,45.5,Month-to-month,7,DSL,Electronic check,2229.5,Yes,26-35,49-72 Months,1,4,Medium
CUST-01079,43,Female,30,107.29,One year,3,Fiber optic,Bank transfer,3218.7,No,36-45,25-48 Months,0,1,Low
CUST-01080,62,Male,72,52.82,Two year,3,Fiber optic,Mailed check,3803.04,No,56-65,49-72 Months,0,0,Low
CUST-01081,44,Male,63,22.41,One year,4,DSL,Electronic check,1411.83,No,36-45,49-72 Months,0,0,Low
CUST-01082,26,Female,47,110.9,Month-to-month,1,Fiber optic,Electronic check,5212.3,No,26-35,25-48 Months,0,3,Medium
CUST-01083,43,Female,26,103.82,One year,0,DSL,Electronic check,2699.32,No,36-45,25-48 Months,0,1,Low
CUST-01084,74,Male,57,73.41,One year,2,DSL,Mailed check,4184.37,Yes,66+,49-72 Months,1,0,Low
CUST-01085,64,Female,37,88.34,Two year,3,Fiber optic,Credit card,3268.58,No,56-65,25-48 Months,0,0,Low
CUST-01086,74,Female,7,143.13,Month-to-month,1,DSL,Electronic check,1001.91,Yes,66+,7-12 Months,1,5,High
CUST-01087,39,Male,40,97.38,One year,1,Fiber optic,Bank transfer,3895.2,No,36-45,25-48 Months,0,0,Low
CUST-01088,64,Female,39,105.52,Month-to-month,5,Fiber optic,Credit card,4115.28,Yes,56-65,25-48 Months,1,5,High
CUST-01089,73,Male,62,28.31,One year,2,No,Electronic check,1755.22,No,66+,49-72 Months,0,0,Low
CUST-01090,47,Male,53,41.58,Two year,3,Fiber optic,Bank transfer,2203.74,No,46-55,49-72 Months,0,0,Low
CUST-01091,60,Female,4,59.12,Month-to-month,2,DSL,Electronic check,236.48,No,56-65,0-6 Months,0,4,Medium
CUST-01092,65,Male,25,90.12,Month-to-month,1,Fiber optic,Bank transfer,2253.0,No,56-65,25-48 Months,0,2,Low
CUST-01093,34,Female,7,120.96,One year,3,Fiber optic,Electronic check,846.72,No,26-35,7-12 Months,0,3,Medium
CUST-01094,43,Male,28,61.76,One year,2,Fiber optic,Bank transfer,1729.28,No,36-45,25-48 Months,0,0,Low
CUST-01095,53,Female,69,66.33,Month-to-month,4,Fiber optic,Bank transfer,4576.77,No,46-55,49-72 Months,0,2,Low
CUST-01096,18,Female,67,53.3,One year,1,Fiber optic,Credit card,3571.1,No,18-25,49-72 Months,0,0,Low
CUST-01097,25,Female,20,53.1,Two year,3,DSL,Credit card,1062.0,No,18-25,13-24 Months,0,0,Low
CUST-01098,66,Male,11,143.35,One year,2,DSL,Mailed check,1576.85,No,66+,7-12 Months,0,3,Medium
CUST-01099,52,Male,67,102.61,One year,2,DSL,Bank transfer,6874.87,Yes,46-55,49-72 Months,1,1,Low
CUST-01100,69,Female,7,40.27,Month-to-month,4,Fiber optic,Bank transfer,281.89,Yes,66+,7-12 Months,1,4,Medium
CUST-01101,32,Male,23,113.89,Two year,0,DSL,Credit card,2619.47,No,26-35,13-24 Months,0,1,Low
CUST-01102,64,Female,61,113.86,Month-to-month,1,Fiber optic,Mailed check,6945.46,Yes,56-65,49-72 Months,1,3,Medium
CUST-01103,73,Female,71,106.64,Month-to-month,0,Fiber optic,Bank transfer,7571.44,Yes,66+,49-72 Months,1,3,Medium
CUST-01104,39,Male,34,37.51,Month-to-month,3,Fiber optic,Electronic check,1275.34,No,36-45,25-48 Months,0,2,Low
CUST-01105,31,Female,19,73.04,One year,1,DSL,Electronic check,1387.76,No,26-35,13-24 Months,0,0,Low
CUST-01106,43,Male,58,33.88,Two year,3,Fiber optic,Mailed check,1965.04,No,36-45,49-72 Months,0,0,Low
CUST-01107,45,Female,9,126.16,Month-to-month,2,Fiber optic,Bank transfer,1135.44,Yes,36-45,7-12 Months,1,5,High
CUST-01108,40,Male,48,105.17,Two year,4,No,Bank transfer,5048.16,No,36-45,25-48 Months,0,1,Low
CUST-01109,31,Female,41,85.94,Two year,4,Fiber optic,Credit card,3523.54,No,26-35,25-48 Months,0,0,Low
CUST-01110,41,Female,48,64.59,One year,2,DSL,Credit card,3100.32,No,36-45,25-48 Months,0,0,Low
CUST-01111,19,Male,45,43.95,One year,6,DSL,Bank transfer,1977.75,Yes,18-25,25-48 Months,1,2,Low
CUST-01112,62,Female,25,33.84,Month-to-month,3,Fiber optic,Electronic check,846.0,No,56-65,25-48 Months,0,2,Low
CUST-01113,43,Female,25,146.0,Month-to-month,5,Fiber optic,Credit card,3650.0,No,36-45,25-48 Months,0,5,High
CUST-01114,31,Male,19,45.95,Two year,0,DSL,Electronic check,873.05,No,26-35,13-24 Months,0,0,Low
CUST-01115,73,Female,39,27.78,Month-to-month,3,Fiber optic,Electronic check,1083.42,Yes,66+,25-48 Months,1,2,Low
CUST-01116,68,Male,27,145.02,Month-to-month,4,DSL,Electronic check,3915.54,No,66+,25-48 Months,0,3,Medium
CUST-01117,24,Female,63,91.36,One year,5,Fiber optic,Electronic check,5755.68,No,18-25,49-72 Months,0,2,Low
CUST-01118,20,Male,68,123.57,Two year,2,Fiber optic,Mailed check,8402.76,Yes,18-25,49-72 Months,1,1,Low
CUST-01119,64,Female,19,25.69,One year,3,Fiber optic,Mailed check,488.11,No,56-65,13-24 Months,0,0,Low
CUST-01120,40,Female,28,93.7,Month-to-month,4,DSL,Credit card,2623.6,No,36-45,25-48 Months,0,2,Low
CUST-01121,63,Female,33,71.77,Month-to-month,5,Fiber optic,Bank transfer,2368.41,Yes,56-65,25-48 Months,1,4,Medium
CUST-01122,60,Male,10,120.36,One year,3,Fiber optic,Mailed check,1203.6,Yes,56-65,7-12 Months,1,3,Medium
CUST-01123,64,Male,30,25.0,Month-to-month,1,DSL,Bank transfer,750.0,Yes,56-65,25-48 Months,1,2,Low
CUST-01124,62,Male,22,72.22,Month-to-month,2,No,Credit card,1588.84,No,56-65,13-24 Months,0,2,Low
CUST-01125,35,Male,3,123.88,Month-to-month,1,Fiber optic,Electronic check,371.64,Yes,26-35,0-6 Months,1,5,High
CUST-01126,75,Female,48,87.95,One year,2,DSL,Bank transfer,4221.6,No,66+,25-48 Months,0,0,Low
CUST-01127,55,Female,2,91.51,Month-to-month,4,Fiber optic,Mailed check,183.02,Yes,46-55,0-6 Months,1,4,Medium
CUST-01128,52,Male,54,32.63,Month-to-month,0,No,Bank transfer,1762.02,No,46-55,49-72 Months,0,2,Low
CUST-01129,68,Male,6,37.2,Month-to-month,7,No,Mailed check,223.2,Yes,66+,0-6 Months,1,6,High
CUST-01130,32,Male,40,108.01,Month-to-month,1,Fiber optic,Bank transfer,4320.4,No,26-35,25-48 Months,0,3,Medium
CUST-01131,42,Female,2,107.76,Month-to-month,1,Fiber optic,Mailed check,215.52,Yes,36-45,0-6 Months,1,5,High
CUST-01132,72,Male,2,147.28,Month-to-month,2,DSL,Electronic check,294.56,No,66+,0-6 Months,0,5,High
CUST-01133,54,Male,55,112.55,One year,1,No,Bank transfer,6190.25,No,46-55,49-72 Months,0,1,Low
CUST-01134,45,Female,72,84.12,Month-to-month,2,DSL,Credit card,6056.64,Yes,36-45,49-72 Months,1,2,Low
CUST-01135,27,Female,60,131.45,Month-to-month,0,DSL,Bank transfer,7887.0,Yes,26-35,49-72 Months,1,3,Medium
CUST-01136,56,Male,6,33.58,Month-to-month,4,No,Mailed check,201.48,Yes,56-65,0-6 Months,1,4,Medium
CUST-01137,74,Female,19,78.41,Month-to-month,4,DSL,Bank transfer,1489.79,Yes,66+,13-24 Months,1,2,Low
CUST-01138,34,Male,27,57.32,Month-to-month,4,Fiber optic,Credit card,1547.64,No,26-35,25-48 Months,0,2,Low
CUST-01139,56,Female,1,33.6,Month-to-month,6,Fiber optic,Electronic check,33.6,Yes,56-65,0-6 Months,1,6,High
CUST-01140,39,Male,33,119.26,Month-to-month,1,Fiber optic,Bank transfer,3935.58,No,36-45,25-48 Months,0,3,Medium
CUST-01141,43,Male,40,86.4,Two year,4,Fiber optic,Electronic check,3456.0,No,36-45,25-48 Months,0,0,Low
CUST-01142,61,Male,32,92.38,Month-to-month,2,Fiber optic,Electronic check,2956.16,No,56-65,25-48 Months,0,2,Low
CUST-01143,42,Male,69,73.46,Two year,4,DSL,Electronic check,5068.74,Yes,36-45,49-72 Months,1,0,Low
CUST-01144,34,Female,17,79.84,Month-to-month,1,DSL,Mailed check,1357.28,Yes,26-35,13-24 Months,1,2,Low
CUST-01145,30,Female,8,35.08,Month-to-month,2,Fiber optic,Bank transfer,280.64,Yes,26-35,7-12 Months,1,4,Medium
CUST-01146,37,Female,57,107.48,One year,0,Fiber optic,Bank transfer,6126.36,No,36-45,49-72 Months,0,1,Low
CUST-01147,42,Female,42,76.22,Month-to-month,4,DSL,Credit card,3201.24,Yes,36-45,25-48 Months,1,2,Low
CUST-01148,21,Male,9,126.18,Month-to-month,1,Fiber optic,Electronic check,1135.62,No,18-25,7-12 Months,0,5,High
CUST-01149,27,Male,35,45.52,Two year,6,DSL,Mailed check,1593.2,No,26-35,25-48 Months,0,2,Low
CUST-01150,20,Female,71,46.66,Month-to-month,3,Fiber optic,Mailed check,3312.86,No,18-25,49-72 Months,0,2,Low
CUST-01151,58,Female,53,103.95,Month-to-month,1,DSL,Credit card,5509.35,No,56-65,49-72 Months,0,3,Medium
CUST-01152,62,Female,54,129.98,Month-to-month,8,DSL,Bank transfer,7018.92,No,56-65,49-72 Months,0,5,High
CUST-01153,35,Female,25,81.39,Two year,2,Fiber optic,Bank transfer,2034.75,No,26-35,25-48 Months,0,0,Low
CUST-01154,64,Female,67,114.5,Two year,2,No,Mailed check,7671.5,No,56-65,49-72 Months,0,1,Low
CUST-01155,53,Male,62,149.91,Month-to-month,0,Fiber optic,Mailed check,9294.42,No,46-55,49-72 Months,0,3,Medium
CUST-01156,64,Male,55,148.73,Month-to-month,3,Fiber optic,Credit card,8180.15,Yes,56-65,49-72 Months,1,3,Medium
CUST-01157,39,Male,46,116.76,Two year,4,DSL,Mailed check,5370.96,No,36-45,25-48 Months,0,1,Low
CUST-01158,51,Female,24,116.15,Month-to-month,0,Fiber optic,Mailed check,2787.6,Yes,46-55,13-24 Months,1,3,Medium
CUST-01159,64,Female,46,52.19,Month-to-month,2,No,Credit card,2400.74,No,56-65,25-48 Months,0,2,Low
CUST-01160,25,Female,22,128.36,One year,3,Fiber optic,Electronic check,2823.92,No,18-25,13-24 Months,0,1,Low
CUST-01161,57,Female,11,72.66,Month-to-month,2,DSL,Mailed check,799.26,No,56-65,7-12 Months,0,4,Medium
CUST-01162,66,Male,48,145.06,One year,3,No,Bank transfer,6962.88,No,66+,25-48 Months,0,1,Low
CUST-01163,61,Male,8,30.59,Two year,2,Fiber optic,Electronic check,244.72,Yes,56-65,7-12 Months,1,2,Low
CUST-01164,36,Female,39,76.66,One year,2,Fiber optic,Mailed check,2989.74,No,36-45,25-48 Months,0,0,Low
CUST-01165,59,Male,35,92.26,Month-to-month,3,Fiber optic,Electronic check,3229.1,No,56-65,25-48 Months,0,2,Low
CUST-01166,58,Male,49,72.67,Month-to-month,0,DSL,Mailed check,3560.83,No,56-65,49-72 Months,0,2,Low
CUST-01167,54,Female,46,47.38,Month-to-month,2,DSL,Bank transfer,2179.48,No,46-55,25-48 Months,0,2,Low
CUST-01168,23,Female,38,97.09,Month-to-month,3,No,Mailed check,3689.42,No,18-25,25-48 Months,0,2,Low
CUST-01169,69,Female,8,118.27,Month-to-month,1,Fiber optic,Bank transfer,946.16,Yes,66+,7-12 Months,1,5,High
CUST-01170,43,Female,54,103.83,Month-to-month,2,Fiber optic,Mailed check,5606.82,No,36-45,49-72 Months,0,3,Medium
CUST-01171,51,Female,37,50.48,Month-to-month,0,No,Mailed check,1867.76,No,46-55,25-48 Months,0,2,Low
CUST-01172,73,Female,40,115.11,Month-to-month,3,Fiber optic,Electronic check,4604.4,Yes,66+,25-48 Months,1,3,Medium
CUST-01173,62,Male,34,53.4,Month-to-month,4,Fiber optic,Credit card,1815.6,No,56-65,25-48 Months,0,2,Low
CUST-01174,23,Male,17,42.78,One year,4,No,Bank transfer,727.26,No,18-25,13-24 Months,0,0,Low
CUST-01175,54,Female,33,109.79,One year,0,Fiber optic,Electronic check,3623.07,No,46-55,25-48 Months,0,1,Low
CUST-01176,74,Male,47,129.56,Month-to-month,2,Fiber optic,Credit card,6089.32,No,66+,25-48 Months,0,3,Medium
CUST-01177,50,Female,52,82.6,One year,1,No,Electronic check,4295.2,No,46-55,49-72 Months,0,0,Low
CUST-01178,70,Female,9,89.08,One year,2,DSL,Bank transfer,801.72,Yes,66+,7-12 Months,1,2,Low
CUST-01179,39,Female,33,59.36,Month-to-month,0,DSL,Credit card,1958.88,Yes,36-45,25-48 Months,1,2,Low
CUST-01180,38,Female,60,84.3,Month-to-month,1,Fiber optic,Credit card,5058.0,No,36-45,49-72 Months,0,2,Low
CUST-01181,23,Male,21,37.16,Month-to-month,2,Fiber optic,Credit card,780.36,No,18-25,13-24 Months,0,2,Low
CUST-01182,23,Female,58,144.26,Month-to-month,3,No,Bank transfer,8367.08,Yes,18-25,49-72 Months,1,3,Medium
CUST-01183,72,Male,69,124.05,Month-to-month,5,Fiber optic,Bank transfer,8559.45,Yes,66+,49-72 Months,1,5,High
CUST-01184,65,Female,10,106.84,Two year,5,DSL,Electronic check,1068.4,No,56-65,7-12 Months,0,5,High
CUST-01185,21,Female,6,89.97,Month-to-month,2,Fiber optic,Mailed check,539.82,Yes,18-25,0-6 Months,1,4,Medium
CUST-01186,47,Female,13,122.98,One year,2,Fiber optic,Mailed check,1598.74,Yes,46-55,13-24 Months,1,1,Low
CUST-01187,28,Male,65,84.32,Month-to-month,1,DSL,Mailed check,5480.8,No,26-35,49-72 Months,0,2,Low
CUST-01188,47,Female,20,59.0,Month-to-month,1,Fiber optic,Mailed check,1180.0,No,46-55,13-24 Months,0,2,Low
CUST-01189,48,Female,57,40.85,Month-to-month,2,Fiber optic,Electronic check,2328.45,Yes,46-55,49-72 Months,1,2,Low
CUST-01190,41,Female,46,104.19,One year,0,Fiber optic,Bank transfer,4792.74,No,36-45,25-48 Months,0,1,Low
CUST-01191,72,Male,8,140.83,Month-to-month,1,Fiber optic,Electronic check,1126.64,Yes,66+,7-12 Months,1,5,High
CUST-01192,26,Male,10,39.97,Month-to-month,2,DSL,Credit card,399.7,Yes,26-35,7-12 Months,1,4,Medium
CUST-01193,72,Male,67,43.4,Two year,3,Fiber optic,Bank transfer,2907.8,No,66+,49-72 Months,0,0,Low
CUST-01194,20,Female,11,76.37,Month-to-month,4,DSL,Bank transfer,840.07,No,18-25,7-12 Months,0,4,Medium
CUST-01195,68,Male,12,124.9,Month-to-month,0,Fiber optic,Mailed check,1498.8,No,66+,7-12 Months,0,5,High
CUST-01196,48,Female,10,58.21,Month-to-month,2,Fiber optic,Electronic check,582.1,Yes,46-55,7-12 Months,1,4,Medium
CUST-01197,57,Male,25,53.01,One year,3,DSL,Mailed check,1325.25,Yes,56-65,25-48 Months,1,0,Low
CUST-01198,54,Male,49,100.6,Month-to-month,1,DSL,Bank transfer,4929.4,Yes,46-55,49-72 Months,1,3,Medium
CUST-01199,53,Female,49,89.63,Month-to-month,1,DSL,Mailed check,4391.87,Yes,46-55,49-72 Months,1,2,Low
CUST-01200,41,Male,11,27.83,Month-to-month,5,Fiber optic,Credit card,306.13,No,36-45,7-12 Months,0,6,High
CUST-01201,48,Female,62,30.59,Month-to-month,0,DSL,Bank transfer,1896.58,No,46-55,49-72 Months,0,2,Low
CUST-01202,23,Female,36,103.59,One year,4,DSL,Credit card,3729.24,No,18-25,25-48 Months,0,1,Low
CUST-01203,19,Male,39,80.47,One year,4,DSL,Bank transfer,3138.33,No,18-25,25-48 Months,0,0,Low
CUST-01204,37,Female,53,146.23,Month-to-month,4,Fiber optic,Mailed check,7750.19,No,36-45,49-72 Months,0,3,Medium
CUST-01205,45,Female,56,108.21,Month-to-month,4,Fiber optic,Bank transfer,6059.76,Yes,36-45,49-72 Months,1,3,Medium
CUST-01206,28,Male,1,21.31,Month-to-month,6,Fiber optic,Bank transfer,21.31,Yes,26-35,0-6 Months,1,6,High
CUST-01207,21,Male,56,82.53,One year,2,Fiber optic,Electronic check,4621.68,No,18-25,49-72 Months,0,0,Low
CUST-01208,32,Female,4,73.88,Month-to-month,3,Fiber optic,Electronic check,295.52,Yes,26-35,0-6 Months,1,4,Medium
CUST-01209,23,Male,30,33.87,Month-to-month,0,No,Credit card,1016.1,No,18-25,25-48 Months,0,2,Low
CUST-01210,71,Female,12,140.02,Two year,1,DSL,Electronic check,1680.24,No,66+,7-12 Months,0,3,Medium
CUST-01211,66,Female,35,124.65,Month-to-month,3,Fiber optic,Bank transfer,4362.75,Yes,66+,25-48 Months,1,3,Medium
CUST-01212,47,Male,52,49.91,Two year,3,Fiber optic,Electronic check,2595.32,Yes,46-55,49-72 Months,1,0,Low
CUST-01213,73,Male,31,53.28,Month-to-month,2,Fiber optic,Mailed check,1651.68,No,66+,25-48 Months,0,2,Low
CUST-01214,55,Male,68,24.16,Month-to-month,2,Fiber optic,Electronic check,1642.88,No,46-55,49-72 Months,0,2,Low
CUST-01215,68,Male,52,58.57,Month-to-month,4,No,Credit card,3045.64,No,66+,49-72 Months,0,2,Low
CUST-01216,74,Female,7,96.0,Month-to-month,3,No,Bank transfer,672.0,No,66+,7-12 Months,0,4,Medium
CUST-01217,19,Female,22,74.71,Month-to-month,3,Fiber optic,Mailed check,1643.62,Yes,18-25,13-24 Months,1,2,Low
CUST-01218,32,Male,56,146.0,Month-to-month,2,Fiber optic,Mailed check,8176.0,Yes,26-35,49-72 Months,1,3,Medium
CUST-01219,28,Male,58,27.29,Two year,1,Fiber optic,Credit card,1582.82,No,26-35,49-72 Months,0,0,Low
CUST-01220,25,Female,64,96.89,Month-to-month,1,Fiber optic,Electronic check,6200.96,No,18-25,49-72 Months,0,2,Low
CUST-01221,43,Female,12,131.58,One year,3,No,Bank transfer,1578.96,Yes,36-45,7-12 Months,1,3,Medium
CUST-01222,68,Female,7,82.5,One year,2,Fiber optic,Credit card,577.5,No,66+,7-12 Months,0,2,Low
CUST-01223,62,Female,55,20.39,One year,2,DSL,Mailed check,1121.45,Yes,56-65,49-72 Months,1,0,Low
CUST-01224,61,Male,62,51.56,One year,1,Fiber optic,Mailed check,3196.72,No,56-65,49-72 Months,0,0,Low
CUST-01225,22,Female,55,62.09,Month-to-month,1,Fiber optic,Mailed check,3414.95,No,18-25,49-72 Months,0,2,Low
CUST-01226,23,Female,36,145.58,Month-to-month,1,Fiber optic,Credit card,5240.88,No,18-25,25-48 Months,0,3,Medium
CUST-01227,43,Male,24,138.53,Month-to-month,3,Fiber optic,Mailed check,3324.72,Yes,36-45,13-24 Months,1,3,Medium
CUST-01228,71,Female,44,143.39,Month-to-month,3,No,Bank transfer,6309.16,Yes,66+,25-48 Months,1,3,Medium
CUST-01229,21,Female,17,127.35,Month-to-month,1,Fiber optic,Mailed check,2164.95,Yes,18-25,13-24 Months,1,3,Medium
CUST-01230,36,Male,2,65.71,Month-to-month,6,DSL,Credit card,131.42,Yes,36-45,0-6 Months,1,6,High
CUST-01231,37,Male,13,137.76,Two year,1,Fiber optic,Credit card,1790.88,No,36-45,13-24 Months,0,1,Low
CUST-01232,50,Male,31,147.62,Two year,3,DSL,Mailed check,4576.22,Yes,46-55,25-48 Months,1,1,Low
CUST-01233,37,Female,28,65.51,Month-to-month,1,No,Credit card,1834.28,No,36-45,25-48 Months,0,2,Low
CUST-01234,66,Female,60,53.87,Month-to-month,3,Fiber optic,Electronic check,3232.2,No,66+,49-72 Months,0,2,Low
CUST-01235,29,Male,27,91.1,Month-to-month,3,No,Credit card,2459.7,No,26-35,25-48 Months,0,2,Low
CUST-01236,64,Male,15,44.33,Month-to-month,0,Fiber optic,Electronic check,664.95,No,56-65,13-24 Months,0,2,Low
CUST-01237,18,Female,33,24.24,Month-to-month,5,DSL,Credit card,799.92,Yes,18-25,25-48 Months,1,4,Medium
CUST-01238,43,Male,20,142.96,Two year,0,Fiber optic,Credit card,2859.2,No,36-45,13-24 Months,0,1,Low
CUST-01239,31,Male,42,140.35,Month-to-month,2,DSL,Credit card,5894.7,No,26-35,25-48 Months,0,3,Medium
CUST-01240,55,Male,12,41.15,Month-to-month,5,Fiber optic,Mailed check,493.8,Yes,46-55,7-12 Months,1,6,High
CUST-01241,54,Female,23,73.01,Month-to-month,2,Fiber optic,Credit card,1679.23,No,46-55,13-24 Months,0,2,Low
CUST-01242,28,Female,72,128.03,Two year,0,Fiber optic,Bank transfer,9218.16,No,26-35,49-72 Months,0,1,Low
CUST-01243,53,Female,14,105.93,Two year,3,DSL,Mailed check,1483.02,No,46-55,13-24 Months,0,1,Low
CUST-01244,30,Female,25,71.32,One year,5,Fiber optic,Electronic check,1783.0,No,26-35,25-48 Months,0,2,Low
CUST-01245,60,Female,31,116.74,Month-to-month,2,Fiber optic,Bank transfer,3618.94,No,56-65,25-48 Months,0,3,Medium
CUST-01246,20,Female,54,136.62,Month-to-month,3,No,Bank transfer,7377.48,Yes,18-25,49-72 Months,1,3,Medium
CUST-01247,50,Male,5,140.4,Month-to-month,1,DSL,Bank transfer,702.0,Yes,46-55,0-6 Months,1,5,High
CUST-01248,23,Female,13,69.25,Month-to-month,2,DSL,Bank transfer,900.25,Yes,18-25,13-24 Months,1,2,Low
CUST-01249,67,Female,28,42.56,One year,2,No,Credit card,1191.68,No,66+,25-48 Months,0,0,Low
CUST-01250,73,Male,43,138.67,Month-to-month,4,Fiber optic,Credit card,5962.81,No,66+,25-48 Months,0,3,Medium
CUST-01251,27,Female,47,32.03,Month-to-month,0,Fiber optic,Bank transfer,1505.41,No,26-35,25-48 Months,0,2,Low
CUST-01252,22,Female,71,113.82,One year,3,No,Mailed check,8081.22,Yes,18-25,49-72 Months,1,1,Low
CUST-01253,40,Male,38,38.26,Month-to-month,0,Fiber optic,Bank transfer,1453.88,Yes,36-45,25-48 Months,1,2,Low
CUST-01254,27,Male,67,70.62,One year,2,DSL,Electronic check,4731.54,Yes,26-35,49-72 Months,1,0,Low
CUST-01255,61,Male,62,73.5,Month-to-month,3,DSL,Bank transfer,4557.0,No,56-65,49-72 Months,0,2,Low
CUST-01256,19,Female,39,40.64,Month-to-month,1,Fiber optic,Credit card,1584.96,Yes,18-25,25-48 Months,1,2,Low
CUST-01257,30,Male,37,139.95,Month-to-month,0,Fiber optic,Electronic check,5178.15,No,26-35,25-48 Months,0,3,Medium
CUST-01258,57,Female,8,20.35,Two year,3,DSL,Mailed check,162.8,Yes,56-65,7-12 Months,1,2,Low
CUST-01259,19,Female,52,136.2,Month-to-month,3,Fiber optic,Bank transfer,7082.4,No,18-25,49-72 Months,0,3,Medium
CUST-01260,37,Female,33,134.9,Month-to-month,4,Fiber optic,Electronic check,4451.7,Yes,36-45,25-48 Months,1,3,Medium
CUST-01261,18,Female,42,61.21,Month-to-month,4,No,Bank transfer,2570.82,No,18-25,25-48 Months,0,2,Low
CUST-01262,54,Male,27,111.56,One year,1,DSL,Mailed check,3012.12,No,46-55,25-48 Months,0,1,Low
CUST-01263,26,Male,8,52.87,Two year,3,Fiber optic,Mailed check,422.96,No,26-35,7-12 Months,0,2,Low
CUST-01264,34,Female,23,118.64,Month-to-month,4,No,Electronic check,2728.72,No,26-35,13-24 Months,0,3,Medium
CUST-01265,26,Male,64,92.95,Month-to-month,0,Fiber optic,Mailed check,5948.8,Yes,26-35,49-72 Months,1,2,Low
CUST-01266,28,Female,20,59.03,Two year,1,Fiber optic,Electronic check,1180.6,Yes,26-35,13-24 Months,1,0,Low
CUST-01267,32,Female,16,72.03,One year,2,DSL,Mailed check,1152.48,No,26-35,13-24 Months,0,0,Low
CUST-01268,41,Female,17,109.69,One year,4,DSL,Credit card,1864.73,No,36-45,13-24 Months,0,1,Low
CUST-01269,55,Male,19,137.79,Month-to-month,0,Fiber optic,Electronic check,2618.01,Yes,46-55,13-24 Months,1,3,Medium
CUST-01270,72,Female,8,36.99,Month-to-month,4,DSL,Bank transfer,295.92,No,66+,7-12 Months,0,4,Medium
CUST-01271,52,Female,38,94.28,One year,2,Fiber optic,Electronic check,3582.64,No,46-55,25-48 Months,0,0,Low
CUST-01272,47,Male,38,52.98,Month-to-month,2,No,Mailed check,2013.24,Yes,46-55,25-48 Months,1,2,Low
CUST-01273,48,Male,53,124.18,Month-to-month,3,DSL,Mailed check,6581.54,Yes,46-55,49-72 Months,1,3,Medium
CUST-01274,66,Male,31,29.13,Month-to-month,3,Fiber optic,Mailed check,903.03,Yes,66+,25-48 Months,1,2,Low
CUST-01275,22,Male,44,109.56,Month-to-month,3,No,Bank transfer,4820.64,Yes,18-25,25-48 Months,1,3,Medium
CUST-01276,61,Female,60,42.74,Two year,10,Fiber optic,Bank transfer,2564.4,No,56-65,49-72 Months,0,2,Low
CUST-01277,67,Male,17,97.53,Two year,0,Fiber optic,Mailed check,1658.01,No,66+,13-24 Months,0,0,Low
CUST-01278,31,Female,39,128.64,Month-to-month,1,Fiber optic,Credit card,5016.96,No,26-35,25-48 Months,0,3,Medium
CUST-01279,70,Male,42,118.16,One year,1,DSL,Electronic check,4962.72,No,66+,25-48 Months,0,1,Low
CUST-01280,73,Male,48,117.88,One year,2,No,Mailed check,5658.24,No,66+,25-48 Months,0,1,Low
CUST-01281,28,Male,12,87.32,Two year,3,Fiber optic,Credit card,1047.84,No,26-35,7-12 Months,0,2,Low
CUST-01282,26,Male,18,135.8,One year,4,DSL,Bank transfer,2444.4,No,26-35,13-24 Months,0,1,Low
CUST-01283,51,Male,6,96.45,Two year,2,DSL,Mailed check,578.7,No,46-55,0-6 Months,0,2,Low
CUST-01284,29,Male,43,139.28,Two year,1,No,Electronic check,5989.04,No,26-35,25-48 Months,0,1,Low
CUST-01285,52,Female,35,91.05,Month-to-month,3,Fiber optic,Electronic check,3186.75,Yes,46-55,25-48 Months,1,2,Low
CUST-01286,52,Male,54,85.78,One year,1,DSL,Bank transfer,4632.12,No,46-55,49-72 Months,0,0,Low
CUST-01287,18,Male,62,48.91,Month-to-month,3,DSL,Mailed check,3032.42,Yes,18-25,49-72 Months,1,2,Low
CUST-01288,57,Male,69,90.82,Month-to-month,3,DSL,Mailed check,6266.58,Yes,56-65,49-72 Months,1,2,Low
CUST-01289,39,Male,16,38.28,Month-to-month,1,No,Mailed check,612.48,No,36-45,13-24 Months,0,2,Low
CUST-01290,46,Female,8,133.06,Month-to-month,3,Fiber optic,Credit card,1064.48,Yes,46-55,7-12 Months,1,5,High
CUST-01291,25,Male,31,107.87,One year,1,Fiber optic,Credit card,3343.97,No,18-25,25-48 Months,0,1,Low
CUST-01292,28,Male,10,149.17,Month-to-month,5,No,Mailed check,1491.7,Yes,26-35,7-12 Months,1,7,High
CUST-01293,58,Male,56,31.97,Two year,3,Fiber optic,Electronic check,1790.32,No,56-65,49-72 Months,0,0,Low
CUST-01294,54,Male,70,51.29,One year,5,Fiber optic,Credit card,3590.3,No,46-55,49-72 Months,0,2,Low
CUST-01295,31,Female,20,134.03,One year,1,No,Electronic check,2680.6,No,26-35,13-24 Months,0,1,Low
CUST-01296,47,Male,5,71.38,Month-to-month,3,DSL,Credit card,356.9,No,46-55,0-6 Months,0,4,Medium
CUST-01297,52,Female,23,80.62,Month-to-month,3,No,Bank transfer,1854.26,Yes,46-55,13-24 Months,1,2,Low
CUST-01298,38,Male,9,131.88,Month-to-month,2,DSL,Bank transfer,1186.92,Yes,36-45,7-12 Months,1,5,High
CUST-01299,54,Female,58,87.84,Month-to-month,1,Fiber optic,Bank transfer,5094.72,Yes,46-55,49-72 Months,1,2,Low
CUST-01300,22,Female,59,45.15,Two year,0,Fiber optic,Electronic check,2663.85,No,18-25,49-72 Months,0,0,Low
CUST-01301,36,Male,54,135.96,One year,3,No,Electronic check,7341.84,No,36-45,49-72 Months,0,1,Low
CUST-01302,31,Male,46,24.04,Month-to-month,3,Fiber optic,Mailed check,1105.84,No,26-35,25-48 Months,0,2,Low
CUST-01303,43,Female,22,136.4,Two year,3,DSL,Mailed check,3000.8,No,36-45,13-24 Months,0,1,Low
CUST-01304,21,Female,64,26.57,Month-to-month,1,DSL,Bank transfer,1700.48,Yes,18-25,49-72 Months,1,2,Low
CUST-01305,42,Male,8,106.56,Month-to-month,1,Fiber optic,Bank transfer,852.48,Yes,36-45,7-12 Months,1,5,High
CUST-01306,62,Female,20,29.32,One year,2,Fiber optic,Credit card,586.4,No,56-65,13-24 Months,0,0,Low
CUST-01307,59,Female,51,111.81,Month-to-month,3,Fiber optic,Bank transfer,5702.31,No,56-65,49-72 Months,0,3,Medium
CUST-01308,42,Female,39,24.42,One year,4,Fiber optic,Bank transfer,952.38,Yes,36-45,25-48 Months,1,0,Low
CUST-01309,35,Male,37,129.52,One year,7,Fiber optic,Bank transfer,4792.24,Yes,26-35,25-48 Months,1,3,Medium
CUST-01310,57,Female,50,80.57,One year,1,Fiber optic,Electronic check,4028.5,No,56-65,49-72 Months,0,0,Low
CUST-01311,25,Female,34,32.15,Month-to-month,0,Fiber optic,Electronic check,1093.1,No,18-25,25-48 Months,0,2,Low
CUST-01312,56,Female,33,111.89,Month-to-month,2,DSL,Bank transfer,3692.37,No,56-65,25-48 Months,0,3,Medium
CUST-01313,57,Male,31,83.61,Month-to-month,4,No,Credit card,2591.91,No,56-65,25-48 Months,0,2,Low
CUST-01314,31,Male,54,44.82,Two year,1,DSL,Credit card,2420.28,Yes,26-35,49-72 Months,1,0,Low
CUST-01315,49,Female,44,22.04,Month-to-month,1,Fiber optic,Mailed check,969.76,No,46-55,25-48 Months,0,2,Low
CUST-01316,68,Male,34,74.34,Month-to-month,1,Fiber optic,Bank transfer,2527.56,Yes,66+,25-48 Months,1,2,Low
CUST-01317,55,Female,71,31.13,Two year,2,No,Electronic check,2210.23,No,46-55,49-72 Months,0,0,Low
CUST-01318,50,Male,62,32.24,One year,2,Fiber optic,Bank transfer,1998.88,No,46-55,49-72 Months,0,0,Low
CUST-01319,40,Male,23,54.75,Two year,5,No,Credit card,1259.25,No,36-45,13-24 Months,0,2,Low
CUST-01320,32,Female,46,101.96,Two year,1,DSL,Electronic check,4690.16,Yes,26-35,25-48 Months,1,1,Low
CUST-01321,50,Male,56,88.89,Month-to-month,3,Fiber optic,Electronic check,4977.84,No,46-55,49-72 Months,0,2,Low
CUST-01322,42,Male,7,28.97,Month-to-month,4,Fiber optic,Electronic check,202.79,Yes,36-45,7-12 Months,1,4,Medium
CUST-01323,34,Male,61,145.9,Month-to-month,1,Fiber optic,Mailed check,8899.9,Yes,26-35,49-72 Months,1,3,Medium
CUST-01324,50,Female,3,135.33,Month-to-month,2,Fiber optic,Bank transfer,405.99,Yes,46-55,0-6 Months,1,5,High
CUST-01325,64,Male,38,53.7,One year,3,Fiber optic,Bank transfer,2040.6,No,56-65,25-48 Months,0,0,Low
CUST-01326,72,Male,34,35.9,Month-to-month,6,DSL,Bank transfer,1220.6,Yes,66+,25-48 Months,1,4,Medium
CUST-01327,19,Female,44,142.51,One year,1,Fiber optic,Credit card,6270.44,Yes,18-25,25-48 Months,1,1,Low
CUST-01328,31,Male,30,79.95,Month-to-month,3,DSL,Electronic check,2398.5,Yes,26-35,25-48 Months,1,2,Low
CUST-01329,70,Male,17,60.45,Month-to-month,2,DSL,Electronic check,1027.65,Yes,66+,13-24 Months,1,2,Low
CUST-01330,57,Male,59,83.75,One year,1,DSL,Credit card,4941.25,No,56-65,49-72 Months,0,0,Low
CUST-01331,57,Male,10,120.46,Month-to-month,3,Fiber optic,Mailed check,1204.6,Yes,56-65,7-12 Months,1,5,High
CUST-01332,68,Male,18,41.89,One year,2,DSL,Credit card,754.02,No,66+,13-24 Months,0,0,Low
CUST-01333,56,Female,45,119.77,Two year,3,DSL,Electronic check,5389.65,No,56-65,25-48 Months,0,1,Low
CUST-01334,68,Female,59,117.43,One year,1,DSL,Mailed check,6928.37,No,66+,49-72 Months,0,1,Low
CUST-01335,23,Male,62,90.12,Month-to-month,3,Fiber optic,Mailed check,5587.44,No,18-25,49-72 Months,0,2,Low
CUST-01336,23,Male,59,132.56,Two year,5,Fiber optic,Electronic check,7821.04,No,18-25,49-72 Months,0,3,Medium
CUST-01337,20,Male,49,37.18,Month-to-month,1,Fiber optic,Credit card,1821.82,No,18-25,49-72 Months,0,2,Low
CUST-01338,24,Female,63,97.41,One year,1,Fiber optic,Bank transfer,6136.83,No,18-25,49-72 Months,0,0,Low
CUST-01339,68,Female,32,78.41,Month-to-month,1,DSL,Bank transfer,2509.12,Yes,66+,25-48 Months,1,2,Low
CUST-01340,25,Male,10,74.9,Month-to-month,0,Fiber optic,Bank transfer,749.0,No,18-25,7-12 Months,0,4,Medium
CUST-01341,59,Male,11,52.83,Two year,4,DSL,Credit card,581.13,No,56-65,7-12 Months,0,2,Low
CUST-01342,69,Female,70,68.4,Month-to-month,2,Fiber optic,Electronic check,4788.0,Yes,66+,49-72 Months,1,2,Low
CUST-01343,32,Male,62,34.06,Two year,1,Fiber optic,Credit card,2111.72,No,26-35,49-72 Months,0,0,Low
CUST-01344,64,Female,47,52.71,Month-to-month,0,Fiber optic,Bank transfer,2477.37,No,56-65,25-48 Months,0,2,Low
CUST-01345,46,Female,34,55.36,Two year,6,Fiber optic,Bank transfer,1882.24,No,46-55,25-48 Months,0,2,Low
CUST-01346,50,Male,17,113.69,Two year,3,No,Bank transfer,1932.73,No,46-55,13-24 Months,0,1,Low
CUST-01347,69,Female,54,26.31,Month-to-month,2,DSL,Credit card,1420.74,Yes,66+,49-72 Months,1,2,Low
CUST-01348,47,Male,40,104.66,One year,3,No,Credit card,4186.4,No,46-55,25-48 Months,0,1,Low
CUST-01349,56,Male,19,48.78,One year,5,Fiber optic,Bank transfer,926.82,No,56-65,13-24 Months,0,2,Low
CUST-01350,44,Male,67,30.64,Two year,4,No,Mailed check,2052.88,No,36-45,49-72 Months,0,0,Low
CUST-01351,53,Male,53,59.1,Month-to-month,6,Fiber optic,Bank transfer,3132.3,No,46-55,49-72 Months,0,4,Medium
CUST-01352,46,Male,64,49.18,One year,1,Fiber optic,Electronic check,3147.52,No,46-55,49-72 Months,0,0,Low
CUST-01353,55,Male,47,91.76,Month-to-month,3,Fiber optic,Credit card,4312.72,No,46-55,25-48 Months,0,2,Low
CUST-01354,74,Female,6,66.46,Month-to-month,2,Fiber optic,Mailed check,398.76,Yes,66+,0-6 Months,1,4,Medium
CUST-01355,50,Female,16,145.58,Month-to-month,0,Fiber optic,Mailed check,2329.28,Yes,46-55,13-24 Months,1,3,Medium
CUST-01356,54,Female,72,145.26,One year,4,Fiber optic,Electronic check,10458.72,No,46-55,49-72 Months,0,1,Low
CUST-01357,44,Female,18,77.68,Two year,2,Fiber optic,Bank transfer,1398.24,No,36-45,13-24 Months,0,0,Low
CUST-01358,72,Male,52,123.36,Month-to-month,6,Fiber optic,Bank transfer,6414.72,Yes,66+,49-72 Months,1,5,High
CUST-01359,50,Female,48,21.72,One year,2,Fiber optic,Bank transfer,1042.56,Yes,46-55,25-48 Months,1,0,Low
CUST-01360,21,Female,43,91.22,One year,3,DSL,Electronic check,3922.46,No,18-25,25-48 Months,0,0,Low
CUST-01361,39,Female,39,116.63,Month-to-month,2,DSL,Credit card,4548.57,Yes,36-45,25-48 Months,1,3,Medium
CUST-01362,19,Male,49,48.2,Two year,5,Fiber optic,Credit card,2361.8,No,18-25,49-72 Months,0,2,Low
CUST-01363,27,Female,12,27.95,Month-to-month,8,Fiber optic,Electronic check,335.4,No,26-35,7-12 Months,0,6,High
CUST-01364,22,Male,10,40.27,Month-to-month,3,Fiber optic,Credit card,402.7,No,18-25,7-12 Months,0,4,Medium
CUST-01365,27,Female,71,77.44,Month-to-month,4,Fiber optic,Electronic check,5498.24,No,26-35,49-72 Months,0,2,Low
CUST-01366,50,Male,55,85.83,Two year,3,Fiber optic,Electronic check,4720.65,No,46-55,49-72 Months,0,0,Low
CUST-01367,71,Male,1,69.52,Two year,4,DSL,Mailed check,69.52,Yes,66+,0-6 Months,1,2,Low
CUST-01368,55,Female,49,77.2,Month-to-month,3,Fiber optic,Mailed check,3782.8,No,46-55,49-72 Months,0,2,Low
CUST-01369,30,Male,36,81.13,Month-to-month,5,Fiber optic,Credit card,2920.68,No,26-35,25-48 Months,0,4,Medium
CUST-01370,48,Male,21,120.03,Month-to-month,5,Fiber optic,Mailed check,2520.63,No,46-55,13-24 Months,0,5,High
CUST-01371,64,Female,37,33.68,One year,2,Fiber optic,Credit card,1246.16,No,56-65,25-48 Months,0,0,Low
CUST-01372,53,Female,24,119.96,One year,4,DSL,Electronic check,2879.04,No,46-55,13-24 Months,0,1,Low
CUST-01373,62,Female,55,109.52,Two year,1,Fiber optic,Credit card,6023.6,No,56-65,49-72 Months,0,1,Low
CUST-01374,41,Male,25,116.42,Two year,4,Fiber optic,Mailed check,2910.5,No,36-45,25-48 Months,0,1,Low
CUST-01375,69,Male,7,115.48,Two year,3,Fiber optic,Credit card,808.36,No,66+,7-12 Months,0,3,Medium
CUST-01376,73,Male,71,81.18,Month-to-month,1,DSL,Mailed check,5763.78,No,66+,49-72 Months,0,2,Low
CUST-01377,32,Female,71,47.48,Month-to-month,5,Fiber optic,Electronic check,3371.08,Yes,26-35,49-72 Months,1,4,Medium
CUST-01378,46,Male,24,89.76,One year,3,Fiber optic,Bank transfer,2154.24,No,46-55,13-24 Months,0,0,Low
CUST-01379,25,Male,11,144.54,Month-to-month,2,No,Electronic check,1589.94,Yes,18-25,7-12 Months,1,5,High
CUST-01380,22,Male,12,96.51,Month-to-month,3,DSL,Mailed check,1158.12,No,18-25,7-12 Months,0,4,Medium
CUST-01381,46,Male,35,21.44,Month-to-month,4,DSL,Credit card,750.4,Yes,46-55,25-48 Months,1,2,Low
CUST-01382,64,Male,63,27.76,Month-to-month,3,DSL,Mailed check,1748.88,No,56-65,49-72 Months,0,2,Low
CUST-01383,21,Male,68,149.07,One year,1,Fiber optic,Mailed check,10136.76,No,18-25,49-72 Months,0,1,Low
CUST-01384,29,Male,57,29.35,One year,1,DSL,Bank transfer,1672.95,No,26-35,49-72 Months,0,0,Low
CUST-01385,62,Female,13,25.99,Month-to-month,2,No,Credit card,337.87,Yes,56-65,13-24 Months,1,2,Low
CUST-01386,19,Female,23,65.89,One year,0,DSL,Mailed check,1515.47,No,18-25,13-24 Months,0,0,Low
CUST-01387,44,Female,39,146.01,Month-to-month,1,Fiber optic,Electronic check,5694.39,No,36-45,25-48 Months,0,3,Medium
CUST-01388,48,Male,12,61.43,One year,2,Fiber optic,Electronic check,737.16,No,46-55,7-12 Months,0,2,Low
CUST-01389,68,Male,34,73.28,Month-to-month,2,Fiber optic,Mailed check,2491.52,No,66+,25-48 Months,0,2,Low
CUST-01390,68,Female,71,102.43,Two year,5,No,Mailed check,7272.53,No,66+,49-72 Months,0,3,Medium
CUST-01391,53,Male,31,23.13,One year,5,Fiber optic,Mailed check,717.03,No,46-55,25-48 Months,0,2,Low
CUST-01392,53,Female,62,136.71,One year,5,Fiber optic,Mailed check,8476.02,No,46-55,49-72 Months,0,3,Medium
CUST-01393,43,Male,13,87.53,One year,1,DSL,Electronic check,1137.89,No,36-45,13-24 Months,0,0,Low
CUST-01394,60,Male,31,80.69,One year,0,No,Bank transfer,2501.39,No,56-65,25-48 Months,0,0,Low
CUST-01395,44,Female,2,131.89,Month-to-month,2,No,Mailed check,263.78,Yes,36-45,0-6 Months,1,5,High
CUST-01396,22,Female,15,143.9,One year,3,DSL,Credit card,2158.5,No,18-25,13-24 Months,0,1,Low
CUST-01397,37,Female,57,75.05,Month-to-month,5,Fiber optic,Bank transfer,4277.85,No,36-45,49-72 Months,0,4,Medium
CUST-01398,28,Female,34,42.42,Month-to-month,3,Fiber optic,Electronic check,1442.28,Yes,26-35,25-48 Months,1,2,Low
CUST-01399,27,Female,68,126.04,Month-to-month,3,Fiber optic,Mailed check,8570.72,No,26-35,49-72 Months,0,3,Medium
CUST-01400,57,Male,29,72.42,Two year,3,No,Mailed check,2100.18,No,56-65,25-48 Months,0,0,Low
CUST-01401,55,Male,66,141.62,Month-to-month,4,DSL,Mailed check,9346.92,No,46-55,49-72 Months,0,3,Medium
CUST-01402,23,Male,16,143.49,Month-to-month,6,Fiber optic,Mailed check,2295.84,No,18-25,13-24 Months,0,5,High
CUST-01403,25,Female,39,34.93,Two year,3,Fiber optic,Credit card,1362.27,No,18-25,25-48 Months,0,0,Low
CUST-01404,40,Female,37,144.35,Two year,4,Fiber optic,Mailed check,5340.95,Yes,36-45,25-48 Months,1,1,Low
CUST-01405,64,Female,21,67.88,Month-to-month,5,Fiber optic,Electronic check,1425.48,No,56-65,13-24 Months,0,4,Medium
CUST-01406,43,Female,44,104.01,Two year,3,Fiber optic,Credit card,4576.44,No,36-45,25-48 Months,0,1,Low
CUST-01407,63,Female,19,24.52,Month-to-month,5,Fiber optic,Bank transfer,465.88,No,56-65,13-24 Months,0,4,Medium
CUST-01408,60,Female,71,135.55,One year,6,Fiber optic,Bank transfer,9624.05,Yes,56-65,49-72 Months,1,3,Medium
CUST-01409,29,Male,8,103.41,One year,5,Fiber optic,Bank transfer,827.28,No,26-35,7-12 Months,0,5,High
CUST-01410,43,Male,66,103.66,Month-to-month,2,DSL,Mailed check,6841.56,No,36-45,49-72 Months,0,3,Medium
CUST-01411,30,Male,41,137.28,One year,3,Fiber optic,Bank transfer,5628.48,No,26-35,25-48 Months,0,1,Low
CUST-01412,57,Male,70,86.09,Month-to-month,1,Fiber optic,Credit card,6026.3,Yes,56-65,49-72 Months,1,2,Low
CUST-01413,35,Male,61,73.37,Month-to-month,1,DSL,Credit card,4475.57,No,26-35,49-72 Months,0,2,Low
CUST-01414,42,Female,26,132.6,One year,6,Fiber optic,Bank transfer,3447.6,No,36-45,25-48 Months,0,3,Medium
CUST-01415,50,Female,71,116.51,Month-to-month,3,Fiber optic,Bank transfer,8272.21,No,46-55,49-72 Months,0,3,Medium
CUST-01416,64,Female,70,143.37,Two year,3,DSL,Credit card,10035.9,No,56-65,49-72 Months,0,1,Low
CUST-01417,57,Female,29,142.22,Month-to-month,2,Fiber optic,Electronic check,4124.38,No,56-65,25-48 Months,0,3,Medium
CUST-01418,60,Female,66,69.7,Month-to-month,2,Fiber optic,Bank transfer,4600.2,No,56-65,49-72 Months,0,2,Low
CUST-01419,29,Female,19,78.11,One year,4,Fiber optic,Credit card,1484.09,No,26-35,13-24 Months,0,0,Low
CUST-01420,61,Male,68,53.28,Month-to-month,1,DSL,Bank transfer,3623.04,No,56-65,49-72 Months,0,2,Low
CUST-01421,53,Female,58,105.88,Month-to-month,5,No,Credit card,6141.04,No,46-55,49-72 Months,0,5,High
CUST-01422,65,Female,70,67.39,Month-to-month,1,Fiber optic,Mailed check,4717.3,Yes,56-65,49-72 Months,1,2,Low
CUST-01423,21,Female,57,122.19,Two year,2,DSL,Bank transfer,6964.83,No,18-25,49-72 Months,0,1,Low
CUST-01424,22,Female,37,35.8,Month-to-month,4,Fiber optic,Bank transfer,1324.6,No,18-25,25-48 Months,0,2,Low
CUST-01425,73,Male,61,35.13,Month-to-month,2,Fiber optic,Electronic check,2142.93,Yes,66+,49-72 Months,1,2,Low
CUST-01426,54,Male,30,46.58,Month-to-month,3,Fiber optic,Electronic check,1397.4,No,46-55,25-48 Months,0,2,Low
CUST-01427,25,Female,71,30.96,Month-to-month,4,No,Electronic check,2198.16,Yes,18-25,49-72 Months,1,2,Low
CUST-01428,59,Male,25,100.6,Month-to-month,4,DSL,Electronic check,2515.0,Yes,56-65,25-48 Months,1,3,Medium
CUST-01429,66,Male,65,39.16,Two year,1,Fiber optic,Bank transfer,2545.4,No,66+,49-72 Months,0,0,Low
CUST-01430,45,Female,6,40.8,Two year,0,No,Bank transfer,244.8,No,36-45,0-6 Months,0,2,Low
CUST-01431,48,Female,18,21.85,Month-to-month,3,Fiber optic,Electronic check,393.3,Yes,46-55,13-24 Months,1,2,Low
CUST-01432,75,Female,10,121.67,Month-to-month,3,Fiber optic,Electronic check,1216.7,Yes,66+,7-12 Months,1,5,High
CUST-01433,26,Female,11,125.6,Two year,3,Fiber optic,Bank transfer,1381.6,Yes,26-35,7-12 Months,1,3,Medium
CUST-01434,71,Female,65,41.06,Month-to-month,2,Fiber optic,Mailed check,2668.9,Yes,66+,49-72 Months,1,2,Low
CUST-01435,68,Male,65,116.14,Month-to-month,1,Fiber optic,Credit card,7549.1,Yes,66+,49-72 Months,1,3,Medium
CUST-01436,46,Female,52,76.36,Two year,3,No,Electronic check,3970.72,No,46-55,49-72 Months,0,0,Low
CUST-01437,31,Female,67,51.15,One year,2,DSL,Credit card,3427.05,Yes,26-35,49-72 Months,1,0,Low
CUST-01438,57,Female,31,100.78,Month-to-month,2,Fiber optic,Mailed check,3124.18,Yes,56-65,25-48 Months,1,3,Medium
CUST-01439,58,Male,17,43.2,Month-to-month,3,No,Mailed check,734.4,No,56-65,13-24 Months,0,2,Low
CUST-01440,39,Female,55,118.39,Month-to-month,0,DSL,Mailed check,6511.45,No,36-45,49-72 Months,0,3,Medium
CUST-01441,28,Female,36,26.19,Month-to-month,5,Fiber optic,Bank transfer,942.84,Yes,26-35,25-48 Months,1,4,Medium
CUST-01442,40,Female,26,144.69,One year,0,Fiber optic,Credit card,3761.94,Yes,36-45,25-48 Months,1,1,Low
CUST-01443,18,Male,53,29.34,One year,1,Fiber optic,Mailed check,1555.02,No,18-25,49-72 Months,0,0,Low
CUST-01444,63,Female,17,95.33,One year,3,DSL,Electronic check,1620.61,No,56-65,13-24 Months,0,0,Low
CUST-01445,54,Female,25,137.29,Month-to-month,3,DSL,Mailed check,3432.25,Yes,46-55,25-48 Months,1,3,Medium
CUST-01446,38,Female,2,21.55,Month-to-month,1,Fiber optic,Electronic check,43.1,No,36-45,0-6 Months,0,4,Medium
CUST-01447,43,Male,5,84.81,Month-to-month,2,Fiber optic,Electronic check,424.05,Yes,36-45,0-6 Months,1,4,Medium
CUST-01448,63,Female,4,65.5,Two year,0,Fiber optic,Mailed check,262.0,No,56-65,0-6 Months,0,2,Low
CUST-01449,53,Female,36,95.44,One year,2,DSL,Electronic check,3435.84,No,46-55,25-48 Months,0,0,Low
CUST-01450,71,Female,6,49.31,Month-to-month,2,Fiber optic,Electronic check,295.86,No,66+,0-6 Months,0,4,Medium
CUST-01451,40,Male,21,28.44,Month-to-month,4,No,Bank transfer,597.24,Yes,36-45,13-24 Months,1,2,Low
CUST-01452,74,Female,26,101.37,Two year,4,Fiber optic,Credit card,2635.62,Yes,66+,25-48 Months,1,1,Low
CUST-01453,18,Female,55,74.19,Month-to-month,1,Fiber optic,Bank transfer,4080.45,No,18-25,49-72 Months,0,2,Low
CUST-01454,71,Female,39,100.92,Month-to-month,2,DSL,Bank transfer,3935.88,No,66+,25-48 Months,0,3,Medium
CUST-01455,72,Male,33,47.37,Month-to-month,2,Fiber optic,Bank transfer,1563.21,No,66+,25-48 Months,0,2,Low
CUST-01456,68,Male,14,64.04,Month-to-month,1,Fiber optic,Credit card,896.56,No,66+,13-24 Months,0,2,Low
CUST-01457,57,Female,56,93.02,Two year,1,Fiber optic,Credit card,5209.12,Yes,56-65,49-72 Months,1,0,Low
CUST-01458,32,Male,21,97.1,One year,5,Fiber optic,Mailed check,2039.1,No,26-35,13-24 Months,0,2,Low
CUST-01459,38,Male,46,68.4,One year,3,Fiber optic,Bank transfer,3146.4,Yes,36-45,25-48 Months,1,0,Low
CUST-01460,64,Male,16,56.41,Two year,1,DSL,Credit card,902.56,No,56-65,13-24 Months,0,0,Low
CUST-01461,26,Female,16,55.58,Two year,1,Fiber optic,Mailed check,889.28,No,26-35,13-24 Months,0,0,Low
CUST-01462,70,Female,29,42.71,Month-to-month,1,Fiber optic,Bank transfer,1238.59,Yes,66+,25-48 Months,1,2,Low
CUST-01463,26,Male,8,62.3,Month-to-month,3,Fiber optic,Bank transfer,498.4,No,26-35,7-12 Months,0,4,Medium
CUST-01464,27,Male,3,45.93,Month-to-month,1,Fiber optic,Electronic check,137.79,Yes,26-35,0-6 Months,1,4,Medium
CUST-01465,69,Male,19,102.4,Month-to-month,2,Fiber optic,Credit card,1945.6,No,66+,13-24 Months,0,3,Medium
CUST-01466,74,Female,66,93.98,One year,3,DSL,Electronic check,6202.68,No,66+,49-72 Months,0,0,Low
CUST-01467,70,Female,22,69.74,Two year,3,Fiber optic,Bank transfer,1534.28,No,66+,13-24 Months,0,0,Low
CUST-01468,43,Male,46,62.36,One year,2,Fiber optic,Bank transfer,2868.56,No,36-45,25-48 Months,0,0,Low
CUST-01469,58,Male,13,50.89,Month-to-month,5,Fiber optic,Bank transfer,661.57,No,56-65,13-24 Months,0,4,Medium
CUST-01470,52,Male,33,89.61,Month-to-month,4,Fiber optic,Mailed check,2957.13,No,46-55,25-48 Months,0,2,Low
CUST-01471,69,Male,5,139.46,Month-to-month,3,No,Electronic check,697.3,Yes,66+,0-6 Months,1,5,High
CUST-01472,42,Female,27,109.14,Two year,0,No,Electronic check,2946.78,Yes,36-45,25-48 Months,1,1,Low
CUST-01473,43,Male,24,116.77,Month-to-month,2,Fiber optic,Bank transfer,2802.48,No,36-45,13-24 Months,0,3,Medium
CUST-01474,28,Female,67,128.47,Month-to-month,2,Fiber optic,Electronic check,8607.49,No,26-35,49-72 Months,0,3,Medium
CUST-01475,55,Male,63,65.71,Month-to-month,2,Fiber optic,Bank transfer,4139.73,Yes,46-55,49-72 Months,1,2,Low
CUST-01476,19,Male,48,28.17,Two year,1,Fiber optic,Bank transfer,1352.16,No,18-25,25-48 Months,0,0,Low
CUST-01477,24,Male,63,100.93,One year,6,No,Electronic check,6358.59,Yes,18-25,49-72 Months,1,3,Medium
CUST-01478,35,Male,12,44.53,Two year,4,Fiber optic,Credit card,534.36,No,26-35,7-12 Months,0,2,Low
CUST-01479,44,Male,28,93.98,One year,2,DSL,Bank transfer,2631.44,No,36-45,25-48 Months,0,0,Low
CUST-01480,51,Female,44,116.14,Month-to-month,2,No,Bank transfer,5110.16,Yes,46-55,25-48 Months,1,3,Medium
CUST-01481,44,Male,43,121.87,Month-to-month,5,Fiber optic,Electronic check,5240.41,Yes,36-45,25-48 Months,1,5,High
CUST-01482,34,Male,17,59.24,Month-to-month,4,Fiber optic,Electronic check,1007.08,No,26-35,13-24 Months,0,2,Low
CUST-01483,60,Male,40,86.62,One year,6,No,Electronic check,3464.8,No,56-65,25-48 Months,0,2,Low
CUST-01484,61,Female,49,100.73,Two year,1,No,Bank transfer,4935.77,No,56-65,49-72 Months,0,1,Low
CUST-01485,68,Female,57,126.53,Month-to-month,1,DSL,Credit card,7212.21,No,66+,49-72 Months,0,3,Medium
CUST-01486,71,Female,64,118.98,Month-to-month,3,Fiber optic,Credit card,7614.72,Yes,66+,49-72 Months,1,3,Medium
CUST-01487,41,Female,57,148.44,One year,1,Fiber optic,Credit card,8461.08,No,36-45,49-72 Months,0,1,Low
CUST-01488,42,Male,70,21.05,Month-to-month,4,Fiber optic,Bank transfer,1473.5,No,36-45,49-72 Months,0,2,Low
CUST-01489,24,Male,43,76.87,One year,2,Fiber optic,Electronic check,3305.41,No,18-25,25-48 Months,0,0,Low
CUST-01490,69,Male,23,53.29,Month-to-month,3,DSL,Credit card,1225.67,Yes,66+,13-24 Months,1,2,Low
CUST-01491,23,Female,27,35.59,Month-to-month,4,DSL,Credit card,960.93,Yes,18-25,25-48 Months,1,2,Low
CUST-01492,70,Male,58,138.5,Month-to-month,2,DSL,Credit card,8033.0,No,66+,49-72 Months,0,3,Medium
CUST-01493,41,Male,37,149.74,One year,2,DSL,Bank transfer,5540.38,No,36-45,25-48 Months,0,1,Low
CUST-01494,50,Female,6,43.48,Month-to-month,3,Fiber optic,Electronic check,260.88,Yes,46-55,0-6 Months,1,4,Medium
CUST-01495,66,Female,65,25.0,Month-to-month,4,Fiber optic,Mailed check,1625.0,No,66+,49-72 Months,0,2,Low
CUST-01496,46,Female,6,55.76,Two year,0,DSL,Electronic check,334.56,No,46-55,0-6 Months,0,2,Low
CUST-01497,60,Male,50,128.53,Month-to-month,2,Fiber optic,Electronic check,6426.5,Yes,56-65,49-72 Months,1,3,Medium
CUST-01498,39,Male,22,58.21,Month-to-month,1,Fiber optic,Electronic check,1280.62,No,36-45,13-24 Months,0,2,Low
CUST-01499,43,Female,25,27.4,One year,4,Fiber optic,Credit card,685.0,No,36-45,25-48 Months,0,0,Low
CUST-01500,45,Male,72,26.82,Month-to-month,5,Fiber optic,Electronic check,1931.04,No,36-45,49-72 Months,0,4,Medium
CUST-01501,67,Female,51,75.56,Month-to-month,0,DSL,Credit card,3853.56,No,66+,49-72 Months,0,2,Low
CUST-01502,38,Female,48,141.14,Two year,2,Fiber optic,Bank transfer,6774.72,No,36-45,25-48 Months,0,1,Low
CUST-01503,66,Male,70,57.17,One year,2,Fiber optic,Mailed check,4001.9,No,66+,49-72 Months,0,0,Low
CUST-01504,24,Female,65,75.53,One year,2,DSL,Bank transfer,4909.45,Yes,18-25,49-72 Months,1,0,Low
CUST-01505,34,Female,60,33.25,One year,2,DSL,Bank transfer,1995.0,No,26-35,49-72 Months,0,0,Low
CUST-01506,37,Female,46,84.16,Month-to-month,3,Fiber optic,Mailed check,3871.36,No,36-45,25-48 Months,0,2,Low
CUST-01507,58,Male,36,110.55,Month-to-month,2,Fiber optic,Electronic check,3979.8,No,56-65,25-48 Months,0,3,Medium
CUST-01508,66,Female,58,55.25,Month-to-month,2,No,Electronic check,3204.5,No,66+,49-72 Months,0,2,Low
CUST-01509,37,Female,38,58.57,Two year,0,No,Credit card,2225.66,Yes,36-45,25-48 Months,1,0,Low
CUST-01510,71,Female,11,129.46,Month-to-month,3,Fiber optic,Electronic check,1424.06,Yes,66+,7-12 Months,1,5,High
CUST-01511,39,Female,12,21.35,Month-to-month,2,Fiber optic,Mailed check,256.2,Yes,36-45,7-12 Months,1,4,Medium
CUST-01512,45,Female,42,102.74,Two year,2,DSL,Bank transfer,4315.08,No,36-45,25-48 Months,0,1,Low
CUST-01513,57,Female,39,71.21,One year,3,DSL,Electronic check,2777.19,No,56-65,25-48 Months,0,0,Low
CUST-01514,66,Female,71,58.79,Two year,2,No,Credit card,4174.09,Yes,66+,49-72 Months,1,0,Low
CUST-01515,24,Male,11,105.49,One year,1,Fiber optic,Bank transfer,1160.39,Yes,18-25,7-12 Months,1,3,Medium
CUST-01516,18,Male,36,128.51,Month-to-month,3,DSL,Bank transfer,4626.36,No,18-25,25-48 Months,0,3,Medium
CUST-01517,49,Female,52,92.59,Two year,0,No,Credit card,4814.68,No,46-55,49-72 Months,0,0,Low
CUST-01518,30,Male,31,24.04,Month-to-month,2,DSL,Bank transfer,745.24,Yes,26-35,25-48 Months,1,2,Low
CUST-01519,47,Male,33,79.98,Month-to-month,0,Fiber optic,Credit card,2639.34,Yes,46-55,25-48 Months,1,2,Low
CUST-01520,40,Female,13,80.16,One year,3,DSL,Credit card,1042.08,No,36-45,13-24 Months,0,0,Low
CUST-01521,68,Male,18,90.69,One year,2,Fiber optic,Mailed check,1632.42,No,66+,13-24 Months,0,0,Low
CUST-01522,73,Female,41,107.22,Two year,3,Fiber optic,Mailed check,4396.02,No,66+,25-48 Months,0,1,Low
CUST-01523,36,Female,58,22.51,Two year,0,Fiber optic,Electronic check,1305.58,No,36-45,49-72 Months,0,0,Low
CUST-01524,49,Female,56,85.26,Two year,5,No,Mailed check,4774.56,No,46-55,49-72 Months,0,2,Low
CUST-01525,47,Female,24,96.48,Month-to-month,2,Fiber optic,Bank transfer,2315.52,Yes,46-55,13-24 Months,1,2,Low
CUST-01526,46,Female,31,64.64,One year,0,DSL,Electronic check,2003.84,No,46-55,25-48 Months,0,0,Low
CUST-01527,66,Male,55,106.89,One year,8,No,Electronic check,5878.95,Yes,66+,49-72 Months,1,3,Medium
CUST-01528,62,Female,10,49.66,Two year,5,Fiber optic,Credit card,496.6,Yes,56-65,7-12 Months,1,4,Medium
CUST-01529,46,Male,60,61.26,Month-to-month,1,Fiber optic,Mailed check,3675.6,No,46-55,49-72 Months,0,2,Low
CUST-01530,47,Female,2,145.16,Month-to-month,1,DSL,Credit card,290.32,Yes,46-55,0-6 Months,1,5,High
CUST-01531,33,Female,15,65.25,Two year,3,DSL,Electronic check,978.75,No,26-35,13-24 Months,0,0,Low
CUST-01532,57,Female,3,65.05,Month-to-month,3,Fiber optic,Credit card,195.15,No,56-65,0-6 Months,0,4,Medium
CUST-01533,36,Male,43,97.44,One year,3,Fiber optic,Bank transfer,4189.92,No,36-45,25-48 Months,0,0,Low
CUST-01534,35,Female,31,146.23,Month-to-month,1,DSL,Bank transfer,4533.13,Yes,26-35,25-48 Months,1,3,Medium
CUST-01535,18,Female,70,147.8,Month-to-month,4,DSL,Electronic check,10346.0,No,18-25,49-72 Months,0,3,Medium
CUST-01536,31,Female,67,95.36,One year,4,DSL,Bank transfer,6389.12,Yes,26-35,49-72 Months,1,0,Low
CUST-01537,68,Female,56,20.14,Month-to-month,4,DSL,Mailed check,1127.84,No,66+,49-72 Months,0,2,Low
CUST-01538,64,Male,63,137.09,One year,4,DSL,Electronic check,8636.67,No,56-65,49-72 Months,0,1,Low
CUST-01539,67,Female,15,94.13,Month-to-month,2,Fiber optic,Mailed check,1411.95,No,66+,13-24 Months,0,2,Low
CUST-01540,19,Male,10,67.58,Month-to-month,1,Fiber optic,Bank transfer,675.8,No,18-25,7-12 Months,0,4,Medium
CUST-01541,71,Female,38,127.8,Month-to-month,2,Fiber optic,Credit card,4856.4,Yes,66+,25-48 Months,1,3,Medium
CUST-01542,45,Male,47,71.98,One year,0,Fiber optic,Mailed check,3383.06,No,36-45,25-48 Months,0,0,Low
CUST-01543,66,Male,57,24.43,Month-to-month,5,DSL,Mailed check,1392.51,Yes,66+,49-72 Months,1,4,Medium
CUST-01544,67,Female,50,126.74,One year,0,DSL,Bank transfer,6337.0,No,66+,49-72 Months,0,1,Low
CUST-01545,47,Female,71,90.96,One year,5,Fiber optic,Mailed check,6458.16,No,46-55,49-72 Months,0,2,Low
CUST-01546,55,Male,15,63.96,One year,1,Fiber optic,Mailed check,959.4,No,46-55,13-24 Months,0,0,Low
CUST-01547,68,Female,18,52.62,One year,3,No,Credit card,947.16,No,66+,13-24 Months,0,0,Low
CUST-01548,21,Female,2,97.19,Month-to-month,6,DSL,Electronic check,194.38,Yes,18-25,0-6 Months,1,6,High
CUST-01549,18,Female,43,47.05,Month-to-month,1,Fiber optic,Bank transfer,2023.15,Yes,18-25,25-48 Months,1,2,Low
CUST-01550,25,Male,26,62.1,One year,2,Fiber optic,Credit card,1614.6,No,18-25,25-48 Months,0,0,Low
CUST-01551,46,Female,71,102.75,Month-to-month,3,Fiber optic,Credit card,7295.25,No,46-55,49-72 Months,0,3,Medium
CUST-01552,72,Female,38,134.6,Two year,3,Fiber optic,Electronic check,5114.8,No,66+,25-48 Months,0,1,Low
CUST-01553,56,Female,42,89.28,Two year,2,Fiber optic,Electronic check,3749.76,No,56-65,25-48 Months,0,0,Low
CUST-01554,20,Male,5,118.68,Month-to-month,1,Fiber optic,Bank transfer,593.4,No,18-25,0-6 Months,0,5,High
CUST-01555,49,Female,11,119.2,One year,4,Fiber optic,Bank transfer,1311.2,No,46-55,7-12 Months,0,3,Medium
CUST-01556,27,Male,65,106.37,Two year,0,No,Bank transfer,6914.05,No,26-35,49-72 Months,0,1,Low
CUST-01557,27,Female,34,51.96,Month-to-month,3,Fiber optic,Credit card,1766.64,No,26-35,25-48 Months,0,2,Low
CUST-01558,36,Male,1,132.68,One year,3,Fiber optic,Mailed check,132.68,No,36-45,0-6 Months,0,3,Medium
CUST-01559,63,Female,2,76.72,Month-to-month,4,DSL,Electronic check,153.44,Yes,56-65,0-6 Months,1,4,Medium
CUST-01560,51,Female,20,25.75,Month-to-month,1,DSL,Bank transfer,515.0,No,46-55,13-24 Months,0,2,Low
CUST-01561,50,Male,61,51.8,Two year,2,Fiber optic,Bank transfer,3159.8,No,46-55,49-72 Months,0,0,Low
CUST-01562,40,Male,21,119.52,One year,3,Fiber optic,Credit card,2509.92,Yes,36-45,13-24 Months,1,1,Low
CUST-01563,72,Male,68,28.99,One year,4,Fiber optic,Bank transfer,1971.32,No,66+,49-72 Months,0,0,Low
CUST-01564,45,Female,12,39.16,Two year,3,DSL,Credit card,469.92,No,36-45,7-12 Months,0,2,Low
CUST-01565,49,Female,22,110.25,One year,3,Fiber optic,Mailed check,2425.5,No,46-55,13-24 Months,0,1,Low
CUST-01566,67,Female,20,136.04,One year,1,DSL,Credit card,2720.8,No,66+,13-24 Months,0,1,Low
CUST-01567,24,Female,1,102.39,One year,3,No,Electronic check,102.39,No,18-25,0-6 Months,0,3,Medium
CUST-01568,46,Male,30,48.9,One year,2,Fiber optic,Credit card,1467.0,No,46-55,25-48 Months,0,0,Low
CUST-01569,25,Female,24,26.94,Two year,4,DSL,Mailed check,646.56,Yes,18-25,13-24 Months,1,0,Low
CUST-01570,18,Female,14,99.97,Two year,1,DSL,Mailed check,1399.58,No,18-25,13-24 Months,0,0,Low
CUST-01571,74,Female,36,26.16,One year,2,No,Electronic check,941.76,Yes,66+,25-48 Months,1,0,Low
CUST-01572,72,Female,69,99.65,One year,5,Fiber optic,Credit card,6875.85,Yes,66+,49-72 Months,1,2,Low
CUST-01573,20,Female,24,49.33,Month-to-month,4,Fiber optic,Electronic check,1183.92,No,18-25,13-24 Months,0,2,Low
CUST-01574,41,Female,60,137.61,Two year,2,Fiber optic,Mailed check,8256.6,Yes,36-45,49-72 Months,1,1,Low
CUST-01575,40,Female,55,81.76,One year,4,No,Credit card,4496.8,Yes,36-45,49-72 Months,1,0,Low
CUST-01576,25,Male,24,49.11,One year,1,Fiber optic,Bank transfer,1178.64,No,18-25,13-24 Months,0,0,Low
CUST-01577,71,Female,24,130.91,Month-to-month,2,DSL,Mailed check,3141.84,No,66+,13-24 Months,0,3,Medium
CUST-01578,74,Female,54,53.02,Two year,0,Fiber optic,Mailed check,2863.08,No,66+,49-72 Months,0,0,Low
CUST-01579,64,Female,26,59.86,Month-to-month,7,Fiber optic,Electronic check,1556.36,No,56-65,25-48 Months,0,4,Medium
CUST-01580,54,Female,66,128.46,Month-to-month,2,DSL,Mailed check,8478.36,Yes,46-55,49-72 Months,1,3,Medium
CUST-01581,20,Male,38,60.14,One year,0,Fiber optic,Electronic check,2285.32,No,18-25,25-48 Months,0,0,Low
CUST-01582,68,Male,65,73.32,One year,1,Fiber optic,Credit card,4765.8,No,66+,49-72 Months,0,0,Low
CUST-01583,50,Male,51,65.2,Month-to-month,1,Fiber optic,Bank transfer,3325.2,No,46-55,49-72 Months,0,2,Low
CUST-01584,45,Male,35,35.13,One year,2,No,Bank transfer,1229.55,No,36-45,25-48 Months,0,0,Low
CUST-01585,64,Male,43,25.06,Month-to-month,3,Fiber optic,Electronic check,1077.58,No,56-65,25-48 Months,0,2,Low
CUST-01586,25,Male,29,114.19,Month-to-month,4,Fiber optic,Bank transfer,3311.51,No,18-25,25-48 Months,0,3,Medium
CUST-01587,51,Female,37,103.87,Month-to-month,2,DSL,Bank transfer,3843.19,No,46-55,25-48 Months,0,3,Medium
CUST-01588,52,Male,58,56.71,Two year,1,Fiber optic,Mailed check,3289.18,No,46-55,49-72 Months,0,0,Low
CUST-01589,49,Male,54,58.43,Month-to-month,1,DSL,Mailed check,3155.22,No,46-55,49-72 Months,0,2,Low
CUST-01590,41,Female,39,142.85,Month-to-month,1,No,Credit card,5571.15,Yes,36-45,25-48 Months,1,3,Medium
CUST-01591,31,Male,42,148.4,One year,1,Fiber optic,Mailed check,6232.8,No,26-35,25-48 Months,0,1,Low
CUST-01592,49,Female,28,81.55,Month-to-month,1,Fiber optic,Mailed check,2283.4,Yes,46-55,25-48 Months,1,2,Low
CUST-01593,73,Female,29,124.32,One year,6,Fiber optic,Mailed check,3605.28,No,66+,25-48 Months,0,3,Medium
CUST-01594,63,Male,43,115.77,Two year,3,No,Mailed check,4978.11,No,56-65,25-48 Months,0,1,Low
CUST-01595,60,Female,3,58.65,Two year,2,No,Bank transfer,175.95,No,56-65,0-6 Months,0,2,Low
CUST-01596,33,Male,10,27.61,Month-to-month,2,No,Bank transfer,276.1,Yes,26-35,7-12 Months,1,4,Medium
CUST-01597,21,Male,59,38.53,Month-to-month,2,Fiber optic,Bank transfer,2273.27,Yes,18-25,49-72 Months,1,2,Low
CUST-01598,69,Female,14,128.98,One year,1,DSL,Mailed check,1805.72,No,66+,13-24 Months,0,1,Low
CUST-01599,54,Female,47,115.06,Month-to-month,1,Fiber optic,Bank transfer,5407.82,No,46-55,25-48 Months,0,3,Medium
CUST-01600,71,Male,42,106.36,Month-to-month,4,DSL,Credit card,4467.12,Yes,66+,25-48 Months,1,3,Medium
CUST-01601,38,Female,32,36.98,Month-to-month,2,Fiber optic,Credit card,1183.36,No,36-45,25-48 Months,0,2,Low
CUST-01602,31,Female,32,103.19,Month-to-month,4,Fiber optic,Mailed check,3302.08,No,26-35,25-48 Months,0,3,Medium
CUST-01603,48,Male,42,120.38,Two year,2,Fiber optic,Bank transfer,5055.96,Yes,46-55,25-48 Months,1,1,Low
CUST-01604,72,Male,32,131.88,One year,6,DSL,Credit card,4220.16,Yes,66+,25-48 Months,1,3,Medium
CUST-01605,65,Female,26,21.72,Month-to-month,1,Fiber optic,Electronic check,564.72,No,56-65,25-48 Months,0,2,Low
CUST-01606,35,Male,1,108.98,Month-to-month,2,No,Mailed check,108.98,Yes,26-35,0-6 Months,1,5,High
CUST-01607,24,Male,56,22.48,Two year,2,Fiber optic,Credit card,1258.88,No,18-25,49-72 Months,0,0,Low
CUST-01608,27,Male,2,111.89,Month-to-month,4,No,Credit card,223.78,Yes,26-35,0-6 Months,1,5,High
CUST-01609,24,Male,30,102.63,One year,1,Fiber optic,Credit card,3078.9,No,18-25,25-48 Months,0,1,Low
CUST-01610,50,Male,71,39.29,Month-to-month,6,DSL,Electronic check,2789.59,Yes,46-55,49-72 Months,1,4,Medium
CUST-01611,40,Male,52,119.6,Two year,3,No,Electronic check,6219.2,No,36-45,49-72 Months,0,1,Low
CUST-01612,38,Male,9,28.89,One year,2,DSL,Electronic check,260.01,No,36-45,7-12 Months,0,2,Low
CUST-01613,36,Female,22,127.43,Month-to-month,1,DSL,Credit card,2803.46,Yes,36-45,13-24 Months,1,3,Medium
CUST-01614,65,Male,34,54.05,Month-to-month,1,DSL,Electronic check,1837.7,No,56-65,25-48 Months,0,2,Low
CUST-01615,36,Female,49,109.55,One year,3,Fiber optic,Mailed check,5367.95,Yes,36-45,49-72 Months,1,1,Low
CUST-01616,53,Female,1,140.08,Two year,3,Fiber optic,Electronic check,140.08,No,46-55,0-6 Months,0,3,Medium
CUST-01617,46,Female,53,64.18,Month-to-month,5,DSL,Mailed check,3401.54,Yes,46-55,49-72 Months,1,4,Medium
CUST-01618,35,Male,40,85.38,One year,5,No,Credit card,3415.2,No,26-35,25-48 Months,0,2,Low
CUST-01619,19,Male,45,80.21,Month-to-month,7,No,Bank transfer,3609.45,Yes,18-25,25-48 Months,1,4,Medium
CUST-01620,18,Female,68,40.49,Two year,1,DSL,Mailed check,2753.32,No,18-25,49-72 Months,0,0,Low
CUST-01621,64,Male,9,96.74,One year,3,Fiber optic,Mailed check,870.66,No,56-65,7-12 Months,0,2,Low
CUST-01622,22,Female,22,116.59,Month-to-month,6,No,Mailed check,2564.98,No,18-25,13-24 Months,0,5,High
CUST-01623,37,Male,18,139.19,Month-to-month,1,Fiber optic,Credit card,2505.42,Yes,36-45,13-24 Months,1,3,Medium
CUST-01624,28,Male,43,130.6,Month-to-month,0,DSL,Mailed check,5615.8,Yes,26-35,25-48 Months,1,3,Medium
CUST-01625,59,Female,39,86.3,One year,6,DSL,Credit card,3365.7,Yes,56-65,25-48 Months,1,2,Low
CUST-01626,19,Female,6,113.47,Month-to-month,1,Fiber optic,Mailed check,680.82,Yes,18-25,0-6 Months,1,5,High
CUST-01627,20,Female,48,124.1,Month-to-month,4,Fiber optic,Credit card,5956.8,Yes,18-25,25-48 Months,1,3,Medium
CUST-01628,40,Male,7,84.15,Two year,2,Fiber optic,Bank transfer,589.05,No,36-45,7-12 Months,0,2,Low
CUST-01629,72,Female,69,35.01,Month-to-month,3,Fiber optic,Credit card,2415.69,Yes,66+,49-72 Months,1,2,Low
CUST-01630,29,Male,16,76.93,One year,2,Fiber optic,Credit card,1230.88,Yes,26-35,13-24 Months,1,0,Low
CUST-01631,37,Male,1,129.52,Month-to-month,3,DSL,Bank transfer,129.52,No,36-45,0-6 Months,0,5,High
CUST-01632,22,Male,37,97.56,Month-to-month,3,DSL,Credit card,3609.72,No,18-25,25-48 Months,0,2,Low
CUST-01633,54,Female,37,114.18,Month-to-month,1,DSL,Credit card,4224.66,No,46-55,25-48 Months,0,3,Medium
CUST-01634,55,Female,64,44.08,One year,3,DSL,Mailed check,2821.12,No,46-55,49-72 Months,0,0,Low
CUST-01635,47,Female,62,145.36,Month-to-month,0,DSL,Credit card,9012.32,No,46-55,49-72 Months,0,3,Medium
CUST-01636,26,Male,72,72.53,Two year,1,Fiber optic,Mailed check,5222.16,No,26-35,49-72 Months,0,0,Low
CUST-01637,51,Male,61,104.97,Month-to-month,1,DSL,Bank transfer,6403.17,No,46-55,49-72 Months,0,3,Medium
CUST-01638,70,Female,33,22.45,Month-to-month,1,Fiber optic,Credit card,740.85,No,66+,25-48 Months,0,2,Low
CUST-01639,61,Male,66,36.55,Two year,0,DSL,Bank transfer,2412.3,No,56-65,49-72 Months,0,0,Low
CUST-01640,52,Male,30,121.66,Month-to-month,1,Fiber optic,Bank transfer,3649.8,Yes,46-55,25-48 Months,1,3,Medium
CUST-01641,69,Female,20,145.84,Month-to-month,1,Fiber optic,Electronic check,2916.8,No,66+,13-24 Months,0,3,Medium
CUST-01642,75,Female,60,61.61,Month-to-month,3,DSL,Credit card,3696.6,No,66+,49-72 Months,0,2,Low
CUST-01643,39,Female,24,24.83,One year,3,Fiber optic,Credit card,595.92,No,36-45,13-24 Months,0,0,Low
CUST-01644,61,Male,4,66.91,Two year,4,Fiber optic,Mailed check,267.64,No,56-65,0-6 Months,0,2,Low
CUST-01645,41,Male,37,22.27,Month-to-month,2,Fiber optic,Mailed check,823.99,No,36-45,25-48 Months,0,2,Low
CUST-01646,34,Male,4,45.01,Month-to-month,0,DSL,Electronic check,180.04,No,26-35,0-6 Months,0,4,Medium
CUST-01647,27,Male,18,117.82,One year,0,Fiber optic,Electronic check,2120.76,No,26-35,13-24 Months,0,1,Low
CUST-01648,47,Male,66,141.82,Two year,4,DSL,Credit card,9360.12,Yes,46-55,49-72 Months,1,1,Low
CUST-01649,73,Female,48,31.37,Month-to-month,4,Fiber optic,Credit card,1505.76,No,66+,25-48 Months,0,2,Low
CUST-01650,63,Male,33,92.53,Two year,2,DSL,Electronic check,3053.49,No,56-65,25-48 Months,0,0,Low
CUST-01651,40,Male,58,53.0,Month-to-month,0,Fiber optic,Credit card,3074.0,Yes,36-45,49-72 Months,1,2,Low
CUST-01652,49,Male,28,38.08,Month-to-month,3,Fiber optic,Credit card,1066.24,No,46-55,25-48 Months,0,2,Low
CUST-01653,34,Female,35,48.47,Month-to-month,0,Fiber optic,Credit card,1696.45,No,26-35,25-48 Months,0,2,Low
CUST-01654,67,Female,10,95.11,Month-to-month,2,No,Electronic check,951.1,Yes,66+,7-12 Months,1,4,Medium
CUST-01655,68,Female,65,28.47,Month-to-month,3,Fiber optic,Electronic check,1850.55,No,66+,49-72 Months,0,2,Low
CUST-01656,34,Male,42,76.45,Two year,2,No,Bank transfer,3210.9,No,26-35,25-48 Months,0,0,Low
CUST-01657,31,Female,9,37.58,Month-to-month,3,Fiber optic,Mailed check,338.22,Yes,26-35,7-12 Months,1,4,Medium
CUST-01658,26,Female,60,55.45,Month-to-month,3,Fiber optic,Bank transfer,3327.0,No,26-35,49-72 Months,0,2,Low
CUST-01659,57,Female,15,44.8,Month-to-month,5,No,Credit card,672.0,No,56-65,13-24 Months,0,4,Medium
CUST-01660,19,Male,57,134.79,One year,6,Fiber optic,Credit card,7683.03,No,18-25,49-72 Months,0,3,Medium
CUST-01661,62,Female,69,112.04,Two year,5,Fiber optic,Bank transfer,7730.76,No,56-65,49-72 Months,0,3,Medium
CUST-01662,42,Male,22,132.9,Month-to-month,4,DSL,Bank transfer,2923.8,No,36-45,13-24 Months,0,3,Medium
CUST-01663,56,Male,64,69.85,Month-to-month,0,Fiber optic,Bank transfer,4470.4,No,56-65,49-72 Months,0,2,Low
CUST-01664,26,Female,41,60.74,Month-to-month,2,DSL,Credit card,2490.34,No,26-35,25-48 Months,0,2,Low
CUST-01665,71,Male,71,69.48,Month-to-month,3,DSL,Credit card,4933.08,No,66+,49-72 Months,0,2,Low
CUST-01666,39,Female,56,22.41,Month-to-month,1,No,Bank transfer,1254.96,No,36-45,49-72 Months,0,2,Low
CUST-01667,60,Male,23,114.21,Month-to-month,0,DSL,Electronic check,2626.83,Yes,56-65,13-24 Months,1,3,Medium
CUST-01668,63,Female,25,65.47,One year,2,Fiber optic,Mailed check,1636.75,No,56-65,25-48 Months,0,0,Low
CUST-01669,21,Female,6,60.73,One year,0,No,Mailed check,364.38,No,18-25,0-6 Months,0,2,Low
CUST-01670,43,Female,34,97.76,Month-to-month,3,Fiber optic,Bank transfer,3323.84,No,36-45,25-48 Months,0,2,Low
CUST-01671,75,Male,63,76.71,Month-to-month,2,Fiber optic,Electronic check,4832.73,Yes,66+,49-72 Months,1,2,Low
CUST-01672,46,Female,9,147.51,One year,1,Fiber optic,Mailed check,1327.59,Yes,46-55,7-12 Months,1,3,Medium
CUST-01673,62,Male,60,66.31,One year,3,DSL,Electronic check,3978.6,No,56-65,49-72 Months,0,0,Low
CUST-01674,51,Female,49,99.81,Month-to-month,3,No,Mailed check,4890.69,No,46-55,49-72 Months,0,2,Low
CUST-01675,40,Male,51,60.51,Two year,3,DSL,Mailed check,3086.01,Yes,36-45,49-72 Months,1,0,Low
CUST-01676,54,Male,60,148.78,Month-to-month,1,Fiber optic,Credit card,8926.8,No,46-55,49-72 Months,0,3,Medium
CUST-01677,28,Female,70,77.86,Month-to-month,2,DSL,Electronic check,5450.2,No,26-35,49-72 Months,0,2,Low
CUST-01678,23,Female,37,102.44,Month-to-month,4,DSL,Mailed check,3790.28,No,18-25,25-48 Months,0,3,Medium
CUST-01679,35,Female,31,36.47,Two year,4,DSL,Electronic check,1130.57,No,26-35,25-48 Months,0,0,Low
CUST-01680,38,Female,41,115.29,Month-to-month,2,DSL,Bank transfer,4726.89,No,36-45,25-48 Months,0,3,Medium
CUST-01681,59,Female,62,55.0,Two year,3,Fiber optic,Bank transfer,3410.0,No,56-65,49-72 Months,0,0,Low
CUST-01682,53,Male,58,78.32,Month-to-month,2,Fiber optic,Electronic check,4542.56,Yes,46-55,49-72 Months,1,2,Low
CUST-01683,58,Female,14,134.81,Month-to-month,3,Fiber optic,Mailed check,1887.34,No,56-65,13-24 Months,0,3,Medium
CUST-01684,55,Female,36,146.17,One year,4,DSL,Bank transfer,5262.12,Yes,46-55,25-48 Months,1,1,Low
CUST-01685,51,Male,36,75.19,Month-to-month,1,Fiber optic,Bank transfer,2706.84,Yes,46-55,25-48 Months,1,2,Low
CUST-01686,34,Female,8,128.52,Month-to-month,3,DSL,Mailed check,1028.16,Yes,26-35,7-12 Months,1,5,High
CUST-01687,54,Female,26,26.94,Month-to-month,5,Fiber optic,Bank transfer,700.44,No,46-55,25-48 Months,0,4,Medium
CUST-01688,42,Male,36,130.18,Two year,4,Fiber optic,Bank transfer,4686.48,No,36-45,25-48 Months,0,1,Low
CUST-01689,55,Female,48,101.84,Month-to-month,3,Fiber optic,Mailed check,4888.32,Yes,46-55,25-48 Months,1,3,Medium
CUST-01690,75,Female,28,83.53,Month-to-month,4,Fiber optic,Electronic check,2338.84,No,66+,25-48 Months,0,2,Low
CUST-01691,29,Female,68,135.7,Month-to-month,2,Fiber optic,Electronic check,9227.6,No,26-35,49-72 Months,0,3,Medium
CUST-01692,40,Male,62,129.89,One year,1,Fiber optic,Mailed check,8053.18,No,36-45,49-72 Months,0,1,Low
CUST-01693,70,Female,51,58.6,Month-to-month,3,Fiber optic,Mailed check,2988.6,Yes,66+,49-72 Months,1,2,Low
CUST-01694,59,Male,42,122.89,Month-to-month,1,DSL,Electronic check,5161.38,Yes,56-65,25-48 Months,1,3,Medium
CUST-01695,39,Female,29,32.93,Month-to-month,5,Fiber optic,Mailed check,954.97,Yes,36-45,25-48 Months,1,4,Medium
CUST-01696,38,Male,10,126.96,One year,1,No,Electronic check,1269.6,No,36-45,7-12 Months,0,3,Medium
CUST-01697,44,Female,39,107.81,Month-to-month,4,DSL,Electronic check,4204.59,Yes,36-45,25-48 Months,1,3,Medium
CUST-01698,74,Male,1,31.42,Month-to-month,2,Fiber optic,Credit card,31.42,Yes,66+,0-6 Months,1,4,Medium
CUST-01699,48,Male,39,108.8,One year,6,Fiber optic,Bank transfer,4243.2,Yes,46-55,25-48 Months,1,3,Medium
CUST-01700,23,Male,21,95.47,Two year,6,Fiber optic,Mailed check,2004.87,No,18-25,13-24 Months,0,2,Low
CUST-01701,44,Male,65,97.29,One year,1,No,Credit card,6323.85,No,36-45,49-72 Months,0,0,Low
CUST-01702,57,Male,15,57.81,Month-to-month,1,No,Electronic check,867.15,No,56-65,13-24 Months,0,2,Low
CUST-01703,51,Male,4,54.64,One year,0,DSL,Mailed check,218.56,No,46-55,0-6 Months,0,2,Low
CUST-01704,29,Female,60,119.13,Two year,1,Fiber optic,Bank transfer,7147.8,No,26-35,49-72 Months,0,1,Low
CUST-01705,62,Female,61,53.39,Month-to-month,4,Fiber optic,Electronic check,3256.79,Yes,56-65,49-72 Months,1,2,Low
CUST-01706,74,Male,20,78.01,Month-to-month,2,Fiber optic,Credit card,1560.2,No,66+,13-24 Months,0,2,Low
CUST-01707,70,Male,10,110.32,Month-to-month,4,Fiber optic,Electronic check,1103.2,Yes,66+,7-12 Months,1,5,High
CUST-01708,24,Male,34,30.35,Two year,3,No,Mailed check,1031.9,Yes,18-25,25-48 Months,1,0,Low
CUST-01709,27,Male,48,97.29,Month-to-month,2,Fiber optic,Bank transfer,4669.92,No,26-35,25-48 Months,0,2,Low
CUST-01710,62,Female,33,96.62,Month-to-month,1,No,Electronic check,3188.46,No,56-65,25-48 Months,0,2,Low
CUST-01711,34,Male,61,108.95,Month-to-month,2,Fiber optic,Mailed check,6645.95,No,26-35,49-72 Months,0,3,Medium
CUST-01712,43,Female,10,68.09,Two year,5,Fiber optic,Mailed check,680.9,Yes,36-45,7-12 Months,1,4,Medium
CUST-01713,38,Female,54,78.37,Month-to-month,3,Fiber optic,Electronic check,4231.98,No,36-45,49-72 Months,0,2,Low
CUST-01714,45,Male,65,62.9,One year,4,Fiber optic,Bank transfer,4088.5,Yes,36-45,49-72 Months,1,0,Low
CUST-01715,75,Male,1,125.06,Two year,2,Fiber optic,Mailed check,125.06,Yes,66+,0-6 Months,1,3,Medium
CUST-01716,63,Female,5,36.98,Month-to-month,3,Fiber optic,Credit card,184.9,No,56-65,0-6 Months,0,4,Medium
CUST-01717,19,Female,15,145.18,One year,3,Fiber optic,Credit card,2177.7,No,18-25,13-24 Months,0,1,Low
CUST-01718,71,Male,28,102.53,Month-to-month,4,Fiber optic,Bank transfer,2870.84,Yes,66+,25-48 Months,1,3,Medium
CUST-01719,60,Male,23,135.3,Two year,3,Fiber optic,Bank transfer,3111.9,No,56-65,13-24 Months,0,1,Low
CUST-01720,18,Male,17,75.41,One year,4,DSL,Credit card,1281.97,No,18-25,13-24 Months,0,0,Low
CUST-01721,68,Female,13,63.2,Two year,3,Fiber optic,Bank transfer,821.6,No,66+,13-24 Months,0,0,Low
CUST-01722,70,Female,14,137.09,Month-to-month,2,Fiber optic,Credit card,1919.26,Yes,66+,13-24 Months,1,3,Medium
CUST-01723,53,Male,11,32.85,Month-to-month,2,DSL,Electronic check,361.35,Yes,46-55,7-12 Months,1,4,Medium
CUST-01724,68,Female,28,35.22,Month-to-month,2,Fiber optic,Credit card,986.16,Yes,66+,25-48 Months,1,2,Low
CUST-01725,43,Female,42,58.92,Month-to-month,5,No,Bank transfer,2474.64,No,36-45,25-48 Months,0,4,Medium
CUST-01726,46,Male,61,144.77,Two year,3,Fiber optic,Electronic check,8830.97,No,46-55,49-72 Months,0,1,Low
CUST-01727,38,Male,64,102.3,Month-to-month,3,No,Bank transfer,6547.2,Yes,36-45,49-72 Months,1,3,Medium
CUST-01728,28,Female,31,92.05,Month-to-month,1,Fiber optic,Credit card,2853.55,No,26-35,25-48 Months,0,2,Low
CUST-01729,57,Female,10,111.7,Month-to-month,6,DSL,Electronic check,1117.0,Yes,56-65,7-12 Months,1,7,High
CUST-01730,28,Male,8,74.27,Month-to-month,2,Fiber optic,Mailed check,594.16,No,26-35,7-12 Months,0,4,Medium
CUST-01731,53,Male,21,118.55,Month-to-month,0,Fiber optic,Credit card,2489.55,No,46-55,13-24 Months,0,3,Medium
CUST-01732,66,Male,59,71.12,Month-to-month,3,No,Electronic check,4196.08,No,66+,49-72 Months,0,2,Low
CUST-01733,56,Male,50,127.43,Two year,5,DSL,Mailed check,6371.5,Yes,56-65,49-72 Months,1,3,Medium
CUST-01734,57,Male,69,54.75,Month-to-month,5,DSL,Bank transfer,3777.75,Yes,56-65,49-72 Months,1,4,Medium
CUST-01735,52,Female,70,56.08,One year,1,DSL,Credit card,3925.6,No,46-55,49-72 Months,0,0,Low
CUST-01736,71,Female,30,87.91,Month-to-month,3,DSL,Electronic check,2637.3,No,66+,25-48 Months,0,2,Low
CUST-01737,51,Female,17,76.0,One year,2,Fiber optic,Mailed check,1292.0,No,46-55,13-24 Months,0,0,Low
CUST-01738,72,Female,20,104.26,Month-to-month,3,DSL,Electronic check,2085.2,No,66+,13-24 Months,0,3,Medium
CUST-01739,64,Male,48,67.36,Two year,3,Fiber optic,Electronic check,3233.28,Yes,56-65,25-48 Months,1,0,Low
CUST-01740,41,Male,2,49.97,One year,4,Fiber optic,Credit card,99.94,No,36-45,0-6 Months,0,2,Low
CUST-01741,71,Male,37,81.08,Month-to-month,2,DSL,Bank transfer,2999.96,No,66+,25-48 Months,0,2,Low
CUST-01742,39,Female,1,92.92,Month-to-month,2,Fiber optic,Mailed check,92.92,No,36-45,0-6 Months,0,4,Medium
CUST-01743,22,Female,4,38.54,Month-to-month,5,DSL,Bank transfer,154.16,Yes,18-25,0-6 Months,1,6,High
CUST-01744,73,Female,54,92.37,One year,3,DSL,Mailed check,4987.98,No,66+,49-72 Months,0,0,Low
CUST-01745,50,Male,25,61.5,One year,1,Fiber optic,Electronic check,1537.5,No,46-55,25-48 Months,0,0,Low
CUST-01746,75,Female,3,71.02,Month-to-month,3,DSL,Mailed check,213.06,Yes,66+,0-6 Months,1,4,Medium
CUST-01747,53,Male,9,56.31,Month-to-month,0,Fiber optic,Mailed check,506.79,Yes,46-55,7-12 Months,1,4,Medium
CUST-01748,64,Male,34,141.08,Two year,2,DSL,Bank transfer,4796.72,No,56-65,25-48 Months,0,1,Low
CUST-01749,37,Male,43,108.83,Two year,3,No,Mailed check,4679.69,No,36-45,25-48 Months,0,1,Low
CUST-01750,36,Male,22,54.12,One year,2,Fiber optic,Credit card,1190.64,No,36-45,13-24 Months,0,0,Low
CUST-01751,52,Male,70,103.85,Month-to-month,4,DSL,Bank transfer,7269.5,Yes,46-55,49-72 Months,1,3,Medium
CUST-01752,69,Male,2,130.31,Two year,5,Fiber optic,Bank transfer,260.62,Yes,66+,0-6 Months,1,5,High
CUST-01753,60,Female,66,72.21,One year,0,DSL,Credit card,4765.86,No,56-65,49-72 Months,0,0,Low
CUST-01754,34,Male,32,127.89,Month-to-month,2,DSL,Credit card,4092.48,Yes,26-35,25-48 Months,1,3,Medium
CUST-01755,62,Male,16,40.07,Month-to-month,0,Fiber optic,Bank transfer,641.12,No,56-65,13-24 Months,0,2,Low
CUST-01756,60,Female,1,126.96,One year,1,Fiber optic,Bank transfer,126.96,No,56-65,0-6 Months,0,3,Medium
CUST-01757,51,Male,72,90.24,Month-to-month,2,DSL,Bank transfer,6497.28,No,46-55,49-72 Months,0,2,Low
CUST-01758,26,Female,48,48.99,Month-to-month,3,Fiber optic,Electronic check,2351.52,No,26-35,25-48 Months,0,2,Low
CUST-01759,43,Female,50,72.93,Two year,2,No,Mailed check,3646.5,Yes,36-45,49-72 Months,1,0,Low
CUST-01760,19,Female,13,148.44,One year,3,Fiber optic,Credit card,1929.72,Yes,18-25,13-24 Months,1,1,Low
CUST-01761,70,Male,15,121.86,Two year,8,No,Electronic check,1827.9,No,66+,13-24 Months,0,3,Medium
CUST-01762,26,Male,53,94.76,Month-to-month,2,No,Electronic check,5022.28,No,26-35,49-72 Months,0,2,Low
CUST-01763,26,Female,44,34.97,Two year,4,Fiber optic,Electronic check,1538.68,Yes,26-35,25-48 Months,1,0,Low
CUST-01764,57,Male,8,74.32,Month-to-month,4,Fiber optic,Mailed check,594.56,No,56-65,7-12 Months,0,4,Medium
CUST-01765,34,Male,46,54.2,One year,0,Fiber optic,Electronic check,2493.2,No,26-35,25-48 Months,0,0,Low
CUST-01766,18,Female,69,29.23,Month-to-month,1,No,Bank transfer,2016.87,No,18-25,49-72 Months,0,2,Low
CUST-01767,42,Female,19,90.49,Month-to-month,3,Fiber optic,Credit card,1719.31,No,36-45,13-24 Months,0,2,Low
CUST-01768,60,Male,38,135.59,Month-to-month,1,DSL,Mailed check,5152.42,Yes,56-65,25-48 Months,1,3,Medium
CUST-01769,57,Female,11,107.83,One year,5,Fiber optic,Mailed check,1186.13,Yes,56-65,7-12 Months,1,5,High
CUST-01770,59,Female,43,52.46,Month-to-month,2,No,Bank transfer,2255.78,No,56-65,25-48 Months,0,2,Low
CUST-01771,42,Female,20,94.57,Month-to-month,2,Fiber optic,Credit card,1891.4,Yes,36-45,13-24 Months,1,2,Low
CUST-01772,56,Male,20,142.62,Month-to-month,2,Fiber optic,Electronic check,2852.4,Yes,56-65,13-24 Months,1,3,Medium
CUST-01773,52,Male,21,113.98,Month-to-month,8,Fiber optic,Mailed check,2393.58,No,46-55,13-24 Months,0,5,High
CUST-01774,20,Male,57,109.63,One year,2,DSL,Credit card,6248.91,No,18-25,49-72 Months,0,1,Low
CUST-01775,67,Female,50,145.86,Two year,3,Fiber optic,Mailed check,7293.0,No,66+,49-72 Months,0,1,Low
CUST-01776,54,Male,26,123.85,Month-to-month,3,DSL,Credit card,3220.1,No,46-55,25-48 Months,0,3,Medium
CUST-01777,61,Female,30,37.76,One year,5,Fiber optic,Credit card,1132.8,Yes,56-65,25-48 Months,1,2,Low
CUST-01778,61,Male,31,65.19,Two year,0,Fiber optic,Credit card,2020.89,No,56-65,25-48 Months,0,0,Low
CUST-01779,68,Male,42,145.47,One year,2,DSL,Bank transfer,6109.74,No,66+,25-48 Months,0,1,Low
CUST-01780,47,Female,68,83.66,One year,3,DSL,Mailed check,5688.88,No,46-55,49-72 Months,0,0,Low
CUST-01781,55,Male,61,34.51,Month-to-month,6,DSL,Electronic check,2105.11,Yes,46-55,49-72 Months,1,4,Medium
CUST-01782,51,Female,61,79.62,Month-to-month,2,Fiber optic,Bank transfer,4856.82,No,46-55,49-72 Months,0,2,Low
CUST-01783,29,Male,70,110.61,Month-to-month,4,DSL,Electronic check,7742.7,No,26-35,49-72 Months,0,3,Medium
CUST-01784,36,Male,68,149.68,Month-to-month,5,DSL,Bank transfer,10178.24,No,36-45,49-72 Months,0,5,High
CUST-01785,54,Female,17,62.11,Two year,1,No,Bank transfer,1055.87,No,46-55,13-24 Months,0,0,Low
CUST-01786,61,Female,19,86.83,Month-to-month,2,Fiber optic,Bank transfer,1649.77,No,56-65,13-24 Months,0,2,Low
CUST-01787,66,Female,51,134.36,Month-to-month,2,Fiber optic,Credit card,6852.36,Yes,66+,49-72 Months,1,3,Medium
CUST-01788,34,Male,70,66.18,Two year,5,Fiber optic,Mailed check,4632.6,Yes,26-35,49-72 Months,1,2,Low
CUST-01789,27,Male,63,34.2,Month-to-month,4,DSL,Credit card,2154.6,Yes,26-35,49-72 Months,1,2,Low
CUST-01790,74,Male,30,143.36,Two year,2,DSL,Credit card,4300.8,No,66+,25-48 Months,0,1,Low
CUST-01791,72,Female,25,83.5,One year,0,Fiber optic,Credit card,2087.5,No,66+,25-48 Months,0,0,Low
CUST-01792,66,Female,71,85.36,Month-to-month,0,Fiber optic,Bank transfer,6060.56,No,66+,49-72 Months,0,2,Low
CUST-01793,64,Female,26,100.76,One year,1,Fiber optic,Bank transfer,2619.76,No,56-65,25-48 Months,0,1,Low
CUST-01794,29,Male,56,20.46,One year,2,Fiber optic,Electronic check,1145.76,No,26-35,49-72 Months,0,0,Low
CUST-01795,33,Male,22,141.05,Month-to-month,1,Fiber optic,Mailed check,3103.1,No,26-35,13-24 Months,0,3,Medium
CUST-01796,41,Female,19,66.99,Month-to-month,2,DSL,Credit card,1272.81,No,36-45,13-24 Months,0,2,Low
CUST-01797,36,Male,31,71.6,Month-to-month,4,Fiber optic,Credit card,2219.6,No,36-45,25-48 Months,0,2,Low
CUST-01798,25,Female,26,42.63,One year,3,Fiber optic,Credit card,1108.38,No,18-25,25-48 Months,0,0,Low
CUST-01799,48,Male,42,69.16,Month-to-month,3,No,Mailed check,2904.72,Yes,46-55,25-48 Months,1,2,Low
CUST-01800,38,Male,41,124.51,One year,2,No,Mailed check,5104.91,Yes,36-45,25-48 Months,1,1,Low
CUST-01801,34,Female,23,124.0,Month-to-month,1,DSL,Mailed check,2852.0,No,26-35,13-24 Months,0,3,Medium
CUST-01802,40,Male,47,141.65,Month-to-month,2,No,Credit card,6657.55,No,36-45,25-48 Months,0,3,Medium
CUST-01803,54,Male,13,72.42,Month-to-month,2,No,Mailed check,941.46,Yes,46-55,13-24 Months,1,2,Low
CUST-01804,71,Female,66,112.13,Month-to-month,1,No,Credit card,7400.58,Yes,66+,49-72 Months,1,3,Medium
CUST-01805,33,Female,66,85.94,Month-to-month,1,Fiber optic,Credit card,5672.04,No,26-35,49-72 Months,0,2,Low
CUST-01806,23,Male,16,124.52,Month-to-month,3,No,Mailed check,1992.32,No,18-25,13-24 Months,0,3,Medium
CUST-01807,25,Female,28,112.63,Month-to-month,4,Fiber optic,Bank transfer,3153.64,No,18-25,25-48 Months,0,3,Medium
CUST-01808,42,Male,35,67.83,Two year,5,No,Credit card,2374.05,No,36-45,25-48 Months,0,2,Low
CUST-01809,35,Female,41,63.77,Month-to-month,3,Fiber optic,Credit card,2614.57,No,26-35,25-48 Months,0,2,Low
CUST-01810,42,Male,31,52.82,One year,3,No,Bank transfer,1637.42,No,36-45,25-48 Months,0,0,Low
CUST-01811,29,Male,32,94.95,Two year,3,Fiber optic,Mailed check,3038.4,No,26-35,25-48 Months,0,0,Low
CUST-01812,32,Female,54,145.3,Two year,3,Fiber optic,Electronic check,7846.2,No,26-35,49-72 Months,0,1,Low
CUST-01813,43,Male,72,46.01,Two year,1,No,Bank transfer,3312.72,No,36-45,49-72 Months,0,0,Low
CUST-01814,58,Male,59,32.38,Month-to-month,1,Fiber optic,Mailed check,1910.42,No,56-65,49-72 Months,0,2,Low
CUST-01815,62,Female,41,35.52,One year,1,DSL,Credit card,1456.32,No,56-65,25-48 Months,0,0,Low
CUST-01816,43,Female,66,121.8,Two year,2,DSL,Bank transfer,8038.8,Yes,36-45,49-72 Months,1,1,Low
CUST-01817,64,Male,54,65.51,Two year,5,No,Credit card,3537.54,No,56-65,49-72 Months,0,2,Low
CUST-01818,49,Female,40,49.17,One year,1,No,Bank transfer,1966.8,No,46-55,25-48 Months,0,0,Low
CUST-01819,27,Female,28,65.87,Month-to-month,3,Fiber optic,Electronic check,1844.36,Yes,26-35,25-48 Months,1,2,Low
CUST-01820,33,Male,37,103.89,Two year,3,No,Credit card,3843.93,No,26-35,25-48 Months,0,1,Low
CUST-01821,24,Male,65,91.08,Month-to-month,4,DSL,Mailed check,5920.2,Yes,18-25,49-72 Months,1,2,Low
CUST-01822,34,Female,55,116.67,Month-to-month,1,DSL,Bank transfer,6416.85,Yes,26-35,49-72 Months,1,3,Medium
CUST-01823,40,Female,4,64.08,Month-to-month,1,Fiber optic,Bank transfer,256.32,Yes,36-45,0-6 Months,1,4,Medium
CUST-01824,43,Female,10,78.76,Month-to-month,2,Fiber optic,Bank transfer,787.6,No,36-45,7-12 Months,0,4,Medium
CUST-01825,38,Male,47,33.26,Month-to-month,1,Fiber optic,Credit card,1563.22,No,36-45,25-48 Months,0,2,Low
CUST-01826,39,Male,14,29.5,Month-to-month,6,Fiber optic,Mailed check,413.0,Yes,36-45,13-24 Months,1,4,Medium
CUST-01827,75,Male,38,80.09,Two year,1,DSL,Bank transfer,3043.42,No,66+,25-48 Months,0,0,Low
CUST-01828,24,Male,12,59.21,Month-to-month,8,Fiber optic,Credit card,710.52,Yes,18-25,7-12 Months,1,6,High
CUST-01829,31,Male,45,99.66,Month-to-month,5,Fiber optic,Credit card,4484.7,No,26-35,25-48 Months,0,4,Medium
CUST-01830,32,Male,17,25.59,Two year,1,No,Electronic check,435.03,No,26-35,13-24 Months,0,0,Low
CUST-01831,70,Male,35,35.83,Month-to-month,3,Fiber optic,Mailed check,1254.05,No,66+,25-48 Months,0,2,Low
CUST-01832,24,Female,66,132.47,Month-to-month,4,Fiber optic,Electronic check,8743.02,No,18-25,49-72 Months,0,3,Medium
CUST-01833,26,Female,41,93.62,Month-to-month,2,DSL,Bank transfer,3838.42,No,26-35,25-48 Months,0,2,Low
CUST-01834,68,Male,67,112.57,Month-to-month,2,No,Credit card,7542.19,Yes,66+,49-72 Months,1,3,Medium
CUST-01835,65,Male,29,129.46,Month-to-month,2,DSL,Bank transfer,3754.34,Yes,56-65,25-48 Months,1,3,Medium
CUST-01836,25,Male,18,80.3,One year,0,DSL,Credit card,1445.4,No,18-25,13-24 Months,0,0,Low
CUST-01837,67,Female,20,118.94,Two year,4,DSL,Credit card,2378.8,No,66+,13-24 Months,0,1,Low
CUST-01838,40,Male,14,88.2,One year,2,No,Mailed check,1234.8,Yes,36-45,13-24 Months,1,0,Low
CUST-01839,46,Female,34,48.96,Month-to-month,2,No,Bank transfer,1664.64,No,46-55,25-48 Months,0,2,Low
CUST-01840,35,Female,49,63.9,Month-to-month,2,No,Mailed check,3131.1,Yes,26-35,49-72 Months,1,2,Low
CUST-01841,48,Female,54,83.75,Month-to-month,3,Fiber optic,Credit card,4522.5,No,46-55,49-72 Months,0,2,Low
CUST-01842,47,Female,31,61.2,Month-to-month,2,DSL,Bank transfer,1897.2,Yes,46-55,25-48 Months,1,2,Low
CUST-01843,69,Female,58,63.62,Month-to-month,2,No,Credit card,3689.96,No,66+,49-72 Months,0,2,Low
CUST-01844,56,Male,42,63.86,Two year,4,Fiber optic,Bank transfer,2682.12,Yes,56-65,25-48 Months,1,0,Low
CUST-01845,52,Male,58,35.97,Month-to-month,2,Fiber optic,Bank transfer,2086.26,No,46-55,49-72 Months,0,2,Low
CUST-01846,35,Female,30,31.0,Month-to-month,1,DSL,Electronic check,930.0,No,26-35,25-48 Months,0,2,Low
CUST-01847,59,Male,25,26.04,Month-to-month,1,DSL,Electronic check,651.0,No,56-65,25-48 Months,0,2,Low
CUST-01848,56,Female,63,34.42,Month-to-month,1,Fiber optic,Mailed check,2168.46,No,56-65,49-72 Months,0,2,Low
CUST-01849,34,Female,19,64.68,One year,5,DSL,Credit card,1228.92,Yes,26-35,13-24 Months,1,2,Low
CUST-01850,31,Male,72,97.2,Two year,3,DSL,Mailed check,6998.4,Yes,26-35,49-72 Months,1,0,Low
CUST-01851,48,Male,8,44.46,Month-to-month,6,Fiber optic,Bank transfer,355.68,No,46-55,7-12 Months,0,6,High
CUST-01852,41,Male,3,135.44,Month-to-month,4,DSL,Mailed check,406.32,Yes,36-45,0-6 Months,1,5,High
CUST-01853,52,Male,67,125.09,Two year,3,DSL,Bank transfer,8381.03,No,46-55,49-72 Months,0,1,Low
CUST-01854,61,Male,17,87.67,One year,4,No,Mailed check,1490.39,Yes,56-65,13-24 Months,1,0,Low
CUST-01855,62,Female,14,114.15,Two year,0,Fiber optic,Mailed check,1598.1,No,56-65,13-24 Months,0,1,Low
CUST-01856,51,Male,9,67.62,Month-to-month,4,Fiber optic,Bank transfer,608.58,Yes,46-55,7-12 Months,1,4,Medium
CUST-01857,20,Male,62,24.78,Month-to-month,1,Fiber optic,Bank transfer,1536.36,No,18-25,49-72 Months,0,2,Low
CUST-01858,54,Male,21,137.56,Month-to-month,2,DSL,Mailed check,2888.76,No,46-55,13-24 Months,0,3,Medium
CUST-01859,60,Female,37,36.61,Month-to-month,2,Fiber optic,Bank transfer,1354.57,No,56-65,25-48 Months,0,2,Low
CUST-01860,57,Male,11,143.23,One year,2,DSL,Mailed check,1575.53,No,56-65,7-12 Months,0,3,Medium
CUST-01861,43,Female,20,94.34,Month-to-month,2,DSL,Credit card,1886.8,No,36-45,13-24 Months,0,2,Low
CUST-01862,72,Male,35,59.72,Month-to-month,4,DSL,Electronic check,2090.2,Yes,66+,25-48 Months,1,2,Low
CUST-01863,40,Male,53,84.42,Month-to-month,1,DSL,Bank transfer,4474.26,No,36-45,49-72 Months,0,2,Low
CUST-01864,61,Female,47,85.21,Two year,3,Fiber optic,Bank transfer,4004.87,No,56-65,25-48 Months,0,0,Low
CUST-01865,56,Male,52,23.03,Month-to-month,3,DSL,Mailed check,1197.56,Yes,56-65,49-72 Months,1,2,Low
CUST-01866,32,Male,8,66.21,Month-to-month,3,DSL,Bank transfer,529.68,Yes,26-35,7-12 Months,1,4,Medium
CUST-01867,73,Female,4,116.18,One year,4,No,Credit card,464.72,No,66+,0-6 Months,0,3,Medium
CUST-01868,66,Male,27,86.31,Month-to-month,4,DSL,Electronic check,2330.37,No,66+,25-48 Months,0,2,Low
CUST-01869,21,Female,44,51.75,Month-to-month,1,DSL,Electronic check,2277.0,No,18-25,25-48 Months,0,2,Low
CUST-01870,46,Female,40,63.56,Month-to-month,1,Fiber optic,Bank transfer,2542.4,No,46-55,25-48 Months,0,2,Low
CUST-01871,39,Female,47,132.2,Two year,1,No,Credit card,6213.4,No,36-45,25-48 Months,0,1,Low
CUST-01872,42,Female,44,88.32,One year,5,DSL,Electronic check,3886.08,No,36-45,25-48 Months,0,2,Low
CUST-01873,30,Female,48,88.69,One year,1,DSL,Electronic check,4257.12,No,26-35,25-48 Months,0,0,Low
CUST-01874,35,Male,52,144.99,Two year,6,Fiber optic,Credit card,7539.48,Yes,26-35,49-72 Months,1,3,Medium
CUST-01875,50,Male,68,61.71,Two year,1,Fiber optic,Electronic check,4196.28,No,46-55,49-72 Months,0,0,Low
CUST-01876,33,Male,11,82.34,One year,3,DSL,Mailed check,905.74,No,26-35,7-12 Months,0,2,Low
CUST-01877,62,Female,4,125.52,Month-to-month,4,DSL,Credit card,502.08,Yes,56-65,0-6 Months,1,5,High
CUST-01878,59,Female,48,118.66,One year,3,DSL,Electronic check,5695.68,No,56-65,25-48 Months,0,1,Low
CUST-01879,61,Female,26,54.55,Month-to-month,2,DSL,Credit card,1418.3,Yes,56-65,25-48 Months,1,2,Low
CUST-01880,19,Female,39,39.64,Two year,3,DSL,Bank transfer,1545.96,No,18-25,25-48 Months,0,0,Low
CUST-01881,72,Male,58,111.09,One year,3,Fiber optic,Electronic check,6443.22,No,66+,49-72 Months,0,1,Low
CUST-01882,52,Male,19,53.5,Month-to-month,2,DSL,Electronic check,1016.5,No,46-55,13-24 Months,0,2,Low
CUST-01883,59,Female,58,139.95,Month-to-month,3,Fiber optic,Mailed check,8117.1,No,56-65,49-72 Months,0,3,Medium
CUST-01884,51,Female,28,36.8,Month-to-month,1,Fiber optic,Mailed check,1030.4,Yes,46-55,25-48 Months,1,2,Low
CUST-01885,47,Male,66,61.38,Month-to-month,1,DSL,Electronic check,4051.08,No,46-55,49-72 Months,0,2,Low
CUST-01886,72,Female,10,27.12,Month-to-month,0,Fiber optic,Credit card,271.2,No,66+,7-12 Months,0,4,Medium
CUST-01887,30,Female,58,111.43,Month-to-month,3,No,Electronic check,6462.94,Yes,26-35,49-72 Months,1,3,Medium
CUST-01888,30,Female,14,135.86,Month-to-month,4,DSL,Mailed check,1902.04,No,26-35,13-24 Months,0,3,Medium
CUST-01889,35,Male,15,102.66,One year,1,DSL,Mailed check,1539.9,No,26-35,13-24 Months,0,1,Low
CUST-01890,49,Male,33,141.91,Month-to-month,1,Fiber optic,Electronic check,4683.03,No,46-55,25-48 Months,0,3,Medium
CUST-01891,49,Female,17,36.71,Month-to-month,2,DSL,Credit card,624.07,No,46-55,13-24 Months,0,2,Low
CUST-01892,52,Male,24,31.41,Month-to-month,7,No,Electronic check,753.84,Yes,46-55,13-24 Months,1,4,Medium
CUST-01893,56,Female,30,128.99,Two year,3,DSL,Electronic check,3869.7,No,56-65,25-48 Months,0,1,Low
CUST-01894,63,Female,62,131.22,Month-to-month,1,Fiber optic,Credit card,8135.64,Yes,56-65,49-72 Months,1,3,Medium
CUST-01895,69,Male,13,128.04,Month-to-month,1,DSL,Credit card,1664.52,Yes,66+,13-24 Months,1,3,Medium
CUST-01896,46,Female,62,123.87,One year,2,Fiber optic,Credit card,7679.94,No,46-55,49-72 Months,0,1,Low
CUST-01897,66,Female,47,67.09,Month-to-month,3,DSL,Electronic check,3153.23,Yes,66+,25-48 Months,1,2,Low
CUST-01898,46,Male,16,48.27,Month-to-month,3,Fiber optic,Bank transfer,772.32,Yes,46-55,13-24 Months,1,2,Low
CUST-01899,70,Female,66,140.74,Month-to-month,1,Fiber optic,Credit card,9288.84,No,66+,49-72 Months,0,3,Medium
CUST-01900,61,Female,43,59.91,One year,3,No,Electronic check,2576.13,No,56-65,25-48 Months,0,0,Low
CUST-01901,74,Female,8,71.79,One year,3,Fiber optic,Bank transfer,574.32,Yes,66+,7-12 Months,1,2,Low
CUST-01902,33,Male,3,110.94,One year,1,Fiber optic,Mailed check,332.82,Yes,26-35,0-6 Months,1,3,Medium
CUST-01903,73,Female,12,58.14,Month-to-month,3,Fiber optic,Bank transfer,697.68,No,66+,7-12 Months,0,4,Medium
CUST-01904,61,Male,16,126.49,One year,2,Fiber optic,Credit card,2023.84,No,56-65,13-24 Months,0,1,Low
CUST-01905,64,Female,59,29.1,Month-to-month,0,DSL,Credit card,1716.9,Yes,56-65,49-72 Months,1,2,Low
CUST-01906,74,Female,49,122.85,Month-to-month,4,Fiber optic,Credit card,6019.65,Yes,66+,49-72 Months,1,3,Medium
CUST-01907,27,Female,63,98.24,Month-to-month,1,Fiber optic,Mailed check,6189.12,No,26-35,49-72 Months,0,2,Low
CUST-01908,47,Female,62,94.49,One year,3,No,Credit card,5858.38,No,46-55,49-72 Months,0,0,Low
CUST-01909,42,Male,49,79.59,Month-to-month,2,Fiber optic,Credit card,3899.91,Yes,36-45,49-72 Months,1,2,Low
CUST-01910,56,Male,51,56.02,One year,2,DSL,Electronic check,2857.02,No,56-65,49-72 Months,0,0,Low
CUST-01911,37,Female,33,80.33,Two year,2,Fiber optic,Electronic check,2650.89,No,36-45,25-48 Months,0,0,Low
CUST-01912,22,Female,30,78.5,Month-to-month,2,No,Mailed check,2355.0,No,18-25,25-48 Months,0,2,Low
CUST-01913,18,Female,59,95.89,Month-to-month,2,Fiber optic,Credit card,5657.51,No,18-25,49-72 Months,0,2,Low
CUST-01914,47,Female,15,56.6,Month-to-month,1,No,Electronic check,849.0,Yes,46-55,13-24 Months,1,2,Low
CUST-01915,66,Female,23,30.09,Month-to-month,3,No,Credit card,692.07,Yes,66+,13-24 Months,1,2,Low
CUST-01916,20,Female,45,38.86,Month-to-month,0,Fiber optic,Credit card,1748.7,No,18-25,25-48 Months,0,2,Low
CUST-01917,62,Female,62,110.89,Two year,3,Fiber optic,Bank transfer,6875.18,No,56-65,49-72 Months,0,1,Low
CUST-01918,31,Female,71,22.92,Month-to-month,5,Fiber optic,Credit card,1627.32,No,26-35,49-72 Months,0,4,Medium
CUST-01919,73,Male,15,131.34,One year,3,Fiber optic,Bank transfer,1970.1,No,66+,13-24 Months,0,1,Low
CUST-01920,47,Male,46,110.27,Month-to-month,3,DSL,Electronic check,5072.42,Yes,46-55,25-48 Months,1,3,Medium
CUST-01921,67,Male,64,119.85,Two year,6,Fiber optic,Credit card,7670.4,No,66+,49-72 Months,0,3,Medium
CUST-01922,21,Female,46,128.68,Two year,3,DSL,Bank transfer,5919.28,No,18-25,25-48 Months,0,1,Low
CUST-01923,35,Female,56,35.95,One year,1,Fiber optic,Bank transfer,2013.2,No,26-35,49-72 Months,0,0,Low
CUST-01924,54,Female,44,126.92,Two year,2,No,Electronic check,5584.48,No,46-55,25-48 Months,0,1,Low
CUST-01925,42,Male,29,85.6,Month-to-month,1,Fiber optic,Bank transfer,2482.4,No,36-45,25-48 Months,0,2,Low
CUST-01926,65,Female,62,135.12,Month-to-month,2,DSL,Credit card,8377.44,Yes,56-65,49-72 Months,1,3,Medium
CUST-01927,18,Male,52,135.26,One year,3,No,Credit card,7033.52,No,18-25,49-72 Months,0,1,Low
CUST-01928,70,Female,54,23.14,One year,0,DSL,Bank transfer,1249.56,No,66+,49-72 Months,0,0,Low
CUST-01929,63,Male,57,69.77,Two year,4,No,Credit card,3976.89,No,56-65,49-72 Months,0,0,Low
CUST-01930,32,Male,66,88.43,Month-to-month,5,Fiber optic,Credit card,5836.38,No,26-35,49-72 Months,0,4,Medium
CUST-01931,26,Male,22,108.19,Month-to-month,3,Fiber optic,Mailed check,2380.18,No,26-35,13-24 Months,0,3,Medium
CUST-01932,32,Female,20,57.2,Month-to-month,3,Fiber optic,Bank transfer,1144.0,Yes,26-35,13-24 Months,1,2,Low
CUST-01933,66,Male,33,52.78,Two year,2,DSL,Electronic check,1741.74,No,66+,25-48 Months,0,0,Low
CUST-01934,74,Female,72,69.56,Two year,7,Fiber optic,Electronic check,5008.32,Yes,66+,49-72 Months,1,2,Low
CUST-01935,41,Female,25,85.12,One year,4,DSL,Credit card,2128.0,Yes,36-45,25-48 Months,1,0,Low
CUST-01936,21,Female,46,143.65,Month-to-month,2,Fiber optic,Bank transfer,6607.9,Yes,18-25,25-48 Months,1,3,Medium
CUST-01937,29,Female,57,119.07,One year,1,Fiber optic,Credit card,6786.99,No,26-35,49-72 Months,0,1,Low
CUST-01938,75,Female,5,75.81,One year,2,Fiber optic,Credit card,379.05,Yes,66+,0-6 Months,1,2,Low
CUST-01939,54,Male,55,27.07,Month-to-month,3,No,Bank transfer,1488.85,Yes,46-55,49-72 Months,1,2,Low
CUST-01940,54,Female,61,41.91,One year,4,Fiber optic,Electronic check,2556.51,Yes,46-55,49-72 Months,1,0,Low
CUST-01941,60,Female,8,79.27,Month-to-month,5,Fiber optic,Mailed check,634.16,No,56-65,7-12 Months,0,6,High
CUST-01942,23,Female,16,125.8,Month-to-month,4,No,Mailed check,2012.8,No,18-25,13-24 Months,0,3,Medium
CUST-01943,56,Female,48,69.49,Month-to-month,2,DSL,Credit card,3335.52,No,56-65,25-48 Months,0,2,Low
CUST-01944,73,Female,61,90.0,One year,1,Fiber optic,Mailed check,5490.0,No,66+,49-72 Months,0,0,Low
CUST-01945,63,Male,15,135.93,Two year,3,DSL,Electronic check,2038.95,No,56-65,13-24 Months,0,1,Low
CUST-01946,41,Male,65,138.79,One year,3,Fiber optic,Credit card,9021.35,No,36-45,49-72 Months,0,1,Low
CUST-01947,28,Female,22,48.05,One year,1,No,Bank transfer,1057.1,No,26-35,13-24 Months,0,0,Low
CUST-01948,30,Male,3,25.67,Month-to-month,1,No,Mailed check,77.01,Yes,26-35,0-6 Months,1,4,Medium
CUST-01949,51,Male,54,59.7,One year,3,Fiber optic,Bank transfer,3223.8,No,46-55,49-72 Months,0,0,Low
CUST-01950,42,Female,14,110.45,Month-to-month,5,DSL,Electronic check,1546.3,Yes,36-45,13-24 Months,1,5,High
CUST-01951,24,Male,36,143.64,One year,2,No,Credit card,5171.04,No,18-25,25-48 Months,0,1,Low
CUST-01952,69,Female,67,30.01,Month-to-month,2,No,Bank transfer,2010.67,No,66+,49-72 Months,0,2,Low
CUST-01953,21,Male,10,23.7,One year,1,Fiber optic,Credit card,237.0,No,18-25,7-12 Months,0,2,Low
CUST-01954,25,Male,49,134.94,One year,1,DSL,Mailed check,6612.06,No,18-25,49-72 Months,0,1,Low
CUST-01955,37,Male,65,117.26,One year,2,Fiber optic,Credit card,7621.9,No,36-45,49-72 Months,0,1,Low
CUST-01956,46,Female,57,148.99,One year,4,DSL,Electronic check,8492.43,No,46-55,49-72 Months,0,1,Low
CUST-01957,71,Male,27,71.58,Month-to-month,6,No,Credit card,1932.66,No,66+,25-48 Months,0,4,Medium
CUST-01958,70,Male,5,74.09,Two year,3,Fiber optic,Credit card,370.45,No,66+,0-6 Months,0,2,Low
CUST-01959,68,Female,71,42.4,Month-to-month,1,Fiber optic,Mailed check,3010.4,No,66+,49-72 Months,0,2,Low
CUST-01960,62,Female,57,35.06,Two year,4,DSL,Electronic check,1998.42,No,56-65,49-72 Months,0,0,Low
CUST-01961,63,Male,15,95.23,One year,4,Fiber optic,Bank transfer,1428.45,Yes,56-65,13-24 Months,1,0,Low
CUST-01962,27,Female,30,67.36,Month-to-month,3,Fiber optic,Credit card,2020.8,Yes,26-35,25-48 Months,1,2,Low
CUST-01963,60,Male,20,30.44,Two year,0,Fiber optic,Credit card,608.8,No,56-65,13-24 Months,0,0,Low
CUST-01964,51,Male,37,135.31,One year,4,Fiber optic,Bank transfer,5006.47,No,46-55,25-48 Months,0,1,Low
CUST-01965,74,Female,3,45.79,Two year,0,Fiber optic,Electronic check,137.37,No,66+,0-6 Months,0,2,Low
CUST-01966,43,Female,41,117.32,One year,2,DSL,Bank transfer,4810.12,No,36-45,25-48 Months,0,1,Low
CUST-01967,58,Female,39,56.69,Month-to-month,3,Fiber optic,Credit card,2210.91,No,56-65,25-48 Months,0,2,Low
CUST-01968,66,Male,26,125.68,Month-to-month,4,Fiber optic,Credit card,3267.68,No,66+,25-48 Months,0,3,Medium
CUST-01969,75,Female,2,35.39,Month-to-month,1,Fiber optic,Electronic check,70.78,Yes,66+,0-6 Months,1,4,Medium
CUST-01970,20,Male,23,118.29,Two year,3,Fiber optic,Mailed check,2720.67,No,18-25,13-24 Months,0,1,Low
CUST-01971,73,Female,23,32.76,One year,1,DSL,Electronic check,753.48,No,66+,13-24 Months,0,0,Low
CUST-01972,23,Male,16,78.1,Month-to-month,3,Fiber optic,Bank transfer,1249.6,No,18-25,13-24 Months,0,2,Low
CUST-01973,22,Female,9,115.42,One year,3,Fiber optic,Electronic check,1038.78,No,18-25,7-12 Months,0,3,Medium
CUST-01974,22,Male,13,42.52,One year,6,No,Bank transfer,552.76,Yes,18-25,13-24 Months,1,2,Low
CUST-01975,71,Female,28,57.14,Month-to-month,6,Fiber optic,Mailed check,1599.92,No,66+,25-48 Months,0,4,Medium
CUST-01976,64,Male,27,132.42,Month-to-month,3,Fiber optic,Mailed check,3575.34,No,56-65,25-48 Months,0,3,Medium
CUST-01977,40,Female,51,135.07,Month-to-month,3,Fiber optic,Bank transfer,6888.57,No,36-45,49-72 Months,0,3,Medium
CUST-01978,66,Female,64,25.84,Month-to-month,2,Fiber optic,Credit card,1653.76,No,66+,49-72 Months,0,2,Low
CUST-01979,26,Male,52,41.85,Month-to-month,3,Fiber optic,Bank transfer,2176.2,Yes,26-35,49-72 Months,1,2,Low
CUST-01980,52,Female,38,35.27,Month-to-month,1,DSL,Bank transfer,1340.26,Yes,46-55,25-48 Months,1,2,Low
CUST-01981,37,Male,65,43.36,Two year,1,Fiber optic,Electronic check,2818.4,No,36-45,49-72 Months,0,0,Low
CUST-01982,75,Male,18,146.12,Month-to-month,3,DSL,Mailed check,2630.16,Yes,66+,13-24 Months,1,3,Medium
CUST-01983,66,Female,63,91.72,Month-to-month,3,Fiber optic,Electronic check,5778.36,No,66+,49-72 Months,0,2,Low
CUST-01984,59,Male,51,80.85,Month-to-month,4,Fiber optic,Credit card,4123.35,No,56-65,49-72 Months,0,2,Low
CUST-01985,52,Female,9,147.98,Month-to-month,3,Fiber optic,Credit card,1331.82,Yes,46-55,7-12 Months,1,5,High
CUST-01986,67,Female,13,92.4,Month-to-month,3,Fiber optic,Credit card,1201.2,Yes,66+,13-24 Months,1,2,Low
CUST-01987,35,Male,40,105.95,Month-to-month,4,DSL,Bank transfer,4238.0,Yes,26-35,25-48 Months,1,3,Medium
CUST-01988,34,Female,55,63.26,One year,3,Fiber optic,Electronic check,3479.3,No,26-35,49-72 Months,0,0,Low
CUST-01989,41,Male,43,69.67,One year,2,Fiber optic,Bank transfer,2995.81,Yes,36-45,25-48 Months,1,0,Low
CUST-01990,20,Male,44,97.27,Month-to-month,4,Fiber optic,Credit card,4279.88,No,18-25,25-48 Months,0,2,Low
CUST-01991,49,Female,68,29.07,One year,3,Fiber optic,Mailed check,1976.76,Yes,46-55,49-72 Months,1,0,Low
CUST-01992,52,Female,33,53.26,Month-to-month,3,No,Electronic check,1757.58,No,46-55,25-48 Months,0,2,Low
CUST-01993,55,Male,24,45.59,Month-to-month,4,DSL,Bank transfer,1094.16,No,46-55,13-24 Months,0,2,Low
CUST-01994,30,Male,36,22.07,One year,2,DSL,Electronic check,794.52,No,26-35,25-48 Months,0,0,Low
CUST-01995,73,Female,10,89.8,Two year,2,Fiber optic,Bank transfer,898.0,No,66+,7-12 Months,0,2,Low
CUST-01996,64,Female,20,92.94,One year,3,Fiber optic,Mailed check,1858.8,No,56-65,13-24 Months,0,0,Low
CUST-01997,42,Female,12,69.91,Month-to-month,2,Fiber optic,Mailed check,838.92,Yes,36-45,7-12 Months,1,4,Medium
CUST-01998,26,Female,62,54.93,Two year,4,Fiber optic,Credit card,3405.66,Yes,26-35,49-72 Months,1,0,Low
CUST-01999,21,Male,18,104.77,Month-to-month,4,No,Mailed check,1885.86,Yes,18-25,13-24 Months,1,3,Medium
CUST-02000,31,Female,63,37.51,Month-to-month,2,DSL,Bank transfer,2363.13,Yes,26-35,49-72 Months,1,2,Low
CUST-02001,54,Male,25,87.42,Month-to-month,3,DSL,Bank transfer,2185.5,No,46-55,25-48 Months,0,2,Low
CUST-02002,51,Male,12,119.85,One year,2,Fiber optic,Credit card,1438.2,No,46-55,7-12 Months,0,3,Medium
CUST-02003,28,Female,21,41.36,Two year,1,DSL,Credit card,868.56,No,26-35,13-24 Months,0,0,Low
CUST-02004,58,Male,25,117.92,Month-to-month,2,Fiber optic,Mailed check,2948.0,No,56-65,25-48 Months,0,3,Medium
CUST-02005,73,Female,11,118.9,Month-to-month,1,Fiber optic,Mailed check,1307.9,Yes,66+,7-12 Months,1,5,High
CUST-02006,20,Male,64,27.79,One year,1,DSL,Bank transfer,1778.56,No,18-25,49-72 Months,0,0,Low
CUST-02007,45,Female,50,22.44,Two year,5,DSL,Bank transfer,1122.0,No,36-45,49-72 Months,0,2,Low
CUST-02008,46,Male,62,146.61,Month-to-month,5,Fiber optic,Bank transfer,9089.82,Yes,46-55,49-72 Months,1,5,High
CUST-02009,26,Male,49,45.14,Two year,6,DSL,Credit card,2211.86,No,26-35,49-72 Months,0,2,Low
CUST-02010,20,Female,14,126.88,Month-to-month,1,Fiber optic,Credit card,1776.32,Yes,18-25,13-24 Months,1,3,Medium
CUST-02011,42,Female,1,93.04,One year,1,DSL,Credit card,93.04,No,36-45,0-6 Months,0,2,Low
CUST-02012,51,Male,25,54.38,Month-to-month,5,DSL,Electronic check,1359.5,No,46-55,25-48 Months,0,4,Medium
CUST-02013,29,Male,59,36.9,Month-to-month,1,Fiber optic,Electronic check,2177.1,No,26-35,49-72 Months,0,2,Low
CUST-02014,59,Female,72,84.57,One year,4,No,Credit card,6089.04,No,56-65,49-72 Months,0,0,Low
CUST-02015,26,Male,69,72.96,Two year,0,No,Mailed check,5034.24,No,26-35,49-72 Months,0,0,Low
CUST-02016,32,Female,5,110.86,Month-to-month,4,No,Electronic check,554.3,Yes,26-35,0-6 Months,1,5,High
CUST-02017,57,Male,19,137.54,Month-to-month,3,Fiber optic,Mailed check,2613.26,No,56-65,13-24 Months,0,3,Medium
CUST-02018,42,Female,23,124.68,Month-to-month,1,DSL,Electronic check,2867.64,Yes,36-45,13-24 Months,1,3,Medium
CUST-02019,22,Male,9,55.68,Month-to-month,2,Fiber optic,Bank transfer,501.12,No,18-25,7-12 Months,0,4,Medium
CUST-02020,28,Female,50,134.26,One year,1,Fiber optic,Bank transfer,6713.0,Yes,26-35,49-72 Months,1,1,Low
CUST-02021,51,Female,16,128.34,Month-to-month,1,Fiber optic,Bank transfer,2053.44,No,46-55,13-24 Months,0,3,Medium
CUST-02022,41,Male,33,140.79,One year,4,DSL,Mailed check,4646.07,No,36-45,25-48 Months,0,1,Low
CUST-02023,32,Female,2,79.63,Month-to-month,5,Fiber optic,Electronic check,159.26,Yes,26-35,0-6 Months,1,6,High
CUST-02024,55,Male,14,119.91,Two year,3,Fiber optic,Electronic check,1678.74,No,46-55,13-24 Months,0,1,Low
CUST-02025,25,Female,1,96.92,Month-to-month,5,DSL,Mailed check,96.92,No,18-25,0-6 Months,0,6,High
CUST-02026,22,Female,58,60.37,Month-to-month,3,Fiber optic,Bank transfer,3501.46,No,18-25,49-72 Months,0,2,Low
CUST-02027,65,Female,16,149.28,Month-to-month,0,Fiber optic,Mailed check,2388.48,No,56-65,13-24 Months,0,3,Medium
CUST-02028,43,Male,47,24.98,Two year,1,DSL,Bank transfer,1174.06,No,36-45,25-48 Months,0,0,Low
CUST-02029,35,Female,44,41.1,Month-to-month,5,No,Credit card,1808.4,No,26-35,25-48 Months,0,4,Medium
CUST-02030,23,Male,14,136.03,Month-to-month,3,Fiber optic,Electronic check,1904.42,Yes,18-25,13-24 Months,1,3,Medium
CUST-02031,54,Female,24,27.87,Two year,4,No,Mailed check,668.88,No,46-55,13-24 Months,0,0,Low
CUST-02032,65,Male,55,135.29,Two year,3,Fiber optic,Mailed check,7440.95,No,56-65,49-72 Months,0,1,Low
CUST-02033,30,Male,15,112.98,Two year,2,Fiber optic,Bank transfer,1694.7,No,26-35,13-24 Months,0,1,Low
CUST-02034,45,Male,72,24.77,Month-to-month,2,No,Mailed check,1783.44,Yes,36-45,49-72 Months,1,2,Low
CUST-02035,22,Female,34,75.81,Month-to-month,3,Fiber optic,Bank transfer,2577.54,Yes,18-25,25-48 Months,1,2,Low
CUST-02036,30,Male,2,118.08,One year,3,DSL,Bank transfer,236.16,No,26-35,0-6 Months,0,3,Medium
CUST-02037,34,Female,27,95.8,Month-to-month,4,DSL,Electronic check,2586.6,No,26-35,25-48 Months,0,2,Low
CUST-02038,67,Male,72,141.66,Month-to-month,4,Fiber optic,Bank transfer,10199.52,No,66+,49-72 Months,0,3,Medium
CUST-02039,57,Male,23,132.79,Month-to-month,3,Fiber optic,Bank transfer,3054.17,Yes,56-65,13-24 Months,1,3,Medium
CUST-02040,62,Male,68,63.24,Two year,0,Fiber optic,Mailed check,4300.32,Yes,56-65,49-72 Months,1,0,Low
CUST-02041,49,Male,14,31.0,Month-to-month,1,Fiber optic,Mailed check,434.0,No,46-55,13-24 Months,0,2,Low
CUST-02042,46,Female,63,142.75,One year,3,Fiber optic,Bank transfer,8993.25,No,46-55,49-72 Months,0,1,Low
CUST-02043,68,Male,65,87.25,Month-to-month,3,Fiber optic,Bank transfer,5671.25,No,66+,49-72 Months,0,2,Low
CUST-02044,75,Male,68,29.67,One year,2,Fiber optic,Bank transfer,2017.56,No,66+,49-72 Months,0,0,Low
CUST-02045,20,Female,63,126.15,One year,5,Fiber optic,Credit card,7947.45,No,18-25,49-72 Months,0,3,Medium
CUST-02046,73,Male,64,132.91,Month-to-month,4,Fiber optic,Bank transfer,8506.24,No,66+,49-72 Months,0,3,Medium
CUST-02047,57,Male,32,103.13,Month-to-month,5,Fiber optic,Credit card,3300.16,No,56-65,25-48 Months,0,5,High
CUST-02048,51,Male,13,78.18,One year,0,Fiber optic,Mailed check,1016.34,No,46-55,13-24 Months,0,0,Low
CUST-02049,57,Male,66,106.08,Month-to-month,3,No,Electronic check,7001.28,No,56-65,49-72 Months,0,3,Medium
CUST-02050,44,Female,19,111.87,One year,4,Fiber optic,Electronic check,2125.53,No,36-45,13-24 Months,0,1,Low
CUST-02051,30,Female,24,136.09,One year,3,Fiber optic,Electronic check,3266.16,No,26-35,13-24 Months,0,1,Low
CUST-02052,62,Male,11,144.26,One year,3,Fiber optic,Electronic check,1586.86,No,56-65,7-12 Months,0,3,Medium
CUST-02053,50,Female,59,86.86,Month-to-month,1,Fiber optic,Mailed check,5124.74,Yes,46-55,49-72 Months,1,2,Low
CUST-02054,23,Female,15,123.8,Month-to-month,2,No,Electronic check,1857.0,No,18-25,13-24 Months,0,3,Medium
CUST-02055,41,Male,10,145.39,One year,4,Fiber optic,Mailed check,1453.9,Yes,36-45,7-12 Months,1,3,Medium
CUST-02056,36,Female,41,39.66,Month-to-month,7,No,Mailed check,1626.06,Yes,36-45,25-48 Months,1,4,Medium
CUST-02057,33,Male,27,22.37,Two year,5,No,Bank transfer,603.99,No,26-35,25-48 Months,0,2,Low
CUST-02058,57,Female,60,132.97,Two year,1,DSL,Bank transfer,7978.2,No,56-65,49-72 Months,0,1,Low
CUST-02059,45,Female,52,45.39,Month-to-month,2,No,Electronic check,2360.28,No,36-45,49-72 Months,0,2,Low
CUST-02060,50,Female,28,25.52,Month-to-month,1,DSL,Bank transfer,714.56,No,46-55,25-48 Months,0,2,Low
CUST-02061,65,Male,65,40.81,Month-to-month,1,DSL,Credit card,2652.65,Yes,56-65,49-72 Months,1,2,Low
CUST-02062,58,Female,17,69.93,Two year,6,Fiber optic,Credit card,1188.81,No,56-65,13-24 Months,0,2,Low
CUST-02063,30,Male,44,48.5,Month-to-month,1,Fiber optic,Mailed check,2134.0,No,26-35,25-48 Months,0,2,Low
CUST-02064,60,Male,10,59.68,Month-to-month,2,No,Bank transfer,596.8,No,56-65,7-12 Months,0,4,Medium
CUST-02065,62,Female,63,146.79,One year,5,Fiber optic,Electronic check,9247.77,Yes,56-65,49-72 Months,1,3,Medium
CUST-02066,42,Male,47,111.57,Month-to-month,2,Fiber optic,Electronic check,5243.79,No,36-45,25-48 Months,0,3,Medium
CUST-02067,70,Female,38,112.58,Month-to-month,2,DSL,Credit card,4278.04,Yes,66+,25-48 Months,1,3,Medium
CUST-02068,59,Male,70,32.31,Month-to-month,6,Fiber optic,Bank transfer,2261.7,Yes,56-65,49-72 Months,1,4,Medium
CUST-02069,53,Male,53,115.17,One year,4,DSL,Credit card,6104.01,No,46-55,49-72 Months,0,1,Low
CUST-02070,44,Female,44,116.11,Month-to-month,1,DSL,Bank transfer,5108.84,No,36-45,25-48 Months,0,3,Medium
CUST-02071,55,Female,54,105.77,Month-to-month,0,Fiber optic,Electronic check,5711.58,No,46-55,49-72 Months,0,3,Medium
CUST-02072,24,Female,20,49.7,Two year,1,No,Credit card,994.0,No,18-25,13-24 Months,0,0,Low
CUST-02073,22,Female,31,74.99,Month-to-month,1,Fiber optic,Bank transfer,2324.69,No,18-25,25-48 Months,0,2,Low
CUST-02074,60,Male,7,130.02,One year,3,DSL,Electronic check,910.14,No,56-65,7-12 Months,0,3,Medium
CUST-02075,62,Male,58,107.13,Month-to-month,4,DSL,Bank transfer,6213.54,No,56-65,49-72 Months,0,3,Medium
CUST-02076,75,Male,10,115.26,Month-to-month,0,DSL,Electronic check,1152.6,Yes,66+,7-12 Months,1,5,High
CUST-02077,74,Female,10,96.36,Month-to-month,3,DSL,Mailed check,963.6,Yes,66+,7-12 Months,1,4,Medium
CUST-02078,68,Male,39,78.45,One year,3,Fiber optic,Mailed check,3059.55,Yes,66+,25-48 Months,1,0,Low
CUST-02079,48,Female,28,118.68,Month-to-month,5,Fiber optic,Bank transfer,3323.04,Yes,46-55,25-48 Months,1,5,High
CUST-02080,40,Male,30,28.83,Month-to-month,4,DSL,Credit card,864.9,No,36-45,25-48 Months,0,2,Low
CUST-02081,59,Female,37,107.51,Month-to-month,2,DSL,Bank transfer,3977.87,Yes,56-65,25-48 Months,1,3,Medium
CUST-02082,27,Male,67,149.64,Month-to-month,6,No,Mailed check,10025.88,No,26-35,49-72 Months,0,5,High
CUST-02083,49,Male,43,121.42,Month-to-month,2,Fiber optic,Credit card,5221.06,No,46-55,25-48 Months,0,3,Medium
CUST-02084,60,Female,52,57.77,One year,3,DSL,Mailed check,3004.04,No,56-65,49-72 Months,0,0,Low
CUST-02085,70,Male,56,56.12,Month-to-month,3,Fiber optic,Mailed check,3142.72,No,66+,49-72 Months,0,2,Low
CUST-02086,47,Female,68,106.74,One year,1,Fiber optic,Credit card,7258.32,No,46-55,49-72 Months,0,1,Low
CUST-02087,56,Male,9,136.46,Month-to-month,2,Fiber optic,Credit card,1228.14,No,56-65,7-12 Months,0,5,High
CUST-02088,48,Male,23,95.13,Month-to-month,1,No,Mailed check,2187.99,Yes,46-55,13-24 Months,1,2,Low
CUST-02089,35,Female,63,88.56,Two year,5,Fiber optic,Electronic check,5579.28,No,26-35,49-72 Months,0,2,Low
CUST-02090,53,Female,61,40.85,Month-to-month,0,Fiber optic,Credit card,2491.85,No,46-55,49-72 Months,0,2,Low
CUST-02091,19,Male,40,113.01,Month-to-month,1,Fiber optic,Mailed check,4520.4,No,18-25,25-48 Months,0,3,Medium
CUST-02092,31,Male,44,111.3,One year,1,Fiber optic,Credit card,4897.2,Yes,26-35,25-48 Months,1,1,Low
CUST-02093,30,Male,24,145.7,Two year,1,No,Credit card,3496.8,No,26-35,13-24 Months,0,1,Low
CUST-02094,46,Male,51,59.02,Month-to-month,2,Fiber optic,Mailed check,3010.02,No,46-55,49-72 Months,0,2,Low
CUST-02095,29,Male,58,118.34,Two year,3,Fiber optic,Electronic check,6863.72,No,26-35,49-72 Months,0,1,Low
CUST-02096,56,Male,33,76.43,One year,5,No,Bank transfer,2522.19,No,56-65,25-48 Months,0,2,Low
CUST-02097,19,Female,16,92.6,Month-to-month,0,Fiber optic,Mailed check,1481.6,No,18-25,13-24 Months,0,2,Low
CUST-02098,49,Female,22,126.14,One year,3,DSL,Electronic check,2775.08,No,46-55,13-24 Months,0,1,Low
CUST-02099,30,Female,57,48.86,Month-to-month,2,Fiber optic,Mailed check,2785.02,No,26-35,49-72 Months,0,2,Low
CUST-02100,63,Male,62,64.57,Month-to-month,3,Fiber optic,Electronic check,4003.34,No,56-65,49-72 Months,0,2,Low
CUST-02101,44,Male,71,120.53,Month-to-month,1,Fiber optic,Bank transfer,8557.63,No,36-45,49-72 Months,0,3,Medium
CUST-02102,66,Male,72,94.16,One year,3,DSL,Bank transfer,6779.52,No,66+,49-72 Months,0,0,Low
CUST-02103,58,Female,70,32.01,Month-to-month,2,No,Credit card,2240.7,No,56-65,49-72 Months,0,2,Low
CUST-02104,34,Female,30,75.92,Month-to-month,1,Fiber optic,Credit card,2277.6,No,26-35,25-48 Months,0,2,Low
CUST-02105,57,Male,23,96.26,One year,4,Fiber optic,Bank transfer,2213.98,No,56-65,13-24 Months,0,0,Low
CUST-02106,48,Male,32,138.24,One year,2,No,Mailed check,4423.68,No,46-55,25-48 Months,0,1,Low
CUST-02107,51,Female,57,44.5,Two year,2,Fiber optic,Bank transfer,2536.5,No,46-55,49-72 Months,0,0,Low
CUST-02108,41,Female,9,124.77,Month-to-month,1,Fiber optic,Electronic check,1122.93,No,36-45,7-12 Months,0,5,High
CUST-02109,62,Female,31,36.98,Month-to-month,2,Fiber optic,Electronic check,1146.38,Yes,56-65,25-48 Months,1,2,Low
CUST-02110,52,Male,71,51.49,Month-to-month,3,No,Electronic check,3655.79,No,46-55,49-72 Months,0,2,Low
CUST-02111,65,Male,9,51.63,One year,2,Fiber optic,Bank transfer,464.67,No,56-65,7-12 Months,0,2,Low
CUST-02112,23,Male,13,134.07,Month-to-month,2,No,Credit card,1742.91,No,18-25,13-24 Months,0,3,Medium
CUST-02113,36,Female,58,45.87,Two year,6,Fiber optic,Electronic check,2660.46,No,36-45,49-72 Months,0,2,Low
CUST-02114,47,Female,3,122.3,Month-to-month,4,Fiber optic,Electronic check,366.9,Yes,46-55,0-6 Months,1,5,High
CUST-02115,24,Male,35,80.03,Two year,2,Fiber optic,Bank transfer,2801.05,No,18-25,25-48 Months,0,0,Low
CUST-02116,27,Male,21,149.88,One year,2,Fiber optic,Electronic check,3147.48,No,26-35,13-24 Months,0,1,Low
CUST-02117,58,Female,64,129.08,Two year,4,Fiber optic,Bank transfer,8261.12,No,56-65,49-72 Months,0,1,Low
CUST-02118,49,Male,52,116.16,Month-to-month,4,No,Credit card,6040.32,Yes,46-55,49-72 Months,1,3,Medium
CUST-02119,51,Female,34,133.19,One year,3,Fiber optic,Electronic check,4528.46,Yes,46-55,25-48 Months,1,1,Low
CUST-02120,45,Female,35,102.42,Month-to-month,6,Fiber optic,Electronic check,3584.7,No,36-45,25-48 Months,0,5,High
CUST-02121,32,Male,15,129.67,Month-to-month,3,Fiber optic,Electronic check,1945.05,No,26-35,13-24 Months,0,3,Medium
CUST-02122,47,Female,6,53.95,Month-to-month,2,DSL,Bank transfer,323.7,No,46-55,0-6 Months,0,4,Medium
CUST-02123,54,Male,32,32.7,One year,1,DSL,Bank transfer,1046.4,No,46-55,25-48 Months,0,0,Low
CUST-02124,46,Female,52,100.07,Month-to-month,1,DSL,Mailed check,5203.64,No,46-55,49-72 Months,0,3,Medium
CUST-02125,39,Female,28,76.51,Two year,1,DSL,Credit card,2142.28,No,36-45,25-48 Months,0,0,Low
CUST-02126,21,Male,64,75.44,Month-to-month,6,Fiber optic,Mailed check,4828.16,Yes,18-25,49-72 Months,1,4,Medium
CUST-02127,37,Female,19,88.48,Month-to-month,4,Fiber optic,Mailed check,1681.12,No,36-45,13-24 Months,0,2,Low
CUST-02128,49,Male,15,66.98,Month-to-month,5,Fiber optic,Mailed check,1004.7,No,46-55,13-24 Months,0,4,Medium
CUST-02129,53,Male,6,101.39,One year,0,Fiber optic,Bank transfer,608.34,No,46-55,0-6 Months,0,3,Medium
CUST-02130,67,Female,38,23.97,Month-to-month,0,Fiber optic,Electronic check,910.86,Yes,66+,25-48 Months,1,2,Low
CUST-02131,21,Male,26,146.09,Two year,1,DSL,Electronic check,3798.34,No,18-25,25-48 Months,0,1,Low
CUST-02132,44,Male,51,140.21,Month-to-month,0,DSL,Bank transfer,7150.71,Yes,36-45,49-72 Months,1,3,Medium
CUST-02133,34,Male,53,141.59,Two year,1,Fiber optic,Mailed check,7504.27,No,26-35,49-72 Months,0,1,Low
CUST-02134,29,Male,56,67.45,Month-to-month,1,DSL,Credit card,3777.2,Yes,26-35,49-72 Months,1,2,Low
CUST-02135,39,Male,59,89.15,Month-to-month,2,Fiber optic,Bank transfer,5259.85,Yes,36-45,49-72 Months,1,2,Low
CUST-02136,34,Male,70,144.04,One year,5,DSL,Mailed check,10082.8,No,26-35,49-72 Months,0,3,Medium
CUST-02137,27,Female,58,137.3,Two year,2,Fiber optic,Bank transfer,7963.4,Yes,26-35,49-72 Months,1,1,Low
CUST-02138,71,Male,13,122.73,Month-to-month,3,Fiber optic,Electronic check,1595.49,Yes,66+,13-24 Months,1,3,Medium
CUST-02139,18,Female,43,72.95,Two year,3,Fiber optic,Electronic check,3136.85,Yes,18-25,25-48 Months,1,0,Low
CUST-02140,39,Female,51,93.36,Month-to-month,2,DSL,Electronic check,4761.36,No,36-45,49-72 Months,0,2,Low
CUST-02141,43,Male,19,123.08,One year,2,DSL,Mailed check,2338.52,Yes,36-45,13-24 Months,1,1,Low
CUST-02142,73,Female,21,55.49,Month-to-month,4,Fiber optic,Bank transfer,1165.29,Yes,66+,13-24 Months,1,2,Low
CUST-02143,35,Female,24,101.44,Month-to-month,2,No,Mailed check,2434.56,No,26-35,13-24 Months,0,3,Medium
CUST-02144,67,Male,26,127.63,Month-to-month,5,DSL,Bank transfer,3318.38,No,66+,25-48 Months,0,5,High
CUST-02145,31,Male,45,111.97,Two year,1,DSL,Credit card,5038.65,Yes,26-35,25-48 Months,1,1,Low
CUST-02146,64,Male,28,82.33,Two year,4,DSL,Electronic check,2305.24,No,56-65,25-48 Months,0,0,Low
CUST-02147,46,Female,29,96.0,Month-to-month,2,Fiber optic,Credit card,2784.0,Yes,46-55,25-48 Months,1,2,Low
CUST-02148,29,Female,17,148.53,Two year,3,No,Electronic check,2525.01,No,26-35,13-24 Months,0,1,Low
CUST-02149,53,Male,68,98.26,Month-to-month,1,DSL,Credit card,6681.68,No,46-55,49-72 Months,0,2,Low
CUST-02150,52,Male,44,122.13,One year,2,Fiber optic,Mailed check,5373.72,Yes,46-55,25-48 Months,1,1,Low
CUST-02151,69,Female,61,114.46,Month-to-month,5,Fiber optic,Electronic check,6982.06,No,66+,49-72 Months,0,5,High
CUST-02152,29,Female,68,111.19,One year,4,Fiber optic,Mailed check,7560.92,No,26-35,49-72 Months,0,1,Low
CUST-02153,24,Female,25,113.13,Month-to-month,4,Fiber optic,Mailed check,2828.25,Yes,18-25,25-48 Months,1,3,Medium
CUST-02154,46,Female,67,79.07,Month-to-month,7,DSL,Bank transfer,5297.69,Yes,46-55,49-72 Months,1,4,Medium
CUST-02155,28,Male,2,81.64,One year,1,Fiber optic,Electronic check,163.28,Yes,26-35,0-6 Months,1,2,Low
CUST-02156,50,Female,49,80.82,Two year,1,Fiber optic,Credit card,3960.18,No,46-55,49-72 Months,0,0,Low
CUST-02157,23,Female,70,24.32,One year,5,No,Credit card,1702.4,No,18-25,49-72 Months,0,2,Low
CUST-02158,64,Female,26,51.34,Two year,1,Fiber optic,Electronic check,1334.84,Yes,56-65,25-48 Months,1,0,Low
CUST-02159,32,Female,72,40.09,Two year,1,DSL,Bank transfer,2886.48,No,26-35,49-72 Months,0,0,Low
CUST-02160,49,Male,27,135.24,Month-to-month,1,Fiber optic,Electronic check,3651.48,No,46-55,25-48 Months,0,3,Medium
CUST-02161,68,Male,18,55.75,Month-to-month,7,Fiber optic,Mailed check,1003.5,No,66+,13-24 Months,0,4,Medium
CUST-02162,28,Female,54,38.0,One year,2,Fiber optic,Bank transfer,2052.0,No,26-35,49-72 Months,0,0,Low
CUST-02163,75,Female,1,35.57,Two year,0,Fiber optic,Mailed check,35.57,No,66+,0-6 Months,0,2,Low
CUST-02164,40,Male,61,111.0,Two year,2,DSL,Electronic check,6771.0,Yes,36-45,49-72 Months,1,1,Low
CUST-02165,43,Male,3,20.79,One year,4,DSL,Bank transfer,62.37,No,36-45,0-6 Months,0,2,Low
CUST-02166,51,Female,68,81.27,One year,5,Fiber optic,Electronic check,5526.36,No,46-55,49-72 Months,0,2,Low
CUST-02167,63,Female,41,35.45,One year,3,DSL,Electronic check,1453.45,Yes,56-65,25-48 Months,1,0,Low
CUST-02168,51,Male,37,130.46,Month-to-month,3,Fiber optic,Bank transfer,4827.02,Yes,46-55,25-48 Months,1,3,Medium
CUST-02169,46,Male,51,144.6,Month-to-month,2,Fiber optic,Bank transfer,7374.6,Yes,46-55,49-72 Months,1,3,Medium
CUST-02170,21,Male,15,144.64,One year,4,DSL,Electronic check,2169.6,No,18-25,13-24 Months,0,1,Low
CUST-02171,34,Male,8,77.46,Two year,0,Fiber optic,Credit card,619.68,No,26-35,7-12 Months,0,2,Low
CUST-02172,52,Male,38,103.79,Two year,2,DSL,Bank transfer,3944.02,No,46-55,25-48 Months,0,1,Low
CUST-02173,30,Male,56,97.96,Month-to-month,5,Fiber optic,Credit card,5485.76,No,26-35,49-72 Months,0,4,Medium
CUST-02174,58,Female,47,65.51,One year,7,DSL,Credit card,3078.97,Yes,56-65,25-48 Months,1,2,Low
CUST-02175,56,Male,10,77.73,Two year,1,DSL,Credit card,777.3,No,56-65,7-12 Months,0,2,Low
CUST-02176,32,Male,49,28.36,One year,3,Fiber optic,Credit card,1389.64,No,26-35,49-72 Months,0,0,Low
CUST-02177,72,Male,41,123.44,Month-to-month,0,Fiber optic,Mailed check,5061.04,No,66+,25-48 Months,0,3,Medium
CUST-02178,46,Male,30,51.3,One year,5,DSL,Electronic check,1539.0,No,46-55,25-48 Months,0,2,Low
CUST-02179,46,Female,5,79.87,One year,2,DSL,Bank transfer,399.35,No,46-55,0-6 Months,0,2,Low
CUST-02180,28,Female,71,82.48,One year,5,No,Electronic check,5856.08,No,26-35,49-72 Months,0,2,Low
CUST-02181,69,Male,31,92.89,One year,1,Fiber optic,Electronic check,2879.59,No,66+,25-48 Months,0,0,Low
CUST-02182,49,Female,52,126.32,Two year,3,Fiber optic,Electronic check,6568.64,No,46-55,49-72 Months,0,1,Low
CUST-02183,19,Female,23,109.94,Month-to-month,0,DSL,Electronic check,2528.62,Yes,18-25,13-24 Months,1,3,Medium
CUST-02184,64,Female,48,106.2,Month-to-month,1,No,Electronic check,5097.6,No,56-65,25-48 Months,0,3,Medium
CUST-02185,31,Female,40,88.48,One year,2,DSL,Bank transfer,3539.2,Yes,26-35,25-48 Months,1,0,Low
CUST-02186,37,Female,6,32.47,Month-to-month,1,Fiber optic,Electronic check,194.82,Yes,36-45,0-6 Months,1,4,Medium
CUST-02187,39,Female,38,72.26,Two year,1,Fiber optic,Electronic check,2745.88,No,36-45,25-48 Months,0,0,Low
CUST-02188,28,Male,41,144.45,Month-to-month,2,Fiber optic,Electronic check,5922.45,No,26-35,25-48 Months,0,3,Medium
CUST-02189,44,Male,27,149.42,Month-to-month,3,Fiber optic,Mailed check,4034.34,No,36-45,25-48 Months,0,3,Medium
CUST-02190,20,Male,69,114.96,Two year,1,Fiber optic,Credit card,7932.24,No,18-25,49-72 Months,0,1,Low
CUST-02191,34,Male,57,49.58,Month-to-month,1,Fiber optic,Mailed check,2826.06,No,26-35,49-72 Months,0,2,Low
CUST-02192,61,Male,17,33.25,Two year,5,Fiber optic,Electronic check,565.25,No,56-65,13-24 Months,0,2,Low
CUST-02193,73,Female,71,73.92,One year,1,No,Mailed check,5248.32,No,66+,49-72 Months,0,0,Low
CUST-02194,45,Male,47,131.35,Month-to-month,4,Fiber optic,Bank transfer,6173.45,No,36-45,25-48 Months,0,3,Medium
CUST-02195,46,Male,13,113.84,Two year,2,DSL,Bank transfer,1479.92,No,46-55,13-24 Months,0,1,Low
CUST-02196,38,Female,11,134.91,Month-to-month,3,Fiber optic,Bank transfer,1484.01,Yes,36-45,7-12 Months,1,5,High
CUST-02197,64,Female,24,100.05,Month-to-month,6,Fiber optic,Credit card,2401.2,No,56-65,13-24 Months,0,5,High
CUST-02198,33,Male,4,36.94,Month-to-month,0,Fiber optic,Bank transfer,147.76,Yes,26-35,0-6 Months,1,4,Medium
CUST-02199,54,Female,46,34.92,Month-to-month,1,Fiber optic,Credit card,1606.32,No,46-55,25-48 Months,0,2,Low
CUST-02200,37,Female,18,26.24,Two year,2,DSL,Bank transfer,472.32,No,36-45,13-24 Months,0,0,Low
CUST-02201,23,Female,43,93.72,One year,4,DSL,Mailed check,4029.96,No,18-25,25-48 Months,0,0,Low
CUST-02202,36,Female,33,51.58,Month-to-month,0,DSL,Mailed check,1702.14,No,36-45,25-48 Months,0,2,Low
CUST-02203,74,Male,10,115.47,One year,3,Fiber optic,Mailed check,1154.7,No,66+,7-12 Months,0,3,Medium
CUST-02204,22,Female,59,109.21,One year,5,No,Mailed check,6443.39,No,18-25,49-72 Months,0,3,Medium
CUST-02205,20,Male,31,61.35,Two year,0,Fiber optic,Credit card,1901.85,No,18-25,25-48 Months,0,0,Low
CUST-02206,18,Male,28,42.98,Month-to-month,2,DSL,Bank transfer,1203.44,No,18-25,25-48 Months,0,2,Low
CUST-02207,75,Female,60,33.31,Two year,4,Fiber optic,Electronic check,1998.6,No,66+,49-72 Months,0,0,Low
CUST-02208,55,Female,3,115.85,Month-to-month,3,Fiber optic,Mailed check,347.55,No,46-55,0-6 Months,0,5,High
CUST-02209,32,Female,55,78.56,One year,3,Fiber optic,Bank transfer,4320.8,No,26-35,49-72 Months,0,0,Low
CUST-02210,51,Male,14,62.06,Two year,3,Fiber optic,Bank transfer,868.84,Yes,46-55,13-24 Months,1,0,Low
CUST-02211,52,Female,58,131.36,Month-to-month,0,Fiber optic,Bank transfer,7618.88,No,46-55,49-72 Months,0,3,Medium
CUST-02212,66,Female,15,97.17,Month-to-month,6,Fiber optic,Electronic check,1457.55,Yes,66+,13-24 Months,1,4,Medium
CUST-02213,42,Female,2,87.34,Month-to-month,2,DSL,Mailed check,174.68,No,36-45,0-6 Months,0,4,Medium
CUST-02214,41,Female,24,116.64,Month-to-month,5,Fiber optic,Credit card,2799.36,Yes,36-45,13-24 Months,1,5,High
CUST-02215,29,Female,64,126.03,Month-to-month,5,Fiber optic,Credit card,8065.92,No,26-35,49-72 Months,0,5,High
CUST-02216,35,Male,71,109.19,One year,2,Fiber optic,Electronic check,7752.49,Yes,26-35,49-72 Months,1,1,Low
CUST-02217,32,Female,24,77.2,Month-to-month,3,Fiber optic,Electronic check,1852.8,No,26-35,13-24 Months,0,2,Low
CUST-02218,61,Female,27,69.31,Month-to-month,3,Fiber optic,Credit card,1871.37,No,56-65,25-48 Months,0,2,Low
CUST-02219,33,Female,37,120.32,Month-to-month,2,DSL,Credit card,4451.84,No,26-35,25-48 Months,0,3,Medium
CUST-02220,44,Male,39,87.33,Month-to-month,6,Fiber optic,Mailed check,3405.87,No,36-45,25-48 Months,0,4,Medium
CUST-02221,25,Female,63,111.57,Month-to-month,3,Fiber optic,Credit card,7028.91,No,18-25,49-72 Months,0,3,Medium
CUST-02222,63,Male,26,135.75,One year,3,Fiber optic,Credit card,3529.5,No,56-65,25-48 Months,0,1,Low
CUST-02223,42,Male,65,139.07,Month-to-month,3,No,Credit card,9039.55,No,36-45,49-72 Months,0,3,Medium
CUST-02224,34,Female,4,56.1,Two year,2,Fiber optic,Electronic check,224.4,No,26-35,0-6 Months,0,2,Low
CUST-02225,46,Female,29,44.43,Month-to-month,3,Fiber optic,Credit card,1288.47,No,46-55,25-48 Months,0,2,Low
CUST-02226,70,Female,1,53.97,Two year,3,Fiber optic,Credit card,53.97,No,66+,0-6 Months,0,2,Low
CUST-02227,25,Male,50,117.68,Month-to-month,2,DSL,Mailed check,5884.0,No,18-25,49-72 Months,0,3,Medium
CUST-02228,32,Male,11,68.11,One year,1,Fiber optic,Bank transfer,749.21,No,26-35,7-12 Months,0,2,Low
CUST-02229,44,Male,59,42.54,One year,1,DSL,Electronic check,2509.86,Yes,36-45,49-72 Months,1,0,Low
CUST-02230,63,Male,62,32.79,Two year,2,Fiber optic,Electronic check,2032.98,No,56-65,49-72 Months,0,0,Low
CUST-02231,67,Male,36,62.55,One year,0,DSL,Mailed check,2251.8,No,66+,25-48 Months,0,0,Low
CUST-02232,69,Male,56,37.7,Two year,0,Fiber optic,Credit card,2111.2,No,66+,49-72 Months,0,0,Low
CUST-02233,24,Female,21,40.33,One year,5,No,Bank transfer,846.93,No,18-25,13-24 Months,0,2,Low
CUST-02234,20,Female,13,108.9,One year,3,DSL,Mailed check,1415.7,No,18-25,13-24 Months,0,1,Low
CUST-02235,46,Male,9,22.57,Two year,3,Fiber optic,Bank transfer,203.13,No,46-55,7-12 Months,0,2,Low
CUST-02236,61,Female,11,35.28,One year,1,No,Credit card,388.08,Yes,56-65,7-12 Months,1,2,Low
CUST-02237,70,Female,70,129.77,Month-to-month,2,Fiber optic,Bank transfer,9083.9,Yes,66+,49-72 Months,1,3,Medium
CUST-02238,41,Male,1,129.84,Month-to-month,3,Fiber optic,Mailed check,129.84,Yes,36-45,0-6 Months,1,5,High
CUST-02239,75,Male,70,62.8,Two year,3,DSL,Credit card,4396.0,No,66+,49-72 Months,0,0,Low
CUST-02240,20,Female,56,31.43,Month-to-month,2,DSL,Electronic check,1760.08,No,18-25,49-72 Months,0,2,Low
CUST-02241,37,Male,31,111.65,One year,2,Fiber optic,Bank transfer,3461.15,No,36-45,25-48 Months,0,1,Low
CUST-02242,63,Male,37,66.82,Month-to-month,3,No,Credit card,2472.34,Yes,56-65,25-48 Months,1,2,Low
CUST-02243,32,Female,47,25.91,Month-to-month,0,Fiber optic,Credit card,1217.77,No,26-35,25-48 Months,0,2,Low
CUST-02244,42,Male,47,40.52,One year,1,No,Mailed check,1904.44,No,36-45,25-48 Months,0,0,Low
CUST-02245,47,Female,69,37.84,One year,3,Fiber optic,Credit card,2610.96,No,46-55,49-72 Months,0,0,Low
CUST-02246,31,Female,58,96.59,Month-to-month,1,Fiber optic,Mailed check,5602.22,No,26-35,49-72 Months,0,2,Low
CUST-02247,24,Female,36,136.76,Month-to-month,1,Fiber optic,Electronic check,4923.36,No,18-25,25-48 Months,0,3,Medium
CUST-02248,34,Female,32,123.1,Month-to-month,2,Fiber optic,Bank transfer,3939.2,No,26-35,25-48 Months,0,3,Medium
CUST-02249,61,Female,64,91.05,One year,2,No,Electronic check,5827.2,No,56-65,49-72 Months,0,0,Low
CUST-02250,37,Male,71,74.88,Month-to-month,5,DSL,Mailed check,5316.48,Yes,36-45,49-72 Months,1,4,Medium
CUST-02251,53,Male,42,100.43,One year,6,DSL,Electronic check,4218.06,No,46-55,25-48 Months,0,3,Medium
CUST-02252,26,Male,48,77.7,One year,4,Fiber optic,Bank transfer,3729.6,No,26-35,25-48 Months,0,0,Low
CUST-02253,55,Male,30,51.99,Two year,4,DSL,Electronic check,1559.7,No,46-55,25-48 Months,0,0,Low
CUST-02254,65,Female,21,108.3,Month-to-month,2,DSL,Credit card,2274.3,Yes,56-65,13-24 Months,1,3,Medium
CUST-02255,74,Female,60,133.52,Month-to-month,2,Fiber optic,Bank transfer,8011.2,No,66+,49-72 Months,0,3,Medium
CUST-02256,39,Male,13,68.47,Month-to-month,3,DSL,Electronic check,890.11,No,36-45,13-24 Months,0,2,Low
CUST-02257,71,Female,1,129.4,Month-to-month,4,Fiber optic,Bank transfer,129.4,No,66+,0-6 Months,0,5,High
CUST-02258,70,Male,65,76.04,Month-to-month,4,Fiber optic,Electronic check,4942.6,Yes,66+,49-72 Months,1,2,Low
CUST-02259,70,Male,33,72.17,Two year,2,Fiber optic,Credit card,2381.61,Yes,66+,25-48 Months,1,0,Low
CUST-02260,19,Male,38,23.68,Month-to-month,2,DSL,Mailed check,899.84,Yes,18-25,25-48 Months,1,2,Low
CUST-02261,41,Female,25,110.39,Month-to-month,1,Fiber optic,Electronic check,2759.75,No,36-45,25-48 Months,0,3,Medium
CUST-02262,25,Female,26,124.98,Month-to-month,0,Fiber optic,Bank transfer,3249.48,No,18-25,25-48 Months,0,3,Medium
CUST-02263,28,Female,59,106.26,Two year,1,DSL,Electronic check,6269.34,No,26-35,49-72 Months,0,1,Low
CUST-02264,30,Female,33,39.68,Month-to-month,2,Fiber optic,Mailed check,1309.44,Yes,26-35,25-48 Months,1,2,Low
CUST-02265,34,Male,41,33.43,Month-to-month,6,Fiber optic,Credit card,1370.63,No,26-35,25-48 Months,0,4,Medium
CUST-02266,25,Female,30,94.47,Month-to-month,3,DSL,Credit card,2834.1,No,18-25,25-48 Months,0,2,Low
CUST-02267,38,Female,57,72.2,One year,3,DSL,Mailed check,4115.4,No,36-45,49-72 Months,0,0,Low
CUST-02268,35,Female,49,75.78,Two year,6,Fiber optic,Credit card,3713.22,No,26-35,49-72 Months,0,2,Low
CUST-02269,47,Male,48,145.81,Month-to-month,1,Fiber optic,Electronic check,6998.88,No,46-55,25-48 Months,0,3,Medium
CUST-02270,35,Male,72,114.11,Month-to-month,3,Fiber optic,Bank transfer,8215.92,Yes,26-35,49-72 Months,1,3,Medium
CUST-02271,63,Female,49,73.53,Month-to-month,1,Fiber optic,Electronic check,3602.97,No,56-65,49-72 Months,0,2,Low
CUST-02272,64,Female,47,22.48,One year,1,Fiber optic,Mailed check,1056.56,Yes,56-65,25-48 Months,1,0,Low
CUST-02273,48,Female,56,24.43,Month-to-month,6,Fiber optic,Electronic check,1368.08,Yes,46-55,49-72 Months,1,4,Medium
CUST-02274,55,Female,65,109.02,Two year,1,No,Electronic check,7086.3,No,46-55,49-72 Months,0,1,Low
CUST-02275,49,Male,12,128.91,Month-to-month,4,DSL,Mailed check,1546.92,No,46-55,7-12 Months,0,5,High
CUST-02276,28,Female,69,112.0,Month-to-month,1,DSL,Bank transfer,7728.0,No,26-35,49-72 Months,0,3,Medium
CUST-02277,62,Female,6,72.77,Month-to-month,3,DSL,Credit card,436.62,No,56-65,0-6 Months,0,4,Medium
CUST-02278,42,Female,65,24.05,Two year,5,DSL,Mailed check,1563.25,No,36-45,49-72 Months,0,2,Low
CUST-02279,50,Male,25,145.76,One year,1,Fiber optic,Credit card,3644.0,No,46-55,25-48 Months,0,1,Low
CUST-02280,55,Male,1,148.22,Two year,2,Fiber optic,Credit card,148.22,No,46-55,0-6 Months,0,3,Medium
CUST-02281,58,Female,32,91.42,Month-to-month,8,No,Mailed check,2925.44,Yes,56-65,25-48 Months,1,4,Medium
CUST-02282,25,Female,3,29.19,Month-to-month,2,Fiber optic,Bank transfer,87.57,Yes,18-25,0-6 Months,1,4,Medium
CUST-02283,28,Female,49,90.33,One year,3,Fiber optic,Mailed check,4426.17,No,26-35,49-72 Months,0,0,Low
CUST-02284,39,Female,19,136.0,Month-to-month,2,Fiber optic,Mailed check,2584.0,No,36-45,13-24 Months,0,3,Medium
CUST-02285,68,Female,60,108.4,One year,3,Fiber optic,Electronic check,6504.0,No,66+,49-72 Months,0,1,Low
CUST-02286,41,Male,29,113.6,Month-to-month,5,Fiber optic,Electronic check,3294.4,No,36-45,25-48 Months,0,5,High
CUST-02287,58,Male,50,31.05,Month-to-month,2,Fiber optic,Mailed check,1552.5,No,56-65,49-72 Months,0,2,Low
CUST-02288,34,Male,2,33.85,Month-to-month,3,Fiber optic,Electronic check,67.7,No,26-35,0-6 Months,0,4,Medium
CUST-02289,29,Female,56,36.56,One year,4,DSL,Bank transfer,2047.36,No,26-35,49-72 Months,0,0,Low
CUST-02290,74,Male,17,137.57,Month-to-month,2,Fiber optic,Electronic check,2338.69,Yes,66+,13-24 Months,1,3,Medium
CUST-02291,63,Male,60,88.36,Two year,2,Fiber optic,Bank transfer,5301.6,No,56-65,49-72 Months,0,0,Low
CUST-02292,49,Male,36,122.9,Month-to-month,1,DSL,Credit card,4424.4,Yes,46-55,25-48 Months,1,3,Medium
CUST-02293,32,Female,61,34.99,Two year,1,Fiber optic,Credit card,2134.39,No,26-35,49-72 Months,0,0,Low
CUST-02294,33,Female,17,140.59,Month-to-month,3,DSL,Bank transfer,2390.03,Yes,26-35,13-24 Months,1,3,Medium
CUST-02295,71,Male,49,126.75,Month-to-month,5,Fiber optic,Credit card,6210.75,Yes,66+,49-72 Months,1,5,High
CUST-02296,39,Female,60,49.22,Two year,1,DSL,Bank transfer,2953.2,No,36-45,49-72 Months,0,0,Low
CUST-02297,45,Male,20,133.64,Month-to-month,1,DSL,Mailed check,2672.8,Yes,36-45,13-24 Months,1,3,Medium
CUST-02298,37,Male,50,54.25,One year,3,DSL,Electronic check,2712.5,Yes,36-45,49-72 Months,1,0,Low
CUST-02299,50,Male,3,46.69,One year,6,No,Credit card,140.07,Yes,46-55,0-6 Months,1,4,Medium
CUST-02300,27,Male,43,54.35,Month-to-month,0,DSL,Credit card,2337.05,No,26-35,25-48 Months,0,2,Low
CUST-02301,57,Female,57,138.29,One year,2,DSL,Mailed check,7882.53,Yes,56-65,49-72 Months,1,1,Low
CUST-02302,49,Female,50,139.03,Two year,0,Fiber optic,Electronic check,6951.5,No,46-55,49-72 Months,0,1,Low
CUST-02303,67,Female,68,62.77,Month-to-month,2,Fiber optic,Electronic check,4268.36,No,66+,49-72 Months,0,2,Low
CUST-02304,50,Female,50,111.71,One year,1,DSL,Bank transfer,5585.5,No,46-55,49-72 Months,0,1,Low
CUST-02305,19,Male,37,107.85,One year,1,Fiber optic,Credit card,3990.45,No,18-25,25-48 Months,0,1,Low
CUST-02306,50,Female,46,124.85,Month-to-month,3,DSL,Electronic check,5743.1,No,46-55,25-48 Months,0,3,Medium
CUST-02307,50,Male,42,58.55,Month-to-month,1,Fiber optic,Credit card,2459.1,No,46-55,25-48 Months,0,2,Low
CUST-02308,58,Female,15,86.32,Month-to-month,1,Fiber optic,Credit card,1294.8,No,56-65,13-24 Months,0,2,Low
CUST-02309,30,Female,33,106.8,One year,4,DSL,Credit card,3524.4,No,26-35,25-48 Months,0,1,Low
CUST-02310,47,Female,11,23.41,Two year,4,No,Credit card,257.51,No,46-55,7-12 Months,0,2,Low
CUST-02311,50,Male,20,68.98,One year,2,DSL,Bank transfer,1379.6,No,46-55,13-24 Months,0,0,Low
CUST-02312,30,Male,24,110.47,Month-to-month,2,Fiber optic,Electronic check,2651.28,No,26-35,13-24 Months,0,3,Medium
CUST-02313,69,Male,64,52.84,Month-to-month,3,Fiber optic,Credit card,3381.76,No,66+,49-72 Months,0,2,Low
CUST-02314,43,Male,65,144.5,Two year,1,DSL,Electronic check,9392.5,No,36-45,49-72 Months,0,1,Low
CUST-02315,39,Female,17,23.92,Month-to-month,6,DSL,Mailed check,406.64,Yes,36-45,13-24 Months,1,4,Medium
CUST-02316,56,Male,61,144.55,Two year,1,No,Mailed check,8817.55,Yes,56-65,49-72 Months,1,1,Low
CUST-02317,19,Male,15,48.18,One year,4,Fiber optic,Electronic check,722.7,No,18-25,13-24 Months,0,0,Low
CUST-02318,55,Female,51,26.35,Month-to-month,3,DSL,Bank transfer,1343.85,Yes,46-55,49-72 Months,1,2,Low
CUST-02319,56,Female,27,58.02,Month-to-month,6,DSL,Bank transfer,1566.54,Yes,56-65,25-48 Months,1,4,Medium
CUST-02320,43,Male,61,122.22,Month-to-month,3,No,Mailed check,7455.42,Yes,36-45,49-72 Months,1,3,Medium
CUST-02321,63,Female,58,117.82,One year,6,Fiber optic,Credit card,6833.56,Yes,56-65,49-72 Months,1,3,Medium
CUST-02322,75,Male,31,47.15,Two year,4,DSL,Mailed check,1461.65,No,66+,25-48 Months,0,0,Low
CUST-02323,67,Female,12,45.58,One year,2,No,Credit card,546.96,No,66+,7-12 Months,0,2,Low
CUST-02324,32,Male,46,103.54,Month-to-month,3,Fiber optic,Mailed check,4762.84,No,26-35,25-48 Months,0,3,Medium
CUST-02325,51,Male,31,79.55,Month-to-month,6,Fiber optic,Mailed check,2466.05,Yes,46-55,25-48 Months,1,4,Medium
CUST-02326,59,Male,32,123.0,One year,3,Fiber optic,Bank transfer,3936.0,No,56-65,25-48 Months,0,1,Low
CUST-02327,72,Male,32,23.14,Month-to-month,1,Fiber optic,Electronic check,740.48,No,66+,25-48 Months,0,2,Low
CUST-02328,61,Male,53,99.35,One year,2,DSL,Electronic check,5265.55,No,56-65,49-72 Months,0,0,Low
CUST-02329,66,Female,61,114.99,Month-to-month,2,No,Mailed check,7014.39,Yes,66+,49-72 Months,1,3,Medium
CUST-02330,57,Male,46,149.14,Month-to-month,3,No,Bank transfer,6860.44,Yes,56-65,25-48 Months,1,3,Medium
CUST-02331,28,Male,7,108.24,Month-to-month,2,DSL,Credit card,757.68,Yes,26-35,7-12 Months,1,5,High
CUST-02332,20,Male,4,50.14,Month-to-month,6,Fiber optic,Mailed check,200.56,No,18-25,0-6 Months,0,6,High
CUST-02333,23,Male,52,34.06,One year,1,No,Credit card,1771.12,No,18-25,49-72 Months,0,0,Low
CUST-02334,26,Male,31,103.32,Month-to-month,3,Fiber optic,Credit card,3202.92,Yes,26-35,25-48 Months,1,3,Medium
CUST-02335,23,Female,36,88.01,Two year,6,Fiber optic,Bank transfer,3168.36,Yes,18-25,25-48 Months,1,2,Low
CUST-02336,26,Female,54,136.89,One year,1,Fiber optic,Bank transfer,7392.06,Yes,26-35,49-72 Months,1,1,Low
CUST-02337,56,Male,54,114.46,Month-to-month,2,Fiber optic,Electronic check,6180.84,Yes,56-65,49-72 Months,1,3,Medium
CUST-02338,48,Female,17,86.27,Month-to-month,5,Fiber optic,Bank transfer,1466.59,No,46-55,13-24 Months,0,4,Medium
CUST-02339,49,Male,30,72.47,One year,3,Fiber optic,Mailed check,2174.1,No,46-55,25-48 Months,0,0,Low
CUST-02340,58,Female,22,72.57,Month-to-month,2,Fiber optic,Mailed check,1596.54,Yes,56-65,13-24 Months,1,2,Low
CUST-02341,67,Female,43,49.42,Two year,1,Fiber optic,Credit card,2125.06,No,66+,25-48 Months,0,0,Low
CUST-02342,29,Male,27,22.25,One year,2,DSL,Electronic check,600.75,Yes,26-35,25-48 Months,1,0,Low
CUST-02343,25,Female,37,94.74,Month-to-month,2,Fiber optic,Credit card,3505.38,No,18-25,25-48 Months,0,2,Low
CUST-02344,25,Female,46,47.61,One year,4,DSL,Credit card,2190.06,No,18-25,25-48 Months,0,0,Low
CUST-02345,67,Male,35,47.08,Month-to-month,3,Fiber optic,Electronic check,1647.8,Yes,66+,25-48 Months,1,2,Low
CUST-02346,45,Male,4,36.3,Month-to-month,4,DSL,Credit card,145.2,Yes,36-45,0-6 Months,1,4,Medium
CUST-02347,37,Female,26,44.65,Two year,4,Fiber optic,Electronic check,1160.9,No,36-45,25-48 Months,0,0,Low
CUST-02348,64,Female,19,24.13,Month-to-month,3,Fiber optic,Credit card,458.47,No,56-65,13-24 Months,0,2,Low
CUST-02349,24,Female,45,107.65,One year,2,Fiber optic,Credit card,4844.25,No,18-25,25-48 Months,0,1,Low
CUST-02350,28,Male,26,72.18,Two year,1,DSL,Electronic check,1876.68,Yes,26-35,25-48 Months,1,0,Low
CUST-02351,37,Female,22,93.0,Month-to-month,2,DSL,Mailed check,2046.0,Yes,36-45,13-24 Months,1,2,Low
CUST-02352,33,Female,58,102.8,Month-to-month,2,No,Credit card,5962.4,No,26-35,49-72 Months,0,3,Medium
CUST-02353,21,Female,63,146.42,Month-to-month,2,Fiber optic,Credit card,9224.46,No,18-25,49-72 Months,0,3,Medium
CUST-02354,23,Male,28,28.87,Month-to-month,4,DSL,Mailed check,808.36,Yes,18-25,25-48 Months,1,2,Low
CUST-02355,75,Male,65,74.33,Month-to-month,3,No,Electronic check,4831.45,No,66+,49-72 Months,0,2,Low
CUST-02356,39,Male,44,51.97,Two year,2,DSL,Electronic check,2286.68,No,36-45,25-48 Months,0,0,Low
CUST-02357,43,Male,43,81.97,Two year,4,Fiber optic,Mailed check,3524.71,No,36-45,25-48 Months,0,0,Low
CUST-02358,20,Female,37,139.66,One year,2,Fiber optic,Electronic check,5167.42,Yes,18-25,25-48 Months,1,1,Low
CUST-02359,58,Male,66,114.12,Month-to-month,1,DSL,Bank transfer,7531.92,Yes,56-65,49-72 Months,1,3,Medium
CUST-02360,59,Female,17,106.05,Two year,3,DSL,Credit card,1802.85,No,56-65,13-24 Months,0,1,Low
CUST-02361,31,Female,40,77.36,Month-to-month,1,Fiber optic,Electronic check,3094.4,No,26-35,25-48 Months,0,2,Low
CUST-02362,28,Female,38,107.24,Month-to-month,1,Fiber optic,Mailed check,4075.12,No,26-35,25-48 Months,0,3,Medium
CUST-02363,35,Female,61,24.21,Month-to-month,2,Fiber optic,Credit card,1476.81,No,26-35,49-72 Months,0,2,Low
CUST-02364,71,Male,9,96.21,Month-to-month,5,Fiber optic,Mailed check,865.89,Yes,66+,7-12 Months,1,6,High
CUST-02365,29,Male,61,91.99,Two year,3,DSL,Electronic check,5611.39,No,26-35,49-72 Months,0,0,Low
CUST-02366,40,Male,16,65.06,One year,0,Fiber optic,Mailed check,1040.96,Yes,36-45,13-24 Months,1,0,Low
CUST-02367,29,Male,2,46.2,One year,3,DSL,Mailed check,92.4,No,26-35,0-6 Months,0,2,Low
CUST-02368,30,Male,72,124.98,One year,2,DSL,Credit card,8998.56,No,26-35,49-72 Months,0,1,Low
CUST-02369,42,Female,43,27.0,One year,2,Fiber optic,Credit card,1161.0,No,36-45,25-48 Months,0,0,Low
CUST-02370,62,Male,42,29.06,Month-to-month,6,No,Electronic check,1220.52,Yes,56-65,25-48 Months,1,4,Medium
CUST-02371,68,Male,57,77.27,Month-to-month,0,Fiber optic,Mailed check,4404.39,No,66+,49-72 Months,0,2,Low
CUST-02372,75,Male,67,52.83,Two year,3,DSL,Mailed check,3539.61,No,66+,49-72 Months,0,0,Low
CUST-02373,36,Male,30,116.91,Month-to-month,2,No,Electronic check,3507.3,No,36-45,25-48 Months,0,3,Medium
CUST-02374,72,Female,13,102.44,Two year,1,Fiber optic,Mailed check,1331.72,No,66+,13-24 Months,0,1,Low
CUST-02375,63,Female,19,120.43,Month-to-month,3,Fiber optic,Mailed check,2288.17,Yes,56-65,13-24 Months,1,3,Medium
CUST-02376,53,Female,7,62.21,Month-to-month,3,No,Mailed check,435.47,Yes,46-55,7-12 Months,1,4,Medium
CUST-02377,62,Female,9,116.27,Month-to-month,0,DSL,Mailed check,1046.43,No,56-65,7-12 Months,0,5,High
CUST-02378,25,Female,54,132.1,Two year,6,Fiber optic,Bank transfer,7133.4,No,18-25,49-72 Months,0,3,Medium
CUST-02379,46,Male,61,64.89,Month-to-month,2,No,Electronic check,3958.29,No,46-55,49-72 Months,0,2,Low
CUST-02380,72,Female,2,64.19,One year,4,DSL,Electronic check,128.38,Yes,66+,0-6 Months,1,2,Low
CUST-02381,70,Female,50,136.99,Month-to-month,1,Fiber optic,Mailed check,6849.5,Yes,66+,49-72 Months,1,3,Medium
CUST-02382,72,Female,31,26.47,One year,3,DSL,Electronic check,820.57,Yes,66+,25-48 Months,1,0,Low
CUST-02383,49,Male,33,65.52,Month-to-month,4,No,Bank transfer,2162.16,No,46-55,25-48 Months,0,2,Low
CUST-02384,68,Male,11,35.43,Month-to-month,3,Fiber optic,Mailed check,389.73,No,66+,7-12 Months,0,4,Medium
CUST-02385,61,Female,33,23.77,Month-to-month,5,DSL,Credit card,784.41,Yes,56-65,25-48 Months,1,4,Medium
CUST-02386,35,Male,7,34.67,Month-to-month,0,Fiber optic,Bank transfer,242.69,Yes,26-35,7-12 Months,1,4,Medium
CUST-02387,23,Male,31,76.06,Month-to-month,3,Fiber optic,Credit card,2357.86,Yes,18-25,25-48 Months,1,2,Low
CUST-02388,35,Female,48,109.3,One year,4,Fiber optic,Electronic check,5246.4,No,26-35,25-48 Months,0,1,Low
CUST-02389,36,Male,47,57.61,Month-to-month,1,Fiber optic,Electronic check,2707.67,No,36-45,25-48 Months,0,2,Low
CUST-02390,39,Male,53,130.46,Month-to-month,0,DSL,Electronic check,6914.38,Yes,36-45,49-72 Months,1,3,Medium
CUST-02391,54,Male,19,76.89,Month-to-month,3,Fiber optic,Mailed check,1460.91,No,46-55,13-24 Months,0,2,Low
CUST-02392,49,Female,6,145.87,Month-to-month,0,DSL,Bank transfer,875.22,No,46-55,0-6 Months,0,5,High
CUST-02393,73,Female,49,144.04,Month-to-month,3,Fiber optic,Bank transfer,7057.96,Yes,66+,49-72 Months,1,3,Medium
CUST-02394,58,Female,50,120.53,Month-to-month,0,Fiber optic,Mailed check,6026.5,No,56-65,49-72 Months,0,3,Medium
CUST-02395,20,Male,12,141.21,Month-to-month,2,Fiber optic,Mailed check,1694.52,No,18-25,7-12 Months,0,5,High
CUST-02396,45,Female,23,111.92,Month-to-month,4,Fiber optic,Electronic check,2574.16,Yes,36-45,13-24 Months,1,3,Medium
CUST-02397,27,Male,54,136.43,One year,4,Fiber optic,Bank transfer,7367.22,No,26-35,49-72 Months,0,1,Low
CUST-02398,68,Male,69,50.74,One year,3,No,Electronic check,3501.06,No,66+,49-72 Months,0,0,Low
CUST-02399,52,Male,59,64.9,Month-to-month,2,Fiber optic,Bank transfer,3829.1,No,46-55,49-72 Months,0,2,Low
CUST-02400,46,Female,36,117.88,Month-to-month,2,Fiber optic,Mailed check,4243.68,Yes,46-55,25-48 Months,1,3,Medium
CUST-02401,71,Female,3,75.19,Month-to-month,4,Fiber optic,Electronic check,225.57,Yes,66+,0-6 Months,1,4,Medium
CUST-02402,32,Female,58,128.85,Month-to-month,2,Fiber optic,Bank transfer,7473.3,No,26-35,49-72 Months,0,3,Medium
CUST-02403,50,Female,55,134.09,Month-to-month,3,DSL,Mailed check,7374.95,Yes,46-55,49-72 Months,1,3,Medium
CUST-02404,24,Male,57,58.96,One year,3,Fiber optic,Credit card,3360.72,No,18-25,49-72 Months,0,0,Low
CUST-02405,29,Female,17,127.05,Month-to-month,1,Fiber optic,Electronic check,2159.85,Yes,26-35,13-24 Months,1,3,Medium
CUST-02406,66,Male,39,40.05,Two year,0,Fiber optic,Bank transfer,1561.95,No,66+,25-48 Months,0,0,Low
CUST-02407,47,Female,68,63.45,Month-to-month,4,DSL,Bank transfer,4314.6,No,46-55,49-72 Months,0,2,Low
CUST-02408,38,Female,55,87.34,One year,4,Fiber optic,Electronic check,4803.7,No,36-45,49-72 Months,0,0,Low
CUST-02409,48,Female,45,49.44,One year,5,DSL,Bank transfer,2224.8,No,46-55,25-48 Months,0,2,Low
CUST-02410,75,Male,1,95.3,Month-to-month,5,No,Credit card,95.3,Yes,66+,0-6 Months,1,6,High
CUST-02411,41,Male,21,95.23,Month-to-month,1,Fiber optic,Credit card,1999.83,No,36-45,13-24 Months,0,2,Low
CUST-02412,37,Male,21,46.9,One year,4,Fiber optic,Bank transfer,984.9,Yes,36-45,13-24 Months,1,0,Low
CUST-02413,54,Male,52,123.43,Two year,1,DSL,Electronic check,6418.36,Yes,46-55,49-72 Months,1,1,Low
CUST-02414,21,Male,43,102.11,Month-to-month,2,DSL,Bank transfer,4390.73,No,18-25,25-48 Months,0,3,Medium
CUST-02415,45,Female,52,61.31,Month-to-month,7,DSL,Bank transfer,3188.12,No,36-45,49-72 Months,0,4,Medium
CUST-02416,61,Male,67,50.18,Month-to-month,3,DSL,Credit card,3362.06,Yes,56-65,49-72 Months,1,2,Low
CUST-02417,37,Male,44,134.24,Month-to-month,5,No,Mailed check,5906.56,Yes,36-45,25-48 Months,1,5,High
CUST-02418,41,Male,32,128.65,Two year,2,Fiber optic,Mailed check,4116.8,No,36-45,25-48 Months,0,1,Low
CUST-02419,67,Male,10,49.87,One year,3,Fiber optic,Bank transfer,498.7,Yes,66+,7-12 Months,1,2,Low
CUST-02420,66,Female,64,24.63,Month-to-month,2,DSL,Electronic check,1576.32,Yes,66+,49-72 Months,1,2,Low
CUST-02421,68,Male,69,124.59,Month-to-month,4,Fiber optic,Credit card,8596.71,Yes,66+,49-72 Months,1,3,Medium
CUST-02422,49,Female,68,100.02,Month-to-month,3,Fiber optic,Mailed check,6801.36,No,46-55,49-72 Months,0,3,Medium
CUST-02423,58,Female,28,33.11,Two year,3,Fiber optic,Bank transfer,927.08,No,56-65,25-48 Months,0,0,Low
CUST-02424,53,Female,53,96.36,Two year,3,DSL,Electronic check,5107.08,No,46-55,49-72 Months,0,0,Low
CUST-02425,75,Male,51,78.78,Month-to-month,0,No,Credit card,4017.78,No,66+,49-72 Months,0,2,Low
CUST-02426,70,Female,53,120.69,Month-to-month,2,Fiber optic,Mailed check,6396.57,No,66+,49-72 Months,0,3,Medium
CUST-02427,51,Male,4,47.18,Two year,3,Fiber optic,Mailed check,188.72,No,46-55,0-6 Months,0,2,Low
CUST-02428,53,Male,17,78.91,Month-to-month,2,Fiber optic,Mailed check,1341.47,Yes,46-55,13-24 Months,1,2,Low
CUST-02429,19,Male,67,40.31,Month-to-month,1,Fiber optic,Electronic check,2700.77,No,18-25,49-72 Months,0,2,Low
CUST-02430,32,Male,47,144.48,Month-to-month,1,Fiber optic,Electronic check,6790.56,Yes,26-35,25-48 Months,1,3,Medium
CUST-02431,51,Male,56,121.24,Month-to-month,2,No,Electronic check,6789.44,No,46-55,49-72 Months,0,3,Medium
CUST-02432,53,Female,23,115.77,Month-to-month,3,Fiber optic,Bank transfer,2662.71,No,46-55,13-24 Months,0,3,Medium
CUST-02433,23,Female,18,109.73,Two year,4,DSL,Credit card,1975.14,Yes,18-25,13-24 Months,1,1,Low
CUST-02434,56,Male,1,75.03,One year,1,Fiber optic,Bank transfer,75.03,No,56-65,0-6 Months,0,2,Low
CUST-02435,59,Female,35,140.03,Month-to-month,0,DSL,Credit card,4901.05,No,56-65,25-48 Months,0,3,Medium
CUST-02436,68,Male,64,29.48,Month-to-month,7,No,Electronic check,1886.72,Yes,66+,49-72 Months,1,4,Medium
CUST-02437,68,Female,58,124.42,One year,0,DSL,Mailed check,7216.36,No,66+,49-72 Months,0,1,Low
CUST-02438,75,Female,59,47.98,Month-to-month,1,DSL,Electronic check,2830.82,No,66+,49-72 Months,0,2,Low
CUST-02439,71,Female,1,62.12,Month-to-month,0,Fiber optic,Bank transfer,62.12,No,66+,0-6 Months,0,4,Medium
CUST-02440,29,Female,3,87.53,Month-to-month,5,Fiber optic,Electronic check,262.59,Yes,26-35,0-6 Months,1,6,High
CUST-02441,20,Female,67,121.75,One year,3,DSL,Electronic check,8157.25,No,18-25,49-72 Months,0,1,Low
CUST-02442,62,Male,37,129.01,Month-to-month,3,Fiber optic,Electronic check,4773.37,No,56-65,25-48 Months,0,3,Medium
CUST-02443,35,Male,29,95.89,Month-to-month,2,No,Mailed check,2780.81,No,26-35,25-48 Months,0,2,Low
CUST-02444,57,Female,33,72.39,Month-to-month,5,Fiber optic,Credit card,2388.87,Yes,56-65,25-48 Months,1,4,Medium
CUST-02445,38,Male,61,143.05,Month-to-month,0,Fiber optic,Credit card,8726.05,No,36-45,49-72 Months,0,3,Medium
CUST-02446,32,Female,4,52.05,Two year,0,DSL,Bank transfer,208.2,No,26-35,0-6 Months,0,2,Low
CUST-02447,50,Male,14,124.4,One year,0,DSL,Credit card,1741.6,No,46-55,13-24 Months,0,1,Low
CUST-02448,52,Female,33,99.57,Month-to-month,3,Fiber optic,Electronic check,3285.81,No,46-55,25-48 Months,0,2,Low
CUST-02449,43,Female,22,69.0,Month-to-month,4,Fiber optic,Mailed check,1518.0,Yes,36-45,13-24 Months,1,2,Low
CUST-02450,25,Female,48,20.18,One year,1,Fiber optic,Electronic check,968.64,Yes,18-25,25-48 Months,1,0,Low
CUST-02451,53,Male,3,78.06,Month-to-month,2,Fiber optic,Electronic check,234.18,No,46-55,0-6 Months,0,4,Medium
CUST-02452,65,Male,23,55.97,One year,3,Fiber optic,Bank transfer,1287.31,No,56-65,13-24 Months,0,0,Low
CUST-02453,47,Female,68,33.57,Month-to-month,3,Fiber optic,Electronic check,2282.76,No,46-55,49-72 Months,0,2,Low
CUST-02454,40,Female,21,29.77,Month-to-month,2,DSL,Electronic check,625.17,No,36-45,13-24 Months,0,2,Low
CUST-02455,59,Male,43,65.18,Two year,3,No,Bank transfer,2802.74,No,56-65,25-48 Months,0,0,Low
CUST-02456,61,Male,26,99.92,Month-to-month,2,DSL,Credit card,2597.92,No,56-65,25-48 Months,0,2,Low
CUST-02457,31,Male,41,128.88,Month-to-month,2,Fiber optic,Credit card,5284.08,No,26-35,25-48 Months,0,3,Medium
CUST-02458,31,Male,38,43.86,One year,2,DSL,Credit card,1666.68,Yes,26-35,25-48 Months,1,0,Low
CUST-02459,19,Male,11,75.2,Two year,1,Fiber optic,Bank transfer,827.2,Yes,18-25,7-12 Months,1,2,Low
CUST-02460,72,Female,29,70.95,One year,1,Fiber optic,Bank transfer,2057.55,No,66+,25-48 Months,0,0,Low
CUST-02461,54,Male,60,86.74,One year,0,Fiber optic,Mailed check,5204.4,No,46-55,49-72 Months,0,0,Low
CUST-02462,22,Female,67,125.25,Month-to-month,3,Fiber optic,Mailed check,8391.75,Yes,18-25,49-72 Months,1,3,Medium
CUST-02463,55,Female,65,91.97,Month-to-month,3,Fiber optic,Electronic check,5978.05,No,46-55,49-72 Months,0,2,Low
CUST-02464,62,Male,61,130.07,Month-to-month,2,No,Electronic check,7934.27,No,56-65,49-72 Months,0,3,Medium
CUST-02465,58,Male,19,87.41,One year,2,DSL,Bank transfer,1660.79,No,56-65,13-24 Months,0,0,Low
CUST-02466,71,Female,46,98.5,Month-to-month,3,Fiber optic,Bank transfer,4531.0,Yes,66+,25-48 Months,1,2,Low
CUST-02467,64,Male,49,76.86,Month-to-month,3,Fiber optic,Mailed check,3766.14,No,56-65,49-72 Months,0,2,Low
CUST-02468,31,Female,22,127.0,Two year,5,Fiber optic,Electronic check,2794.0,Yes,26-35,13-24 Months,1,3,Medium
CUST-02469,73,Male,57,140.1,Month-to-month,3,No,Electronic check,7985.7,No,66+,49-72 Months,0,3,Medium
CUST-02470,56,Male,14,103.09,Month-to-month,1,DSL,Electronic check,1443.26,No,56-65,13-24 Months,0,3,Medium
CUST-02471,42,Male,44,126.7,Month-to-month,4,Fiber optic,Credit card,5574.8,Yes,36-45,25-48 Months,1,3,Medium
CUST-02472,37,Female,16,27.67,Month-to-month,2,Fiber optic,Mailed check,442.72,No,36-45,13-24 Months,0,2,Low
CUST-02473,19,Male,12,137.79,Month-to-month,3,Fiber optic,Credit card,1653.48,No,18-25,7-12 Months,0,5,High
CUST-02474,56,Female,55,44.56,Month-to-month,2,No,Electronic check,2450.8,No,56-65,49-72 Months,0,2,Low
CUST-02475,23,Male,51,53.35,Month-to-month,7,Fiber optic,Bank transfer,2720.85,Yes,18-25,49-72 Months,1,4,Medium
CUST-02476,34,Female,39,26.93,Month-to-month,1,No,Mailed check,1050.27,No,26-35,25-48 Months,0,2,Low
CUST-02477,42,Male,33,145.5,Month-to-month,3,No,Credit card,4801.5,No,36-45,25-48 Months,0,3,Medium
CUST-02478,74,Female,33,130.76,Month-to-month,1,Fiber optic,Electronic check,4315.08,Yes,66+,25-48 Months,1,3,Medium
CUST-02479,45,Female,29,138.71,Month-to-month,1,Fiber optic,Credit card,4022.59,Yes,36-45,25-48 Months,1,3,Medium
CUST-02480,19,Female,69,130.14,Month-to-month,1,DSL,Bank transfer,8979.66,No,18-25,49-72 Months,0,3,Medium
CUST-02481,52,Female,70,82.34,Month-to-month,2,Fiber optic,Mailed check,5763.8,No,46-55,49-72 Months,0,2,Low
CUST-02482,54,Female,31,140.13,Two year,1,DSL,Bank transfer,4344.03,No,46-55,25-48 Months,0,1,Low
CUST-02483,22,Female,31,146.03,Two year,2,Fiber optic,Bank transfer,4526.93,No,18-25,25-48 Months,0,1,Low
CUST-02484,18,Male,46,85.33,Month-to-month,5,No,Mailed check,3925.18,Yes,18-25,25-48 Months,1,4,Medium
CUST-02485,57,Female,52,42.83,Month-to-month,2,Fiber optic,Electronic check,2227.16,No,56-65,49-72 Months,0,2,Low
CUST-02486,29,Female,10,105.62,Month-to-month,1,Fiber optic,Electronic check,1056.2,No,26-35,7-12 Months,0,5,High
CUST-02487,73,Female,41,146.81,One year,6,Fiber optic,Credit card,6019.21,Yes,66+,25-48 Months,1,3,Medium
CUST-02488,53,Male,3,133.38,Two year,0,Fiber optic,Electronic check,400.14,No,46-55,0-6 Months,0,3,Medium
CUST-02489,62,Male,59,132.04,Month-to-month,3,Fiber optic,Electronic check,7790.36,Yes,56-65,49-72 Months,1,3,Medium
CUST-02490,40,Male,52,141.4,One year,1,Fiber optic,Electronic check,7352.8,Yes,36-45,49-72 Months,1,1,Low
CUST-02491,64,Female,34,136.21,Two year,2,DSL,Credit card,4631.14,Yes,56-65,25-48 Months,1,1,Low
CUST-02492,48,Male,49,120.92,Month-to-month,0,Fiber optic,Mailed check,5925.08,Yes,46-55,49-72 Months,1,3,Medium
CUST-02493,28,Male,28,113.38,Month-to-month,2,Fiber optic,Electronic check,3174.64,No,26-35,25-48 Months,0,3,Medium
CUST-02494,27,Female,13,54.42,Month-to-month,4,Fiber optic,Bank transfer,707.46,No,26-35,13-24 Months,0,2,Low
CUST-02495,20,Female,69,100.77,Month-to-month,1,Fiber optic,Electronic check,6953.13,Yes,18-25,49-72 Months,1,3,Medium
CUST-02496,71,Male,67,87.79,Month-to-month,5,DSL,Electronic check,5881.93,Yes,66+,49-72 Months,1,4,Medium
CUST-02497,31,Female,61,132.05,One year,3,Fiber optic,Mailed check,8055.05,No,26-35,49-72 Months,0,1,Low
CUST-02498,33,Female,60,83.92,Month-to-month,4,Fiber optic,Bank transfer,5035.2,Yes,26-35,49-72 Months,1,2,Low
CUST-02499,27,Female,71,36.61,Month-to-month,1,No,Credit card,2599.31,Yes,26-35,49-72 Months,1,2,Low
CUST-02500,46,Female,24,20.65,Two year,1,Fiber optic,Electronic check,495.6,No,46-55,13-24 Months,0,0,Low
CUST-02501,27,Male,63,108.12,Month-to-month,3,DSL,Electronic check,6811.56,No,26-35,49-72 Months,0,3,Medium
CUST-02502,29,Female,61,91.49,Month-to-month,4,Fiber optic,Electronic check,5580.89,No,26-35,49-72 Months,0,2,Low
CUST-02503,47,Male,23,63.03,Month-to-month,2,Fiber optic,Electronic check,1449.69,Yes,46-55,13-24 Months,1,2,Low
CUST-02504,58,Male,30,41.97,Month-to-month,5,Fiber optic,Bank transfer,1259.1,No,56-65,25-48 Months,0,4,Medium
CUST-02505,18,Male,60,80.67,Month-to-month,1,No,Mailed check,4840.2,No,18-25,49-72 Months,0,2,Low
CUST-02506,22,Male,18,33.04,Two year,5,DSL,Mailed check,594.72,No,18-25,13-24 Months,0,2,Low
CUST-02507,37,Female,56,63.69,Month-to-month,5,Fiber optic,Electronic check,3566.64,Yes,36-45,49-72 Months,1,4,Medium
CUST-02508,25,Female,53,69.3,One year,4,DSL,Credit card,3672.9,No,18-25,49-72 Months,0,0,Low
CUST-02509,60,Female,7,80.53,Month-to-month,0,No,Bank transfer,563.71,Yes,56-65,7-12 Months,1,4,Medium
CUST-02510,29,Male,69,80.66,Two year,3,DSL,Bank transfer,5565.54,No,26-35,49-72 Months,0,0,Low
CUST-02511,18,Male,72,53.41,One year,2,DSL,Credit card,3845.52,Yes,18-25,49-72 Months,1,0,Low
CUST-02512,74,Male,52,130.53,Two year,0,DSL,Electronic check,6787.56,No,66+,49-72 Months,0,1,Low
CUST-02513,71,Female,4,66.22,Month-to-month,2,Fiber optic,Electronic check,264.88,Yes,66+,0-6 Months,1,4,Medium
CUST-02514,37,Male,34,49.85,Two year,4,Fiber optic,Electronic check,1694.9,No,36-45,25-48 Months,0,0,Low
CUST-02515,45,Female,69,42.86,Two year,3,Fiber optic,Credit card,2957.34,No,36-45,49-72 Months,0,0,Low
CUST-02516,74,Female,33,61.94,One year,1,DSL,Bank transfer,2044.02,No,66+,25-48 Months,0,0,Low
CUST-02517,60,Female,69,28.78,Month-to-month,3,Fiber optic,Mailed check,1985.82,No,56-65,49-72 Months,0,2,Low
CUST-02518,54,Female,38,24.28,Month-to-month,0,Fiber optic,Electronic check,922.64,No,46-55,25-48 Months,0,2,Low
CUST-02519,64,Male,26,98.67,Month-to-month,0,Fiber optic,Credit card,2565.42,Yes,56-65,25-48 Months,1,2,Low
CUST-02520,54,Female,1,100.49,Month-to-month,2,Fiber optic,Credit card,100.49,No,46-55,0-6 Months,0,5,High
CUST-02521,29,Male,4,88.85,One year,3,Fiber optic,Electronic check,355.4,Yes,26-35,0-6 Months,1,2,Low
CUST-02522,54,Female,39,119.1,One year,1,No,Credit card,4644.9,No,46-55,25-48 Months,0,1,Low
CUST-02523,66,Male,54,25.09,Month-to-month,1,DSL,Electronic check,1354.86,No,66+,49-72 Months,0,2,Low
CUST-02524,66,Male,33,141.68,Month-to-month,4,Fiber optic,Electronic check,4675.44,No,66+,25-48 Months,0,3,Medium
CUST-02525,73,Female,33,32.36,Month-to-month,3,Fiber optic,Electronic check,1067.88,Yes,66+,25-48 Months,1,2,Low
CUST-02526,61,Female,72,107.62,Month-to-month,1,Fiber optic,Bank transfer,7748.64,Yes,56-65,49-72 Months,1,3,Medium
CUST-02527,73,Female,20,37.34,Month-to-month,2,Fiber optic,Credit card,746.8,No,66+,13-24 Months,0,2,Low
CUST-02528,45,Male,16,134.39,One year,3,Fiber optic,Mailed check,2150.24,Yes,36-45,13-24 Months,1,1,Low
CUST-02529,64,Female,21,86.39,Month-to-month,5,Fiber optic,Bank transfer,1814.19,No,56-65,13-24 Months,0,4,Medium
CUST-02530,32,Female,45,30.7,One year,5,Fiber optic,Electronic check,1381.5,No,26-35,25-48 Months,0,2,Low
CUST-02531,23,Male,62,100.17,Month-to-month,0,Fiber optic,Credit card,6210.54,No,18-25,49-72 Months,0,3,Medium
CUST-02532,61,Female,31,21.18,Two year,2,Fiber optic,Mailed check,656.58,No,56-65,25-48 Months,0,0,Low
CUST-02533,37,Male,42,120.88,Month-to-month,3,Fiber optic,Electronic check,5076.96,No,36-45,25-48 Months,0,3,Medium
CUST-02534,67,Female,12,104.58,Month-to-month,0,Fiber optic,Credit card,1254.96,Yes,66+,7-12 Months,1,5,High
CUST-02535,31,Male,65,47.64,Month-to-month,5,No,Electronic check,3096.6,No,26-35,49-72 Months,0,4,Medium
CUST-02536,19,Male,3,68.72,Month-to-month,1,Fiber optic,Mailed check,206.16,Yes,18-25,0-6 Months,1,4,Medium
CUST-02537,26,Female,9,21.01,Month-to-month,4,No,Credit card,189.09,Yes,26-35,7-12 Months,1,4,Medium
CUST-02538,54,Male,51,110.18,One year,1,Fiber optic,Mailed check,5619.18,No,46-55,49-72 Months,0,1,Low
CUST-02539,37,Female,16,61.95,Month-to-month,3,Fiber optic,Electronic check,991.2,Yes,36-45,13-24 Months,1,2,Low
CUST-02540,43,Female,3,94.31,Month-to-month,1,No,Electronic check,282.93,Yes,36-45,0-6 Months,1,4,Medium
CUST-02541,46,Male,24,144.37,One year,4,DSL,Mailed check,3464.88,No,46-55,13-24 Months,0,1,Low
CUST-02542,18,Female,13,58.93,Month-to-month,4,No,Bank transfer,766.09,Yes,18-25,13-24 Months,1,2,Low
CUST-02543,72,Male,2,148.73,Month-to-month,2,No,Bank transfer,297.46,Yes,66+,0-6 Months,1,5,High
CUST-02544,52,Male,71,102.25,Two year,1,Fiber optic,Credit card,7259.75,No,46-55,49-72 Months,0,1,Low
CUST-02545,23,Male,21,51.47,Month-to-month,6,DSL,Credit card,1080.87,Yes,18-25,13-24 Months,1,4,Medium
CUST-02546,54,Male,19,76.78,One year,0,No,Bank transfer,1458.82,Yes,46-55,13-24 Months,1,0,Low
CUST-02547,70,Male,47,116.26,One year,3,Fiber optic,Mailed check,5464.22,No,66+,25-48 Months,0,1,Low
CUST-02548,22,Male,22,78.04,Two year,1,Fiber optic,Electronic check,1716.88,No,18-25,13-24 Months,0,0,Low
CUST-02549,50,Male,33,28.91,One year,5,Fiber optic,Electronic check,954.03,No,46-55,25-48 Months,0,2,Low
CUST-02550,66,Male,32,41.92,Month-to-month,2,Fiber optic,Credit card,1341.44,No,66+,25-48 Months,0,2,Low
CUST-02551,68,Female,64,122.87,Month-to-month,3,DSL,Credit card,7863.68,No,66+,49-72 Months,0,3,Medium
CUST-02552,31,Female,39,104.29,Two year,2,Fiber optic,Electronic check,4067.31,No,26-35,25-48 Months,0,1,Low
CUST-02553,29,Male,72,94.08,Month-to-month,2,DSL,Bank transfer,6773.76,No,26-35,49-72 Months,0,2,Low
CUST-02554,59,Female,42,41.79,One year,3,Fiber optic,Credit card,1755.18,No,56-65,25-48 Months,0,0,Low
CUST-02555,37,Female,9,128.91,Two year,2,Fiber optic,Electronic check,1160.19,No,36-45,7-12 Months,0,3,Medium
CUST-02556,70,Female,25,144.9,One year,2,Fiber optic,Credit card,3622.5,Yes,66+,25-48 Months,1,1,Low
CUST-02557,67,Female,2,25.32,Month-to-month,2,DSL,Bank transfer,50.64,Yes,66+,0-6 Months,1,4,Medium
CUST-02558,41,Female,19,30.14,Month-to-month,2,DSL,Mailed check,572.66,No,36-45,13-24 Months,0,2,Low
CUST-02559,60,Female,20,135.01,Month-to-month,2,Fiber optic,Credit card,2700.2,Yes,56-65,13-24 Months,1,3,Medium
CUST-02560,51,Male,70,126.02,Month-to-month,5,Fiber optic,Electronic check,8821.4,No,46-55,49-72 Months,0,5,High
CUST-02561,42,Female,17,100.33,Two year,2,Fiber optic,Bank transfer,1705.61,No,36-45,13-24 Months,0,1,Low
CUST-02562,67,Female,68,142.85,One year,4,Fiber optic,Electronic check,9713.8,No,66+,49-72 Months,0,1,Low
CUST-02563,46,Female,3,104.04,One year,2,Fiber optic,Bank transfer,312.12,Yes,46-55,0-6 Months,1,3,Medium
CUST-02564,74,Female,51,48.08,Month-to-month,1,Fiber optic,Mailed check,2452.08,No,66+,49-72 Months,0,2,Low
CUST-02565,56,Male,26,114.72,Month-to-month,3,DSL,Mailed check,2982.72,No,56-65,25-48 Months,0,3,Medium
CUST-02566,48,Male,56,103.94,Month-to-month,4,DSL,Electronic check,5820.64,No,46-55,49-72 Months,0,3,Medium
CUST-02567,73,Male,64,148.15,Month-to-month,4,DSL,Mailed check,9481.6,No,66+,49-72 Months,0,3,Medium
CUST-02568,64,Male,8,47.81,Month-to-month,1,DSL,Credit card,382.48,No,56-65,7-12 Months,0,4,Medium
CUST-02569,60,Female,37,97.73,Month-to-month,3,No,Bank transfer,3616.01,No,56-65,25-48 Months,0,2,Low
CUST-02570,67,Male,27,121.42,Month-to-month,5,No,Bank transfer,3278.34,Yes,66+,25-48 Months,1,5,High
CUST-02571,40,Male,45,64.07,Month-to-month,2,Fiber optic,Bank transfer,2883.15,Yes,36-45,25-48 Months,1,2,Low
CUST-02572,61,Male,4,69.36,Two year,2,Fiber optic,Mailed check,277.44,No,56-65,0-6 Months,0,2,Low
CUST-02573,55,Male,37,135.43,Month-to-month,2,Fiber optic,Mailed check,5010.91,Yes,46-55,25-48 Months,1,3,Medium
CUST-02574,37,Female,71,72.55,One year,4,Fiber optic,Credit card,5151.05,No,36-45,49-72 Months,0,0,Low
CUST-02575,40,Male,33,101.22,Month-to-month,3,Fiber optic,Mailed check,3340.26,No,36-45,25-48 Months,0,3,Medium
CUST-02576,62,Female,31,135.6,Month-to-month,3,No,Bank transfer,4203.6,Yes,56-65,25-48 Months,1,3,Medium
CUST-02577,69,Male,55,47.28,Month-to-month,4,DSL,Credit card,2600.4,Yes,66+,49-72 Months,1,2,Low
CUST-02578,33,Female,12,147.64,One year,2,Fiber optic,Credit card,1771.68,No,26-35,7-12 Months,0,3,Medium
CUST-02579,67,Female,11,111.25,Month-to-month,1,No,Bank transfer,1223.75,Yes,66+,7-12 Months,1,5,High
CUST-02580,59,Male,72,84.5,Month-to-month,2,No,Electronic check,6084.0,No,56-65,49-72 Months,0,2,Low
CUST-02581,72,Male,32,76.02,Two year,4,No,Mailed check,2432.64,No,66+,25-48 Months,0,0,Low
CUST-02582,25,Male,57,144.07,Month-to-month,0,Fiber optic,Mailed check,8211.99,No,18-25,49-72 Months,0,3,Medium
CUST-02583,67,Male,38,46.74,Month-to-month,9,Fiber optic,Bank transfer,1776.12,Yes,66+,25-48 Months,1,4,Medium
CUST-02584,38,Female,60,60.52,Month-to-month,1,DSL,Electronic check,3631.2,Yes,36-45,49-72 Months,1,2,Low
CUST-02585,18,Female,19,60.01,Month-to-month,4,DSL,Mailed check,1140.19,No,18-25,13-24 Months,0,2,Low
CUST-02586,72,Male,56,57.57,One year,0,Fiber optic,Electronic check,3223.92,No,66+,49-72 Months,0,0,Low
CUST-02587,25,Male,14,80.91,One year,3,No,Bank transfer,1132.74,No,18-25,13-24 Months,0,0,Low
CUST-02588,46,Female,33,148.59,Month-to-month,1,DSL,Bank transfer,4903.47,No,46-55,25-48 Months,0,3,Medium
CUST-02589,49,Male,10,135.54,Month-to-month,2,Fiber optic,Electronic check,1355.4,Yes,46-55,7-12 Months,1,5,High
CUST-02590,55,Female,64,62.63,One year,3,Fiber optic,Bank transfer,4008.32,No,46-55,49-72 Months,0,0,Low
CUST-02591,22,Male,64,74.97,Month-to-month,3,Fiber optic,Bank transfer,4798.08,No,18-25,49-72 Months,0,2,Low
CUST-02592,64,Female,62,107.03,Two year,3,DSL,Credit card,6635.86,Yes,56-65,49-72 Months,1,1,Low
CUST-02593,39,Female,68,22.23,Month-to-month,1,DSL,Electronic check,1511.64,No,36-45,49-72 Months,0,2,Low
CUST-02594,64,Female,43,126.62,One year,3,No,Mailed check,5444.66,No,56-65,25-48 Months,0,1,Low
CUST-02595,51,Female,59,134.37,Two year,1,Fiber optic,Mailed check,7927.83,No,46-55,49-72 Months,0,1,Low
CUST-02596,18,Female,52,131.44,One year,2,Fiber optic,Credit card,6834.88,No,18-25,49-72 Months,0,1,Low
CUST-02597,72,Male,19,68.76,Month-to-month,3,Fiber optic,Bank transfer,1306.44,Yes,66+,13-24 Months,1,2,Low
CUST-02598,72,Female,21,80.06,One year,2,DSL,Bank transfer,1681.26,No,66+,13-24 Months,0,0,Low
CUST-02599,43,Male,22,21.61,Month-to-month,4,DSL,Credit card,475.42,No,36-45,13-24 Months,0,2,Low
CUST-02600,60,Female,9,71.92,One year,1,DSL,Credit card,647.28,Yes,56-65,7-12 Months,1,2,Low
CUST-02601,27,Female,9,79.86,Month-to-month,1,DSL,Bank transfer,718.74,No,26-35,7-12 Months,0,4,Medium
CUST-02602,47,Male,27,137.91,One year,6,DSL,Electronic check,3723.57,Yes,46-55,25-48 Months,1,3,Medium
CUST-02603,67,Male,17,136.22,Month-to-month,3,Fiber optic,Credit card,2315.74,Yes,66+,13-24 Months,1,3,Medium
CUST-02604,35,Male,44,145.59,Month-to-month,1,Fiber optic,Electronic check,6405.96,No,26-35,25-48 Months,0,3,Medium
CUST-02605,34,Male,45,135.06,One year,0,Fiber optic,Mailed check,6077.7,No,26-35,25-48 Months,0,1,Low
CUST-02606,43,Female,8,21.07,Month-to-month,2,No,Bank transfer,168.56,No,36-45,7-12 Months,0,4,Medium
CUST-02607,25,Male,18,103.39,One year,3,Fiber optic,Electronic check,1861.02,No,18-25,13-24 Months,0,1,Low
CUST-02608,64,Female,33,28.87,Two year,3,DSL,Electronic check,952.71,No,56-65,25-48 Months,0,0,Low
CUST-02609,57,Male,1,55.44,Two year,1,Fiber optic,Bank transfer,55.44,Yes,56-65,0-6 Months,1,2,Low
CUST-02610,66,Male,6,95.18,One year,1,DSL,Bank transfer,571.08,Yes,66+,0-6 Months,1,2,Low
CUST-02611,29,Female,41,111.08,Month-to-month,4,Fiber optic,Mailed check,4554.28,No,26-35,25-48 Months,0,3,Medium
CUST-02612,44,Female,55,105.1,Month-to-month,3,DSL,Bank transfer,5780.5,Yes,36-45,49-72 Months,1,3,Medium
CUST-02613,25,Male,5,26.38,Month-to-month,2,DSL,Electronic check,131.9,No,18-25,0-6 Months,0,4,Medium
CUST-02614,42,Female,59,33.47,Month-to-month,1,DSL,Credit card,1974.73,No,36-45,49-72 Months,0,2,Low
CUST-02615,63,Female,18,36.72,Month-to-month,3,No,Bank transfer,660.96,No,56-65,13-24 Months,0,2,Low
CUST-02616,21,Female,49,31.88,One year,5,Fiber optic,Bank transfer,1562.12,No,18-25,49-72 Months,0,2,Low
CUST-02617,50,Female,65,43.17,Month-to-month,2,Fiber optic,Credit card,2806.05,No,46-55,49-72 Months,0,2,Low
CUST-02618,18,Female,54,109.5,Month-to-month,2,Fiber optic,Bank transfer,5913.0,No,18-25,49-72 Months,0,3,Medium
CUST-02619,36,Female,61,128.01,One year,2,DSL,Bank transfer,7808.61,No,36-45,49-72 Months,0,1,Low
CUST-02620,48,Female,8,73.15,Month-to-month,2,DSL,Credit card,585.2,No,46-55,7-12 Months,0,4,Medium
CUST-02621,33,Female,3,110.06,Month-to-month,4,Fiber optic,Electronic check,330.18,Yes,26-35,0-6 Months,1,5,High
CUST-02622,31,Male,25,46.0,Month-to-month,3,Fiber optic,Mailed check,1150.0,No,26-35,25-48 Months,0,2,Low
CUST-02623,70,Female,69,146.53,One year,5,Fiber optic,Mailed check,10110.57,No,66+,49-72 Months,0,3,Medium
CUST-02624,65,Male,55,65.5,One year,2,Fiber optic,Mailed check,3602.5,No,56-65,49-72 Months,0,0,Low
CUST-02625,22,Female,40,129.96,One year,1,No,Electronic check,5198.4,No,18-25,25-48 Months,0,1,Low
CUST-02626,58,Female,50,142.9,Month-to-month,2,Fiber optic,Mailed check,7145.0,No,56-65,49-72 Months,0,3,Medium
CUST-02627,43,Female,33,132.41,One year,0,No,Electronic check,4369.53,No,36-45,25-48 Months,0,1,Low
CUST-02628,45,Female,18,28.72,One year,3,Fiber optic,Bank transfer,516.96,No,36-45,13-24 Months,0,0,Low
CUST-02629,19,Male,57,104.54,Month-to-month,1,No,Mailed check,5958.78,Yes,18-25,49-72 Months,1,3,Medium
CUST-02630,67,Male,16,35.61,Month-to-month,3,Fiber optic,Credit card,569.76,No,66+,13-24 Months,0,2,Low
CUST-02631,23,Female,38,20.74,One year,3,Fiber optic,Electronic check,788.12,No,18-25,25-48 Months,0,0,Low
CUST-02632,26,Male,41,26.73,Month-to-month,3,Fiber optic,Mailed check,1095.93,No,26-35,25-48 Months,0,2,Low
CUST-02633,50,Female,7,139.1,One year,4,DSL,Credit card,973.7,Yes,46-55,7-12 Months,1,3,Medium
CUST-02634,58,Female,53,138.1,Month-to-month,5,DSL,Mailed check,7319.3,No,56-65,49-72 Months,0,5,High
CUST-02635,42,Male,63,49.36,Month-to-month,1,DSL,Electronic check,3109.68,Yes,36-45,49-72 Months,1,2,Low
CUST-02636,65,Male,32,91.12,Month-to-month,1,Fiber optic,Electronic check,2915.84,No,56-65,25-48 Months,0,2,Low
CUST-02637,30,Female,38,144.15,Month-to-month,3,DSL,Bank transfer,5477.7,Yes,26-35,25-48 Months,1,3,Medium
CUST-02638,26,Female,22,84.57,Month-to-month,3,Fiber optic,Electronic check,1860.54,No,26-35,13-24 Months,0,2,Low
CUST-02639,70,Male,16,71.17,Two year,3,Fiber optic,Mailed check,1138.72,No,66+,13-24 Months,0,0,Low
CUST-02640,30,Female,52,82.82,Two year,2,No,Electronic check,4306.64,No,26-35,49-72 Months,0,0,Low
CUST-02641,48,Male,29,122.73,One year,5,Fiber optic,Credit card,3559.17,No,46-55,25-48 Months,0,3,Medium
CUST-02642,58,Female,16,82.05,One year,2,DSL,Bank transfer,1312.8,Yes,56-65,13-24 Months,1,0,Low
CUST-02643,28,Female,17,121.83,Month-to-month,1,DSL,Bank transfer,2071.11,No,26-35,13-24 Months,0,3,Medium
CUST-02644,21,Male,64,76.12,One year,3,DSL,Electronic check,4871.68,No,18-25,49-72 Months,0,0,Low
CUST-02645,51,Male,13,52.76,Month-to-month,3,Fiber optic,Mailed check,685.88,No,46-55,13-24 Months,0,2,Low
CUST-02646,55,Male,72,62.44,Month-to-month,3,No,Bank transfer,4495.68,No,46-55,49-72 Months,0,2,Low
CUST-02647,63,Female,56,30.12,Month-to-month,1,DSL,Mailed check,1686.72,No,56-65,49-72 Months,0,2,Low
CUST-02648,21,Female,5,84.66,Month-to-month,4,Fiber optic,Mailed check,423.3,Yes,18-25,0-6 Months,1,4,Medium
CUST-02649,55,Female,12,39.25,Month-to-month,1,Fiber optic,Credit card,471.0,Yes,46-55,7-12 Months,1,4,Medium
CUST-02650,36,Female,41,125.5,Month-to-month,2,DSL,Bank transfer,5145.5,Yes,36-45,25-48 Months,1,3,Medium
CUST-02651,23,Male,3,74.68,Month-to-month,3,No,Electronic check,224.04,Yes,18-25,0-6 Months,1,4,Medium
CUST-02652,51,Female,33,119.45,One year,5,Fiber optic,Mailed check,3941.85,No,46-55,25-48 Months,0,3,Medium
CUST-02653,35,Female,50,144.08,Month-to-month,3,No,Bank transfer,7204.0,No,26-35,49-72 Months,0,3,Medium
CUST-02654,30,Female,56,130.43,Month-to-month,3,Fiber optic,Bank transfer,7304.08,Yes,26-35,49-72 Months,1,3,Medium
CUST-02655,58,Male,9,143.69,Two year,1,DSL,Mailed check,1293.21,No,56-65,7-12 Months,0,3,Medium
CUST-02656,40,Female,50,93.83,Month-to-month,2,Fiber optic,Electronic check,4691.5,No,36-45,49-72 Months,0,2,Low
CUST-02657,36,Female,29,41.49,Two year,0,DSL,Bank transfer,1203.21,Yes,36-45,25-48 Months,1,0,Low
CUST-02658,62,Male,39,141.6,One year,2,Fiber optic,Bank transfer,5522.4,No,56-65,25-48 Months,0,1,Low
CUST-02659,28,Female,45,132.91,Month-to-month,1,No,Electronic check,5980.95,Yes,26-35,25-48 Months,1,3,Medium
CUST-02660,18,Female,17,132.37,Month-to-month,5,Fiber optic,Mailed check,2250.29,No,18-25,13-24 Months,0,5,High
CUST-02661,41,Male,56,110.13,Month-to-month,4,Fiber optic,Mailed check,6167.28,Yes,36-45,49-72 Months,1,3,Medium
CUST-02662,71,Female,46,101.24,Month-to-month,1,Fiber optic,Mailed check,4657.04,No,66+,25-48 Months,0,3,Medium
CUST-02663,24,Female,67,21.91,Month-to-month,0,Fiber optic,Mailed check,1467.97,No,18-25,49-72 Months,0,2,Low
CUST-02664,42,Female,69,117.25,Month-to-month,2,DSL,Electronic check,8090.25,No,36-45,49-72 Months,0,3,Medium
CUST-02665,38,Male,14,31.9,Month-to-month,2,DSL,Credit card,446.6,No,36-45,13-24 Months,0,2,Low
CUST-02666,32,Female,67,53.77,One year,1,DSL,Electronic check,3602.59,No,26-35,49-72 Months,0,0,Low
CUST-02667,18,Female,23,91.69,Month-to-month,0,Fiber optic,Electronic check,2108.87,Yes,18-25,13-24 Months,1,2,Low
CUST-02668,29,Male,61,78.73,One year,5,Fiber optic,Mailed check,4802.53,No,26-35,49-72 Months,0,2,Low
CUST-02669,75,Male,23,22.05,Month-to-month,3,DSL,Bank transfer,507.15,Yes,66+,13-24 Months,1,2,Low
CUST-02670,24,Female,27,127.12,One year,2,No,Electronic check,3432.24,Yes,18-25,25-48 Months,1,1,Low
CUST-02671,32,Female,54,134.24,Month-to-month,2,DSL,Mailed check,7248.96,No,26-35,49-72 Months,0,3,Medium
CUST-02672,38,Female,10,108.64,One year,3,DSL,Bank transfer,1086.4,Yes,36-45,7-12 Months,1,3,Medium
CUST-02673,36,Female,16,90.34,Month-to-month,2,Fiber optic,Electronic check,1445.44,No,36-45,13-24 Months,0,2,Low
CUST-02674,46,Male,41,144.9,One year,3,Fiber optic,Credit card,5940.9,Yes,46-55,25-48 Months,1,1,Low
CUST-02675,42,Female,55,35.59,Month-to-month,3,No,Credit card,1957.45,Yes,36-45,49-72 Months,1,2,Low
CUST-02676,50,Male,61,115.93,Month-to-month,2,Fiber optic,Mailed check,7071.73,No,46-55,49-72 Months,0,3,Medium
CUST-02677,66,Male,49,36.69,Month-to-month,7,DSL,Bank transfer,1797.81,Yes,66+,49-72 Months,1,4,Medium
CUST-02678,49,Female,52,69.64,Month-to-month,0,No,Bank transfer,3621.28,Yes,46-55,49-72 Months,1,2,Low
CUST-02679,66,Female,2,96.11,Month-to-month,2,No,Mailed check,192.22,Yes,66+,0-6 Months,1,4,Medium
CUST-02680,52,Male,50,115.82,Month-to-month,3,No,Mailed check,5791.0,Yes,46-55,49-72 Months,1,3,Medium
CUST-02681,61,Male,43,20.48,Month-to-month,1,No,Bank transfer,880.64,No,56-65,25-48 Months,0,2,Low
CUST-02682,55,Female,8,53.88,Month-to-month,2,DSL,Credit card,431.04,No,46-55,7-12 Months,0,4,Medium
CUST-02683,43,Male,59,89.97,One year,3,No,Credit card,5308.23,No,36-45,49-72 Months,0,0,Low
CUST-02684,28,Female,65,89.27,Two year,1,No,Electronic check,5802.55,No,26-35,49-72 Months,0,0,Low
CUST-02685,52,Female,12,102.89,Month-to-month,3,Fiber optic,Electronic check,1234.68,No,46-55,7-12 Months,0,5,High
CUST-02686,25,Male,4,59.5,One year,2,Fiber optic,Bank transfer,238.0,Yes,18-25,0-6 Months,1,2,Low
CUST-02687,63,Male,41,90.27,Month-to-month,6,Fiber optic,Credit card,3701.07,Yes,56-65,25-48 Months,1,4,Medium
CUST-02688,31,Female,7,44.67,Month-to-month,0,DSL,Electronic check,312.69,Yes,26-35,7-12 Months,1,4,Medium
CUST-02689,27,Male,69,44.29,Month-to-month,5,Fiber optic,Credit card,3056.01,Yes,26-35,49-72 Months,1,4,Medium
CUST-02690,19,Female,69,94.95,Month-to-month,1,No,Credit card,6551.55,No,18-25,49-72 Months,0,2,Low
CUST-02691,63,Female,30,109.11,Two year,3,Fiber optic,Bank transfer,3273.3,Yes,56-65,25-48 Months,1,1,Low
CUST-02692,26,Female,6,35.65,Month-to-month,4,Fiber optic,Credit card,213.9,Yes,26-35,0-6 Months,1,4,Medium
CUST-02693,20,Male,19,35.96,One year,2,Fiber optic,Bank transfer,683.24,No,18-25,13-24 Months,0,0,Low
CUST-02694,38,Female,66,93.49,Month-to-month,1,DSL,Electronic check,6170.34,No,36-45,49-72 Months,0,2,Low
CUST-02695,43,Female,10,55.11,Month-to-month,3,Fiber optic,Mailed check,551.1,No,36-45,7-12 Months,0,4,Medium
CUST-02696,25,Female,16,71.01,Month-to-month,2,Fiber optic,Credit card,1136.16,Yes,18-25,13-24 Months,1,2,Low
CUST-02697,65,Female,37,72.1,One year,4,DSL,Mailed check,2667.7,No,56-65,25-48 Months,0,0,Low
CUST-02698,19,Female,32,43.21,Month-to-month,1,No,Mailed check,1382.72,Yes,18-25,25-48 Months,1,2,Low
CUST-02699,23,Female,47,20.17,Month-to-month,0,No,Bank transfer,947.99,No,18-25,25-48 Months,0,2,Low
CUST-02700,45,Female,72,130.91,Month-to-month,3,DSL,Credit card,9425.52,Yes,36-45,49-72 Months,1,3,Medium
CUST-02701,70,Female,43,112.95,Two year,3,Fiber optic,Credit card,4856.85,No,66+,25-48 Months,0,1,Low
CUST-02702,46,Female,36,109.77,Month-to-month,3,Fiber optic,Electronic check,3951.72,No,46-55,25-48 Months,0,3,Medium
CUST-02703,43,Female,26,91.05,One year,0,Fiber optic,Mailed check,2367.3,No,36-45,25-48 Months,0,0,Low
CUST-02704,42,Female,10,111.13,Month-to-month,4,Fiber optic,Mailed check,1111.3,No,36-45,7-12 Months,0,5,High
CUST-02705,29,Male,31,141.64,Month-to-month,2,Fiber optic,Bank transfer,4390.84,Yes,26-35,25-48 Months,1,3,Medium
CUST-02706,22,Female,29,106.54,Two year,1,Fiber optic,Credit card,3089.66,Yes,18-25,25-48 Months,1,1,Low
CUST-02707,51,Female,5,54.46,One year,5,DSL,Credit card,272.3,Yes,46-55,0-6 Months,1,4,Medium
CUST-02708,65,Female,1,94.17,Month-to-month,0,Fiber optic,Mailed check,94.17,No,56-65,0-6 Months,0,4,Medium
CUST-02709,54,Male,3,77.5,Month-to-month,3,Fiber optic,Electronic check,232.5,Yes,46-55,0-6 Months,1,4,Medium
CUST-02710,32,Female,67,92.33,Month-to-month,2,DSL,Mailed check,6186.11,Yes,26-35,49-72 Months,1,2,Low
CUST-02711,61,Male,71,87.29,One year,6,Fiber optic,Credit card,6197.59,No,56-65,49-72 Months,0,2,Low
CUST-02712,53,Female,35,131.64,Month-to-month,3,DSL,Bank transfer,4607.4,No,46-55,25-48 Months,0,3,Medium
CUST-02713,32,Female,15,104.73,One year,1,Fiber optic,Bank transfer,1570.95,No,26-35,13-24 Months,0,1,Low
CUST-02714,60,Male,67,44.54,Month-to-month,4,DSL,Bank transfer,2984.18,No,56-65,49-72 Months,0,2,Low
CUST-02715,65,Female,30,28.19,Month-to-month,2,Fiber optic,Credit card,845.7,Yes,56-65,25-48 Months,1,2,Low
CUST-02716,40,Male,43,75.17,Two year,5,Fiber optic,Credit card,3232.31,No,36-45,25-48 Months,0,2,Low
CUST-02717,23,Male,60,22.03,Two year,1,Fiber optic,Bank transfer,1321.8,No,18-25,49-72 Months,0,0,Low
CUST-02718,63,Female,40,61.38,Month-to-month,3,Fiber optic,Credit card,2455.2,Yes,56-65,25-48 Months,1,2,Low
CUST-02719,67,Female,65,67.84,Two year,0,Fiber optic,Electronic check,4409.6,No,66+,49-72 Months,0,0,Low
CUST-02720,61,Female,29,68.83,One year,3,No,Bank transfer,1996.07,No,56-65,25-48 Months,0,0,Low
CUST-02721,60,Female,19,147.32,One year,2,Fiber optic,Electronic check,2799.08,No,56-65,13-24 Months,0,1,Low
CUST-02722,62,Male,3,59.51,Two year,1,DSL,Electronic check,178.53,No,56-65,0-6 Months,0,2,Low
CUST-02723,38,Male,36,54.48,Month-to-month,3,No,Credit card,1961.28,No,36-45,25-48 Months,0,2,Low
CUST-02724,40,Female,43,36.82,One year,4,DSL,Credit card,1583.26,No,36-45,25-48 Months,0,0,Low
CUST-02725,60,Male,15,86.43,Two year,5,No,Bank transfer,1296.45,Yes,56-65,13-24 Months,1,2,Low
CUST-02726,72,Male,41,39.98,Month-to-month,2,Fiber optic,Credit card,1639.18,No,66+,25-48 Months,0,2,Low
CUST-02727,33,Female,36,100.12,Month-to-month,5,DSL,Electronic check,3604.32,Yes,26-35,25-48 Months,1,5,High
CUST-02728,64,Male,33,40.17,Month-to-month,4,No,Credit card,1325.61,Yes,56-65,25-48 Months,1,2,Low
CUST-02729,70,Male,5,94.97,One year,3,DSL,Bank transfer,474.85,No,66+,0-6 Months,0,2,Low
CUST-02730,32,Female,14,127.42,One year,3,DSL,Mailed check,1783.88,Yes,26-35,13-24 Months,1,1,Low
CUST-02731,42,Male,68,25.53,Month-to-month,3,Fiber optic,Mailed check,1736.04,No,36-45,49-72 Months,0,2,Low
CUST-02732,53,Female,47,74.57,Month-to-month,3,Fiber optic,Credit card,3504.79,No,46-55,25-48 Months,0,2,Low
CUST-02733,28,Male,54,79.94,Month-to-month,2,DSL,Mailed check,4316.76,No,26-35,49-72 Months,0,2,Low
CUST-02734,68,Female,4,122.84,Month-to-month,3,Fiber optic,Electronic check,491.36,No,66+,0-6 Months,0,5,High
CUST-02735,32,Male,9,80.83,Month-to-month,2,Fiber optic,Mailed check,727.47,No,26-35,7-12 Months,0,4,Medium
CUST-02736,21,Male,53,93.78,Month-to-month,3,DSL,Mailed check,4970.34,No,18-25,49-72 Months,0,2,Low
CUST-02737,38,Female,60,122.86,One year,0,Fiber optic,Electronic check,7371.6,No,36-45,49-72 Months,0,1,Low
CUST-02738,30,Female,46,92.77,Month-to-month,1,No,Bank transfer,4267.42,No,26-35,25-48 Months,0,2,Low
CUST-02739,39,Female,54,66.58,Two year,2,No,Mailed check,3595.32,No,36-45,49-72 Months,0,0,Low
CUST-02740,36,Female,37,31.16,Month-to-month,4,DSL,Mailed check,1152.92,No,36-45,25-48 Months,0,2,Low
CUST-02741,51,Male,23,114.89,Two year,1,Fiber optic,Mailed check,2642.47,Yes,46-55,13-24 Months,1,1,Low
CUST-02742,31,Male,27,133.25,Month-to-month,3,Fiber optic,Bank transfer,3597.75,Yes,26-35,25-48 Months,1,3,Medium
CUST-02743,21,Male,70,146.11,One year,0,No,Credit card,10227.7,No,18-25,49-72 Months,0,1,Low
CUST-02744,65,Female,66,140.46,Month-to-month,3,Fiber optic,Credit card,9270.36,Yes,56-65,49-72 Months,1,3,Medium
CUST-02745,70,Male,61,123.66,Month-to-month,2,DSL,Bank transfer,7543.26,Yes,66+,49-72 Months,1,3,Medium
CUST-02746,69,Male,51,103.65,Month-to-month,3,DSL,Electronic check,5286.15,No,66+,49-72 Months,0,3,Medium
CUST-02747,63,Female,50,121.59,Month-to-month,3,Fiber optic,Credit card,6079.5,Yes,56-65,49-72 Months,1,3,Medium
CUST-02748,44,Female,19,76.17,One year,3,DSL,Bank transfer,1447.23,Yes,36-45,13-24 Months,1,0,Low
CUST-02749,46,Male,1,97.32,Month-to-month,4,Fiber optic,Bank transfer,97.32,No,46-55,0-6 Months,0,4,Medium
CUST-02750,64,Female,40,65.33,Two year,0,DSL,Electronic check,2613.2,No,56-65,25-48 Months,0,0,Low
CUST-02751,45,Male,32,62.47,Month-to-month,2,Fiber optic,Bank transfer,1999.04,Yes,36-45,25-48 Months,1,2,Low
CUST-02752,52,Male,22,118.37,Two year,1,DSL,Credit card,2604.14,No,46-55,13-24 Months,0,1,Low
CUST-02753,25,Female,66,79.01,Month-to-month,3,Fiber optic,Credit card,5214.66,No,18-25,49-72 Months,0,2,Low
CUST-02754,33,Male,40,47.58,Month-to-month,2,Fiber optic,Bank transfer,1903.2,Yes,26-35,25-48 Months,1,2,Low
CUST-02755,59,Female,38,46.25,Month-to-month,2,Fiber optic,Bank transfer,1757.5,Yes,56-65,25-48 Months,1,2,Low
CUST-02756,53,Female,48,131.69,Two year,4,Fiber optic,Electronic check,6321.12,No,46-55,25-48 Months,0,1,Low
CUST-02757,47,Male,55,108.11,Month-to-month,2,Fiber optic,Electronic check,5946.05,No,46-55,49-72 Months,0,3,Medium
CUST-02758,35,Male,55,90.99,Month-to-month,1,DSL,Mailed check,5004.45,Yes,26-35,49-72 Months,1,2,Low
CUST-02759,19,Male,51,72.12,Month-to-month,1,DSL,Bank transfer,3678.12,No,18-25,49-72 Months,0,2,Low
CUST-02760,66,Female,60,76.01,Month-to-month,2,Fiber optic,Mailed check,4560.6,Yes,66+,49-72 Months,1,2,Low
CUST-02761,30,Male,8,27.47,One year,2,DSL,Mailed check,219.76,Yes,26-35,7-12 Months,1,2,Low
CUST-02762,21,Female,68,79.14,Month-to-month,4,DSL,Mailed check,5381.52,No,18-25,49-72 Months,0,2,Low
CUST-02763,43,Female,72,123.41,One year,1,DSL,Mailed check,8885.52,No,36-45,49-72 Months,0,1,Low
CUST-02764,42,Male,9,70.44,One year,1,Fiber optic,Credit card,633.96,No,36-45,7-12 Months,0,2,Low
CUST-02765,47,Female,2,69.87,Two year,4,Fiber optic,Electronic check,139.74,Yes,46-55,0-6 Months,1,2,Low
CUST-02766,28,Male,70,22.04,Month-to-month,2,DSL,Bank transfer,1542.8,Yes,26-35,49-72 Months,1,2,Low
CUST-02767,24,Male,59,79.52,Month-to-month,4,DSL,Electronic check,4691.68,No,18-25,49-72 Months,0,2,Low
CUST-02768,48,Male,19,23.29,Two year,5,Fiber optic,Electronic check,442.51,No,46-55,13-24 Months,0,2,Low
CUST-02769,61,Male,28,94.15,Month-to-month,5,Fiber optic,Electronic check,2636.2,No,56-65,25-48 Months,0,4,Medium
CUST-02770,27,Male,72,85.88,Month-to-month,3,Fiber optic,Electronic check,6183.36,Yes,26-35,49-72 Months,1,2,Low
CUST-02771,56,Male,14,129.2,Two year,2,No,Electronic check,1808.8,No,56-65,13-24 Months,0,1,Low
CUST-02772,30,Male,24,95.63,Month-to-month,1,Fiber optic,Electronic check,2295.12,No,26-35,13-24 Months,0,2,Low
CUST-02773,48,Female,44,62.05,Month-to-month,1,Fiber optic,Credit card,2730.2,No,46-55,25-48 Months,0,2,Low
CUST-02774,24,Male,56,87.11,Month-to-month,2,Fiber optic,Electronic check,4878.16,Yes,18-25,49-72 Months,1,2,Low
CUST-02775,73,Female,51,110.96,Month-to-month,3,Fiber optic,Bank transfer,5658.96,No,66+,49-72 Months,0,3,Medium
CUST-02776,66,Female,32,32.22,Month-to-month,2,DSL,Bank transfer,1031.04,No,66+,25-48 Months,0,2,Low
CUST-02777,59,Female,50,100.74,Month-to-month,8,Fiber optic,Mailed check,5037.0,Yes,56-65,49-72 Months,1,5,High
CUST-02778,59,Male,41,139.16,Month-to-month,2,Fiber optic,Mailed check,5705.56,Yes,56-65,25-48 Months,1,3,Medium
CUST-02779,73,Female,66,58.89,Two year,2,Fiber optic,Electronic check,3886.74,No,66+,49-72 Months,0,0,Low
CUST-02780,53,Female,25,101.46,One year,5,DSL,Mailed check,2536.5,No,46-55,25-48 Months,0,3,Medium
CUST-02781,37,Male,61,126.77,One year,2,Fiber optic,Mailed check,7732.97,No,36-45,49-72 Months,0,1,Low
CUST-02782,21,Male,66,86.53,Month-to-month,1,Fiber optic,Electronic check,5710.98,Yes,18-25,49-72 Months,1,2,Low
CUST-02783,71,Female,42,113.34,Two year,3,Fiber optic,Mailed check,4760.28,No,66+,25-48 Months,0,1,Low
CUST-02784,24,Male,65,60.43,Two year,2,DSL,Bank transfer,3927.95,No,18-25,49-72 Months,0,0,Low
CUST-02785,71,Male,36,59.79,Two year,5,Fiber optic,Electronic check,2152.44,No,66+,25-48 Months,0,2,Low
CUST-02786,18,Male,9,106.79,Two year,4,No,Bank transfer,961.11,No,18-25,7-12 Months,0,3,Medium
CUST-02787,61,Male,36,111.7,Month-to-month,2,Fiber optic,Bank transfer,4021.2,No,56-65,25-48 Months,0,3,Medium
CUST-02788,73,Female,38,141.81,One year,3,DSL,Credit card,5388.78,No,66+,25-48 Months,0,1,Low
CUST-02789,62,Male,33,49.23,One year,7,Fiber optic,Credit card,1624.59,Yes,56-65,25-48 Months,1,2,Low
CUST-02790,59,Male,42,80.87,Month-to-month,1,No,Mailed check,3396.54,No,56-65,25-48 Months,0,2,Low
CUST-02791,64,Male,61,52.57,Month-to-month,6,Fiber optic,Bank transfer,3206.77,Yes,56-65,49-72 Months,1,4,Medium
CUST-02792,30,Female,46,30.41,Month-to-month,3,DSL,Mailed check,1398.86,No,26-35,25-48 Months,0,2,Low
CUST-02793,72,Female,61,72.42,Month-to-month,0,Fiber optic,Electronic check,4417.62,No,66+,49-72 Months,0,2,Low
CUST-02794,39,Male,18,68.63,Two year,2,Fiber optic,Bank transfer,1235.34,Yes,36-45,13-24 Months,1,0,Low
CUST-02795,71,Male,70,55.16,One year,1,Fiber optic,Mailed check,3861.2,No,66+,49-72 Months,0,0,Low
CUST-02796,38,Female,15,58.61,Month-to-month,4,Fiber optic,Bank transfer,879.15,No,36-45,13-24 Months,0,2,Low
CUST-02797,39,Male,48,66.85,Month-to-month,2,Fiber optic,Mailed check,3208.8,Yes,36-45,25-48 Months,1,2,Low
CUST-02798,45,Male,72,148.55,One year,2,DSL,Electronic check,10695.6,No,36-45,49-72 Months,0,1,Low
CUST-02799,26,Female,13,121.78,Month-to-month,2,Fiber optic,Credit card,1583.14,No,26-35,13-24 Months,0,3,Medium
CUST-02800,43,Male,43,29.28,Month-to-month,3,Fiber optic,Bank transfer,1259.04,No,36-45,25-48 Months,0,2,Low
CUST-02801,26,Male,60,133.41,Month-to-month,1,Fiber optic,Mailed check,8004.6,No,26-35,49-72 Months,0,3,Medium
CUST-02802,32,Female,57,102.33,Month-to-month,4,DSL,Credit card,5832.81,No,26-35,49-72 Months,0,3,Medium
CUST-02803,27,Female,71,135.78,Month-to-month,4,Fiber optic,Electronic check,9640.38,Yes,26-35,49-72 Months,1,3,Medium
CUST-02804,41,Male,17,64.42,One year,2,DSL,Credit card,1095.14,No,36-45,13-24 Months,0,0,Low
CUST-02805,75,Female,50,80.39,Month-to-month,2,Fiber optic,Electronic check,4019.5,No,66+,49-72 Months,0,2,Low
CUST-02806,74,Male,32,136.51,Month-to-month,3,DSL,Mailed check,4368.32,No,66+,25-48 Months,0,3,Medium
CUST-02807,59,Male,22,55.43,One year,4,DSL,Electronic check,1219.46,No,56-65,13-24 Months,0,0,Low
CUST-02808,25,Male,55,139.02,One year,2,Fiber optic,Credit card,7646.1,Yes,18-25,49-72 Months,1,1,Low
CUST-02809,41,Female,57,127.7,Month-to-month,3,No,Mailed check,7278.9,No,36-45,49-72 Months,0,3,Medium
CUST-02810,33,Female,13,147.47,One year,2,No,Mailed check,1917.11,No,26-35,13-24 Months,0,1,Low
CUST-02811,66,Male,47,62.15,Two year,4,Fiber optic,Bank transfer,2921.05,No,66+,25-48 Months,0,0,Low
CUST-02812,43,Male,62,50.65,Two year,2,Fiber optic,Mailed check,3140.3,No,36-45,49-72 Months,0,0,Low
CUST-02813,44,Female,54,63.01,One year,6,DSL,Mailed check,3402.54,No,36-45,49-72 Months,0,2,Low
CUST-02814,54,Female,29,144.1,One year,1,DSL,Mailed check,4178.9,Yes,46-55,25-48 Months,1,1,Low
CUST-02815,21,Female,22,63.3,Month-to-month,4,Fiber optic,Bank transfer,1392.6,No,18-25,13-24 Months,0,2,Low
CUST-02816,67,Male,65,93.48,One year,2,Fiber optic,Electronic check,6076.2,No,66+,49-72 Months,0,0,Low
CUST-02817,41,Female,29,72.48,One year,2,No,Credit card,2101.92,Yes,36-45,25-48 Months,1,0,Low
CUST-02818,36,Female,48,71.51,Month-to-month,4,No,Mailed check,3432.48,Yes,36-45,25-48 Months,1,2,Low
CUST-02819,53,Male,5,45.14,Month-to-month,3,No,Credit card,225.7,No,46-55,0-6 Months,0,4,Medium
CUST-02820,56,Male,35,89.82,One year,2,DSL,Credit card,3143.7,Yes,56-65,25-48 Months,1,0,Low
CUST-02821,27,Male,71,130.42,Two year,4,No,Mailed check,9259.82,Yes,26-35,49-72 Months,1,1,Low
CUST-02822,42,Female,46,26.43,Month-to-month,1,Fiber optic,Credit card,1215.78,No,36-45,25-48 Months,0,2,Low
CUST-02823,35,Male,35,135.6,Month-to-month,3,No,Electronic check,4746.0,Yes,26-35,25-48 Months,1,3,Medium
CUST-02824,36,Male,45,106.51,One year,5,Fiber optic,Credit card,4792.95,No,36-45,25-48 Months,0,3,Medium
CUST-02825,53,Male,13,100.18,Month-to-month,1,Fiber optic,Credit card,1302.34,No,46-55,13-24 Months,0,3,Medium
CUST-02826,27,Male,10,101.37,One year,0,DSL,Bank transfer,1013.7,No,26-35,7-12 Months,0,3,Medium
CUST-02827,50,Female,66,58.52,Month-to-month,4,DSL,Electronic check,3862.32,Yes,46-55,49-72 Months,1,2,Low
CUST-02828,72,Male,70,73.97,Month-to-month,4,Fiber optic,Credit card,5177.9,No,66+,49-72 Months,0,2,Low
CUST-02829,67,Female,72,123.91,One year,2,No,Mailed check,8921.52,No,66+,49-72 Months,0,1,Low
CUST-02830,22,Female,25,59.83,Month-to-month,4,DSL,Credit card,1495.75,Yes,18-25,25-48 Months,1,2,Low
CUST-02831,64,Female,44,81.1,Month-to-month,2,DSL,Mailed check,3568.4,Yes,56-65,25-48 Months,1,2,Low
CUST-02832,66,Male,60,22.55,Month-to-month,1,DSL,Electronic check,1353.0,No,66+,49-72 Months,0,2,Low
CUST-02833,52,Female,47,115.36,Month-to-month,2,DSL,Electronic check,5421.92,No,46-55,25-48 Months,0,3,Medium
CUST-02834,61,Male,40,74.3,One year,1,DSL,Bank transfer,2972.0,No,56-65,25-48 Months,0,0,Low
CUST-02835,51,Male,7,88.3,Month-to-month,4,DSL,Mailed check,618.1,Yes,46-55,7-12 Months,1,4,Medium
CUST-02836,50,Male,46,34.91,Month-to-month,6,DSL,Mailed check,1605.86,Yes,46-55,25-48 Months,1,4,Medium
CUST-02837,72,Female,23,148.92,Month-to-month,6,No,Electronic check,3425.16,No,66+,13-24 Months,0,5,High
CUST-02838,38,Male,46,59.32,Month-to-month,1,No,Mailed check,2728.72,No,36-45,25-48 Months,0,2,Low
CUST-02839,34,Male,13,102.55,One year,1,Fiber optic,Mailed check,1333.15,No,26-35,13-24 Months,0,1,Low
CUST-02840,39,Male,21,95.56,Month-to-month,0,No,Credit card,2006.76,No,36-45,13-24 Months,0,2,Low
CUST-02841,65,Female,1,122.06,Two year,2,DSL,Bank transfer,122.06,No,56-65,0-6 Months,0,3,Medium
CUST-02842,54,Female,19,58.2,Month-to-month,3,Fiber optic,Credit card,1105.8,No,46-55,13-24 Months,0,2,Low
CUST-02843,32,Female,60,118.27,Month-to-month,1,Fiber optic,Electronic check,7096.2,Yes,26-35,49-72 Months,1,3,Medium
CUST-02844,52,Male,33,69.73,One year,1,DSL,Mailed check,2301.09,No,46-55,25-48 Months,0,0,Low
CUST-02845,45,Female,4,73.45,Two year,4,Fiber optic,Mailed check,293.8,No,36-45,0-6 Months,0,2,Low
CUST-02846,24,Male,3,107.45,Two year,4,No,Electronic check,322.35,No,18-25,0-6 Months,0,3,Medium
CUST-02847,49,Male,52,121.96,Month-to-month,3,DSL,Mailed check,6341.92,No,46-55,49-72 Months,0,3,Medium
CUST-02848,28,Female,28,106.69,Month-to-month,2,DSL,Electronic check,2987.32,No,26-35,25-48 Months,0,3,Medium
CUST-02849,27,Male,70,136.98,Two year,2,No,Bank transfer,9588.6,No,26-35,49-72 Months,0,1,Low
CUST-02850,26,Female,70,57.07,Month-to-month,4,DSL,Mailed check,3994.9,No,26-35,49-72 Months,0,2,Low
CUST-02851,31,Male,55,137.08,Two year,3,Fiber optic,Credit card,7539.4,No,26-35,49-72 Months,0,1,Low
CUST-02852,30,Female,57,37.01,One year,4,No,Credit card,2109.57,No,26-35,49-72 Months,0,0,Low
CUST-02853,74,Male,16,105.74,Two year,1,No,Bank transfer,1691.84,Yes,66+,13-24 Months,1,1,Low
CUST-02854,42,Male,24,91.19,Two year,1,No,Electronic check,2188.56,No,36-45,13-24 Months,0,0,Low
CUST-02855,19,Male,69,84.3,Month-to-month,3,Fiber optic,Mailed check,5816.7,No,18-25,49-72 Months,0,2,Low
CUST-02856,52,Male,41,60.42,One year,3,DSL,Mailed check,2477.22,No,46-55,25-48 Months,0,0,Low
CUST-02857,24,Male,47,85.49,Month-to-month,2,Fiber optic,Credit card,4018.03,Yes,18-25,25-48 Months,1,2,Low
CUST-02858,38,Female,69,41.03,Month-to-month,2,Fiber optic,Electronic check,2831.07,No,36-45,49-72 Months,0,2,Low
CUST-02859,35,Male,31,68.01,Month-to-month,8,Fiber optic,Electronic check,2108.31,No,26-35,25-48 Months,0,4,Medium
CUST-02860,20,Female,30,32.83,Month-to-month,5,No,Mailed check,984.9,Yes,18-25,25-48 Months,1,4,Medium
CUST-02861,59,Female,18,94.34,One year,4,No,Mailed check,1698.12,No,56-65,13-24 Months,0,0,Low
CUST-02862,71,Female,44,32.45,Two year,0,Fiber optic,Credit card,1427.8,No,66+,25-48 Months,0,0,Low
CUST-02863,56,Male,27,40.84,One year,3,DSL,Electronic check,1102.68,No,56-65,25-48 Months,0,0,Low
CUST-02864,58,Male,26,31.11,Month-to-month,2,DSL,Mailed check,808.86,Yes,56-65,25-48 Months,1,2,Low
CUST-02865,66,Male,60,69.57,Two year,1,Fiber optic,Mailed check,4174.2,No,66+,49-72 Months,0,0,Low
CUST-02866,28,Female,18,129.45,Two year,2,DSL,Credit card,2330.1,No,26-35,13-24 Months,0,1,Low
CUST-02867,56,Male,56,137.9,One year,6,DSL,Credit card,7722.4,No,56-65,49-72 Months,0,3,Medium
CUST-02868,41,Male,31,29.35,One year,2,Fiber optic,Mailed check,909.85,No,36-45,25-48 Months,0,0,Low
CUST-02869,63,Female,59,102.49,Two year,1,Fiber optic,Bank transfer,6046.91,Yes,56-65,49-72 Months,1,1,Low
CUST-02870,36,Female,2,108.97,Month-to-month,0,Fiber optic,Credit card,217.94,No,36-45,0-6 Months,0,5,High
CUST-02871,21,Female,39,89.39,Two year,2,DSL,Mailed check,3486.21,No,18-25,25-48 Months,0,0,Low
CUST-02872,43,Female,61,106.71,Two year,2,Fiber optic,Bank transfer,6509.31,No,36-45,49-72 Months,0,1,Low
CUST-02873,55,Female,63,50.38,Two year,1,DSL,Mailed check,3173.94,No,46-55,49-72 Months,0,0,Low
CUST-02874,59,Female,18,83.65,Month-to-month,3,Fiber optic,Electronic check,1505.7,No,56-65,13-24 Months,0,2,Low
CUST-02875,49,Male,17,70.81,Two year,2,Fiber optic,Bank transfer,1203.77,Yes,46-55,13-24 Months,1,0,Low
CUST-02876,56,Female,39,31.66,Month-to-month,3,Fiber optic,Electronic check,1234.74,No,56-65,25-48 Months,0,2,Low
CUST-02877,62,Male,71,101.32,One year,0,DSL,Mailed check,7193.72,No,56-65,49-72 Months,0,1,Low
CUST-02878,63,Male,54,84.38,Two year,1,DSL,Bank transfer,4556.52,No,56-65,49-72 Months,0,0,Low
CUST-02879,53,Male,35,55.77,Month-to-month,0,No,Electronic check,1951.95,Yes,46-55,25-48 Months,1,2,Low
CUST-02880,57,Female,11,81.58,Month-to-month,4,DSL,Credit card,897.38,Yes,56-65,7-12 Months,1,4,Medium
CUST-02881,54,Male,61,120.79,Two year,2,Fiber optic,Bank transfer,7368.19,No,46-55,49-72 Months,0,1,Low
CUST-02882,50,Female,44,124.22,Two year,3,DSL,Credit card,5465.68,Yes,46-55,25-48 Months,1,1,Low
CUST-02883,53,Female,68,104.44,Two year,2,DSL,Credit card,7101.92,No,46-55,49-72 Months,0,1,Low
CUST-02884,20,Male,25,80.81,Month-to-month,5,DSL,Electronic check,2020.25,Yes,18-25,25-48 Months,1,4,Medium
CUST-02885,26,Female,48,94.85,One year,5,No,Mailed check,4552.8,Yes,26-35,25-48 Months,1,2,Low
CUST-02886,25,Male,32,70.05,Month-to-month,3,DSL,Electronic check,2241.6,No,18-25,25-48 Months,0,2,Low
CUST-02887,50,Male,4,36.45,One year,4,No,Mailed check,145.8,No,46-55,0-6 Months,0,2,Low
CUST-02888,23,Female,38,70.13,Month-to-month,5,Fiber optic,Electronic check,2664.94,No,18-25,25-48 Months,0,4,Medium
CUST-02889,58,Male,63,88.94,One year,5,Fiber optic,Electronic check,5603.22,Yes,56-65,49-72 Months,1,2,Low
CUST-02890,56,Male,47,97.85,Month-to-month,1,Fiber optic,Bank transfer,4598.95,Yes,56-65,25-48 Months,1,2,Low
CUST-02891,21,Male,1,141.65,Two year,4,No,Mailed check,141.65,Yes,18-25,0-6 Months,1,3,Medium
CUST-02892,30,Female,3,121.05,One year,2,Fiber optic,Credit card,363.15,No,26-35,0-6 Months,0,3,Medium
CUST-02893,66,Male,62,39.76,One year,2,Fiber optic,Mailed check,2465.12,No,66+,49-72 Months,0,0,Low
CUST-02894,19,Female,64,42.64,Month-to-month,0,Fiber optic,Mailed check,2728.96,No,18-25,49-72 Months,0,2,Low
CUST-02895,22,Female,17,33.06,One year,4,DSL,Electronic check,562.02,No,18-25,13-24 Months,0,0,Low
CUST-02896,61,Male,62,115.96,Month-to-month,1,DSL,Credit card,7189.52,No,56-65,49-72 Months,0,3,Medium
CUST-02897,44,Male,35,111.8,Month-to-month,3,No,Bank transfer,3913.0,No,36-45,25-48 Months,0,3,Medium
CUST-02898,49,Female,13,148.23,One year,0,Fiber optic,Electronic check,1926.99,No,46-55,13-24 Months,0,1,Low
CUST-02899,38,Female,35,87.86,Two year,3,Fiber optic,Bank transfer,3075.1,No,36-45,25-48 Months,0,0,Low
CUST-02900,25,Male,43,127.43,Month-to-month,3,Fiber optic,Bank transfer,5479.49,No,18-25,25-48 Months,0,3,Medium
CUST-02901,55,Male,2,94.94,Month-to-month,2,Fiber optic,Mailed check,189.88,Yes,46-55,0-6 Months,1,4,Medium
CUST-02902,25,Female,56,133.63,One year,2,Fiber optic,Credit card,7483.28,No,18-25,49-72 Months,0,1,Low
CUST-02903,67,Female,51,113.73,Two year,2,Fiber optic,Mailed check,5800.23,No,66+,49-72 Months,0,1,Low
CUST-02904,20,Female,54,103.57,Month-to-month,4,Fiber optic,Credit card,5592.78,No,18-25,49-72 Months,0,3,Medium
CUST-02905,71,Female,16,93.47,Two year,5,DSL,Bank transfer,1495.52,No,66+,13-24 Months,0,2,Low
CUST-02906,61,Female,18,113.99,Two year,3,DSL,Mailed check,2051.82,No,56-65,13-24 Months,0,1,Low
CUST-02907,75,Male,7,74.55,Month-to-month,3,No,Bank transfer,521.85,No,66+,7-12 Months,0,4,Medium
CUST-02908,20,Female,45,32.55,Month-to-month,4,No,Electronic check,1464.75,No,18-25,25-48 Months,0,2,Low
CUST-02909,39,Female,36,25.2,One year,1,Fiber optic,Credit card,907.2,No,36-45,25-48 Months,0,0,Low
CUST-02910,23,Male,41,82.27,Two year,2,Fiber optic,Bank transfer,3373.07,No,18-25,25-48 Months,0,0,Low
CUST-02911,19,Male,42,97.91,One year,3,Fiber optic,Bank transfer,4112.22,No,18-25,25-48 Months,0,0,Low
CUST-02912,40,Female,7,30.25,Month-to-month,1,Fiber optic,Credit card,211.75,Yes,36-45,7-12 Months,1,4,Medium
CUST-02913,61,Female,15,57.3,Month-to-month,3,DSL,Bank transfer,859.5,No,56-65,13-24 Months,0,2,Low
CUST-02914,19,Male,60,61.86,Month-to-month,2,Fiber optic,Electronic check,3711.6,No,18-25,49-72 Months,0,2,Low
CUST-02915,55,Female,40,93.16,One year,1,DSL,Bank transfer,3726.4,No,46-55,25-48 Months,0,0,Low
CUST-02916,34,Female,37,56.2,Month-to-month,4,No,Bank transfer,2079.4,Yes,26-35,25-48 Months,1,2,Low
CUST-02917,52,Male,66,32.43,Month-to-month,9,Fiber optic,Credit card,2140.38,No,46-55,49-72 Months,0,4,Medium
CUST-02918,51,Female,55,41.43,Month-to-month,3,DSL,Credit card,2278.65,Yes,46-55,49-72 Months,1,2,Low
CUST-02919,40,Male,56,42.61,Month-to-month,1,No,Electronic check,2386.16,No,36-45,49-72 Months,0,2,Low
CUST-02920,47,Male,44,129.55,Month-to-month,3,No,Bank transfer,5700.2,No,46-55,25-48 Months,0,3,Medium
CUST-02921,69,Male,57,56.96,Month-to-month,3,Fiber optic,Mailed check,3246.72,No,66+,49-72 Months,0,2,Low
CUST-02922,25,Male,6,112.91,Two year,4,Fiber optic,Electronic check,677.46,No,18-25,0-6 Months,0,3,Medium
CUST-02923,39,Female,32,93.82,Month-to-month,2,Fiber optic,Mailed check,3002.24,Yes,36-45,25-48 Months,1,2,Low
CUST-02924,61,Male,18,147.02,One year,5,Fiber optic,Bank transfer,2646.36,No,56-65,13-24 Months,0,3,Medium
CUST-02925,75,Female,68,55.47,Month-to-month,5,Fiber optic,Bank transfer,3771.96,Yes,66+,49-72 Months,1,4,Medium
CUST-02926,53,Female,7,40.59,Month-to-month,4,Fiber optic,Credit card,284.13,Yes,46-55,7-12 Months,1,4,Medium
CUST-02927,22,Female,8,26.76,Month-to-month,1,No,Electronic check,214.08,No,18-25,7-12 Months,0,4,Medium
CUST-02928,30,Female,64,51.32,Month-to-month,2,Fiber optic,Mailed check,3284.48,Yes,26-35,49-72 Months,1,2,Low
CUST-02929,46,Female,7,108.93,Month-to-month,1,DSL,Bank transfer,762.51,No,46-55,7-12 Months,0,5,High
CUST-02930,48,Male,41,31.08,Two year,1,DSL,Bank transfer,1274.28,No,46-55,25-48 Months,0,0,Low
CUST-02931,64,Male,40,51.81,Month-to-month,9,DSL,Credit card,2072.4,Yes,56-65,25-48 Months,1,4,Medium
CUST-02932,74,Male,3,131.19,Month-to-month,0,Fiber optic,Credit card,393.57,No,66+,0-6 Months,0,5,High
CUST-02933,72,Male,17,95.78,Two year,3,DSL,Credit card,1628.26,No,66+,13-24 Months,0,0,Low
CUST-02934,33,Female,66,29.04,Month-to-month,2,No,Electronic check,1916.64,Yes,26-35,49-72 Months,1,2,Low
CUST-02935,59,Male,52,26.2,One year,1,No,Electronic check,1362.4,Yes,56-65,49-72 Months,1,0,Low
CUST-02936,47,Female,22,27.95,Month-to-month,3,Fiber optic,Bank transfer,614.9,No,46-55,13-24 Months,0,2,Low
CUST-02937,74,Female,4,142.44,Month-to-month,2,No,Mailed check,569.76,Yes,66+,0-6 Months,1,5,High
CUST-02938,72,Male,6,130.48,One year,2,DSL,Electronic check,782.88,No,66+,0-6 Months,0,3,Medium
CUST-02939,33,Male,38,129.84,Two year,2,Fiber optic,Credit card,4933.92,No,26-35,25-48 Months,0,1,Low
CUST-02940,29,Male,26,140.15,Month-to-month,3,Fiber optic,Credit card,3643.9,Yes,26-35,25-48 Months,1,3,Medium
CUST-02941,34,Male,11,85.68,Month-to-month,1,DSL,Electronic check,942.48,No,26-35,7-12 Months,0,4,Medium
CUST-02942,33,Female,17,52.15,Month-to-month,1,No,Bank transfer,886.55,No,26-35,13-24 Months,0,2,Low
CUST-02943,29,Female,31,72.18,Month-to-month,4,Fiber optic,Bank transfer,2237.58,No,26-35,25-48 Months,0,2,Low
CUST-02944,25,Male,35,113.45,Two year,5,DSL,Bank transfer,3970.75,No,18-25,25-48 Months,0,3,Medium
CUST-02945,37,Female,16,133.88,Month-to-month,4,DSL,Bank transfer,2142.08,No,36-45,13-24 Months,0,3,Medium
CUST-02946,20,Female,18,76.56,Two year,2,Fiber optic,Credit card,1378.08,No,18-25,13-24 Months,0,0,Low
CUST-02947,33,Female,62,89.6,Month-to-month,2,DSL,Electronic check,5555.2,No,26-35,49-72 Months,0,2,Low
CUST-02948,47,Male,27,141.13,Two year,2,DSL,Credit card,3810.51,Yes,46-55,25-48 Months,1,1,Low
CUST-02949,62,Female,35,33.97,Month-to-month,1,Fiber optic,Mailed check,1188.95,No,56-65,25-48 Months,0,2,Low
CUST-02950,40,Male,45,132.1,Two year,2,No,Bank transfer,5944.5,No,36-45,25-48 Months,0,1,Low
CUST-02951,45,Male,35,40.71,Month-to-month,2,No,Bank transfer,1424.85,Yes,36-45,25-48 Months,1,2,Low
CUST-02952,68,Female,28,82.9,One year,2,Fiber optic,Mailed check,2321.2,No,66+,25-48 Months,0,0,Low
CUST-02953,57,Female,9,48.4,One year,1,Fiber optic,Mailed check,435.6,No,56-65,7-12 Months,0,2,Low
CUST-02954,71,Male,15,98.38,Month-to-month,0,No,Credit card,1475.7,No,66+,13-24 Months,0,2,Low
CUST-02955,22,Female,21,92.61,Two year,2,Fiber optic,Mailed check,1944.81,No,18-25,13-24 Months,0,0,Low
CUST-02956,37,Female,52,69.4,One year,3,Fiber optic,Bank transfer,3608.8,No,36-45,49-72 Months,0,0,Low
CUST-02957,57,Male,35,132.23,Two year,1,Fiber optic,Mailed check,4628.05,No,56-65,25-48 Months,0,1,Low
CUST-02958,73,Male,51,105.78,Month-to-month,1,Fiber optic,Credit card,5394.78,Yes,66+,49-72 Months,1,3,Medium
CUST-02959,61,Male,55,113.76,One year,1,DSL,Mailed check,6256.8,Yes,56-65,49-72 Months,1,1,Low
CUST-02960,18,Male,44,39.59,Two year,2,No,Mailed check,1741.96,Yes,18-25,25-48 Months,1,0,Low
CUST-02961,74,Female,65,134.81,Month-to-month,5,Fiber optic,Credit card,8762.65,Yes,66+,49-72 Months,1,5,High
CUST-02962,47,Female,25,41.72,Month-to-month,1,Fiber optic,Credit card,1043.0,No,46-55,25-48 Months,0,2,Low
CUST-02963,38,Male,47,48.96,Two year,3,Fiber optic,Credit card,2301.12,Yes,36-45,25-48 Months,1,0,Low
CUST-02964,37,Male,56,36.65,Month-to-month,0,DSL,Bank transfer,2052.4,Yes,36-45,49-72 Months,1,2,Low
CUST-02965,23,Male,38,77.25,Month-to-month,3,DSL,Bank transfer,2935.5,No,18-25,25-48 Months,0,2,Low
CUST-02966,39,Female,11,135.4,Month-to-month,1,DSL,Mailed check,1489.4,Yes,36-45,7-12 Months,1,5,High
CUST-02967,35,Male,67,52.82,Two year,2,DSL,Bank transfer,3538.94,No,26-35,49-72 Months,0,0,Low
CUST-02968,25,Female,15,68.59,Two year,1,DSL,Electronic check,1028.85,No,18-25,13-24 Months,0,0,Low
CUST-02969,56,Male,1,129.99,Two year,3,Fiber optic,Credit card,129.99,No,56-65,0-6 Months,0,3,Medium
CUST-02970,49,Male,7,100.32,One year,2,No,Electronic check,702.24,No,46-55,7-12 Months,0,3,Medium
CUST-02971,50,Male,1,117.71,Month-to-month,2,Fiber optic,Credit card,117.71,Yes,46-55,0-6 Months,1,5,High
CUST-02972,70,Female,49,47.82,Month-to-month,1,DSL,Mailed check,2343.18,No,66+,49-72 Months,0,2,Low
CUST-02973,33,Female,29,113.14,Month-to-month,2,Fiber optic,Credit card,3281.06,No,26-35,25-48 Months,0,3,Medium
CUST-02974,29,Female,26,49.59,Month-to-month,2,Fiber optic,Bank transfer,1289.34,No,26-35,25-48 Months,0,2,Low
CUST-02975,55,Male,45,148.35,Month-to-month,2,Fiber optic,Mailed check,6675.75,Yes,46-55,25-48 Months,1,3,Medium
CUST-02976,69,Female,71,92.79,Two year,2,DSL,Credit card,6588.09,No,66+,49-72 Months,0,0,Low
CUST-02977,51,Female,12,110.43,Two year,2,Fiber optic,Mailed check,1325.16,No,46-55,7-12 Months,0,3,Medium
CUST-02978,31,Male,32,35.39,One year,2,No,Mailed check,1132.48,No,26-35,25-48 Months,0,0,Low
CUST-02979,53,Male,20,52.59,Two year,2,Fiber optic,Mailed check,1051.8,No,46-55,13-24 Months,0,0,Low
CUST-02980,50,Female,51,38.17,Two year,1,DSL,Electronic check,1946.67,No,46-55,49-72 Months,0,0,Low
CUST-02981,40,Female,36,70.72,One year,2,Fiber optic,Bank transfer,2545.92,No,36-45,25-48 Months,0,0,Low
CUST-02982,67,Female,67,56.94,Month-to-month,0,DSL,Mailed check,3814.98,Yes,66+,49-72 Months,1,2,Low
CUST-02983,62,Female,1,115.28,Month-to-month,3,Fiber optic,Bank transfer,115.28,No,56-65,0-6 Months,0,5,High
CUST-02984,19,Male,27,34.13,Month-to-month,4,No,Credit card,921.51,No,18-25,25-48 Months,0,2,Low
CUST-02985,58,Male,40,117.77,Month-to-month,1,Fiber optic,Mailed check,4710.8,Yes,56-65,25-48 Months,1,3,Medium
CUST-02986,38,Male,14,25.94,Month-to-month,4,Fiber optic,Bank transfer,363.16,No,36-45,13-24 Months,0,2,Low
CUST-02987,19,Female,69,46.26,Two year,4,Fiber optic,Mailed check,3191.94,No,18-25,49-72 Months,0,0,Low
CUST-02988,44,Female,6,122.96,Month-to-month,4,DSL,Electronic check,737.76,No,36-45,0-6 Months,0,5,High
CUST-02989,74,Male,33,116.56,Month-to-month,6,DSL,Credit card,3846.48,No,66+,25-48 Months,0,5,High
CUST-02990,26,Male,55,81.92,One year,4,Fiber optic,Electronic check,4505.6,No,26-35,49-72 Months,0,0,Low
CUST-02991,18,Female,19,26.5,One year,1,DSL,Mailed check,503.5,No,18-25,13-24 Months,0,0,Low
CUST-02992,28,Female,29,99.29,Month-to-month,3,Fiber optic,Bank transfer,2879.41,No,26-35,25-48 Months,0,2,Low
CUST-02993,20,Male,61,72.87,Month-to-month,2,DSL,Mailed check,4445.07,Yes,18-25,49-72 Months,1,2,Low
CUST-02994,69,Male,70,61.15,Two year,2,Fiber optic,Mailed check,4280.5,No,66+,49-72 Months,0,0,Low
CUST-02995,40,Male,24,103.25,Month-to-month,3,Fiber optic,Mailed check,2478.0,No,36-45,13-24 Months,0,3,Medium
CUST-02996,43,Female,23,76.76,Two year,1,Fiber optic,Electronic check,1765.48,No,36-45,13-24 Months,0,0,Low
CUST-02997,21,Female,10,32.01,Month-to-month,1,Fiber optic,Electronic check,320.1,No,18-25,7-12 Months,0,4,Medium
CUST-02998,35,Female,54,139.07,Month-to-month,0,No,Bank transfer,7509.78,Yes,26-35,49-72 Months,1,3,Medium
CUST-02999,72,Female,41,121.2,Month-to-month,0,DSL,Credit card,4969.2,No,66+,25-48 Months,0,3,Medium
CUST-03000,23,Female,49,27.33,One year,4,Fiber optic,Credit card,1339.17,No,18-25,49-72 Months,0,0,Low
CUST-03001,52,Female,17,88.26,Two year,4,DSL,Bank transfer,1500.42,Yes,46-55,13-24 Months,1,0,Low
CUST-03002,39,Male,56,30.84,Month-to-month,3,DSL,Mailed check,1727.04,Yes,36-45,49-72 Months,1,2,Low
CUST-03003,60,Male,45,128.85,Month-to-month,2,DSL,Credit card,5798.25,No,56-65,25-48 Months,0,3,Medium
CUST-03004,32,Female,30,99.69,Month-to-month,2,Fiber optic,Electronic check,2990.7,Yes,26-35,25-48 Months,1,2,Low
CUST-03005,39,Male,44,42.42,One year,1,Fiber optic,Bank transfer,1866.48,No,36-45,25-48 Months,0,0,Low
CUST-03006,54,Female,55,22.7,Month-to-month,2,DSL,Bank transfer,1248.5,Yes,46-55,49-72 Months,1,2,Low
CUST-03007,69,Male,19,24.11,Month-to-month,8,Fiber optic,Mailed check,458.09,No,66+,13-24 Months,0,4,Medium
CUST-03008,59,Female,29,85.96,Month-to-month,5,DSL,Credit card,2492.84,Yes,56-65,25-48 Months,1,4,Medium
CUST-03009,29,Male,2,115.47,Month-to-month,0,Fiber optic,Credit card,230.94,Yes,26-35,0-6 Months,1,5,High
CUST-03010,64,Male,36,35.71,Two year,2,Fiber optic,Mailed check,1285.56,Yes,56-65,25-48 Months,1,0,Low
CUST-03011,66,Female,19,48.77,One year,1,Fiber optic,Bank transfer,926.63,No,66+,13-24 Months,0,0,Low
CUST-03012,59,Female,7,62.54,Month-to-month,0,Fiber optic,Bank transfer,437.78,No,56-65,7-12 Months,0,4,Medium
CUST-03013,55,Male,26,48.35,Month-to-month,2,Fiber optic,Bank transfer,1257.1,No,46-55,25-48 Months,0,2,Low
CUST-03014,35,Male,38,70.87,Month-to-month,2,DSL,Bank transfer,2693.06,No,26-35,25-48 Months,0,2,Low
CUST-03015,62,Female,3,92.75,Month-to-month,6,DSL,Electronic check,278.25,Yes,56-65,0-6 Months,1,6,High
CUST-03016,52,Male,66,109.04,One year,5,Fiber optic,Electronic check,7196.64,No,46-55,49-72 Months,0,3,Medium
CUST-03017,47,Female,71,145.29,Month-to-month,7,Fiber optic,Bank transfer,10315.59,Yes,46-55,49-72 Months,1,5,High
CUST-03018,41,Female,43,141.01,Month-to-month,1,No,Bank transfer,6063.43,No,36-45,25-48 Months,0,3,Medium
CUST-03019,59,Male,62,94.12,Month-to-month,5,No,Bank transfer,5835.44,Yes,56-65,49-72 Months,1,4,Medium
CUST-03020,47,Female,71,115.44,One year,5,Fiber optic,Electronic check,8196.24,Yes,46-55,49-72 Months,1,3,Medium
CUST-03021,31,Male,24,143.61,One year,2,No,Mailed check,3446.64,No,26-35,13-24 Months,0,1,Low
CUST-03022,23,Male,39,30.85,Two year,0,Fiber optic,Credit card,1203.15,No,18-25,25-48 Months,0,0,Low
CUST-03023,20,Female,68,20.73,One year,5,DSL,Electronic check,1409.64,No,18-25,49-72 Months,0,2,Low
CUST-03024,33,Male,44,23.87,One year,1,DSL,Bank transfer,1050.28,No,26-35,25-48 Months,0,0,Low
CUST-03025,24,Female,5,93.24,One year,4,Fiber optic,Bank transfer,466.2,No,18-25,0-6 Months,0,2,Low
CUST-03026,69,Female,55,119.17,Month-to-month,3,DSL,Bank transfer,6554.35,No,66+,49-72 Months,0,3,Medium
CUST-03027,31,Female,30,67.72,Month-to-month,1,DSL,Bank transfer,2031.6,No,26-35,25-48 Months,0,2,Low
CUST-03028,26,Male,29,90.88,Two year,2,Fiber optic,Mailed check,2635.52,No,26-35,25-48 Months,0,0,Low
CUST-03029,32,Female,26,87.13,Two year,1,Fiber optic,Electronic check,2265.38,No,26-35,25-48 Months,0,0,Low
CUST-03030,38,Male,26,32.32,One year,5,Fiber optic,Credit card,840.32,No,36-45,25-48 Months,0,2,Low
CUST-03031,52,Female,37,61.81,One year,1,Fiber optic,Bank transfer,2286.97,No,46-55,25-48 Months,0,0,Low
CUST-03032,19,Female,53,22.53,Month-to-month,6,Fiber optic,Mailed check,1194.09,Yes,18-25,49-72 Months,1,4,Medium
CUST-03033,44,Female,30,34.39,Month-to-month,3,Fiber optic,Mailed check,1031.7,Yes,36-45,25-48 Months,1,2,Low
CUST-03034,19,Male,3,125.54,Two year,4,Fiber optic,Bank transfer,376.62,Yes,18-25,0-6 Months,1,3,Medium
CUST-03035,52,Male,43,127.82,Two year,2,DSL,Bank transfer,5496.26,No,46-55,25-48 Months,0,1,Low
CUST-03036,35,Female,7,124.25,Month-to-month,1,No,Credit card,869.75,No,26-35,7-12 Months,0,5,High
CUST-03037,31,Female,49,114.49,Month-to-month,2,Fiber optic,Electronic check,5610.01,No,26-35,49-72 Months,0,3,Medium
CUST-03038,37,Male,41,123.13,Month-to-month,0,Fiber optic,Credit card,5048.33,No,36-45,25-48 Months,0,3,Medium
CUST-03039,35,Male,54,107.23,Month-to-month,1,Fiber optic,Electronic check,5790.42,No,26-35,49-72 Months,0,3,Medium
CUST-03040,27,Male,69,107.08,Month-to-month,4,Fiber optic,Mailed check,7388.52,No,26-35,49-72 Months,0,3,Medium
CUST-03041,42,Female,27,106.76,One year,1,Fiber optic,Mailed check,2882.52,Yes,36-45,25-48 Months,1,1,Low
CUST-03042,19,Male,8,86.83,Month-to-month,2,DSL,Bank transfer,694.64,No,18-25,7-12 Months,0,4,Medium
CUST-03043,42,Female,32,67.24,One year,2,DSL,Credit card,2151.68,Yes,36-45,25-48 Months,1,0,Low
CUST-03044,71,Male,64,114.93,One year,5,DSL,Credit card,7355.52,No,66+,49-72 Months,0,3,Medium
CUST-03045,50,Female,10,58.82,Two year,0,No,Bank transfer,588.2,No,46-55,7-12 Months,0,2,Low
CUST-03046,53,Female,13,90.58,Two year,0,Fiber optic,Credit card,1177.54,No,46-55,13-24 Months,0,0,Low
CUST-03047,48,Female,63,76.34,One year,2,DSL,Mailed check,4809.42,No,46-55,49-72 Months,0,0,Low
CUST-03048,31,Male,35,55.96,One year,5,Fiber optic,Mailed check,1958.6,No,26-35,25-48 Months,0,2,Low
CUST-03049,18,Male,61,146.71,Month-to-month,4,DSL,Bank transfer,8949.31,Yes,18-25,49-72 Months,1,3,Medium
CUST-03050,63,Male,54,53.64,Two year,3,Fiber optic,Bank transfer,2896.56,No,56-65,49-72 Months,0,0,Low
CUST-03051,33,Female,8,60.21,Month-to-month,2,Fiber optic,Electronic check,481.68,No,26-35,7-12 Months,0,4,Medium
CUST-03052,71,Female,29,41.01,Two year,1,No,Mailed check,1189.29,No,66+,25-48 Months,0,0,Low
CUST-03053,63,Male,41,126.99,Month-to-month,1,Fiber optic,Mailed check,5206.59,Yes,56-65,25-48 Months,1,3,Medium
CUST-03054,69,Female,30,96.26,Month-to-month,1,No,Mailed check,2887.8,No,66+,25-48 Months,0,2,Low
CUST-03055,20,Female,21,99.7,Month-to-month,2,No,Mailed check,2093.7,Yes,18-25,13-24 Months,1,2,Low
CUST-03056,52,Female,11,126.67,One year,4,Fiber optic,Mailed check,1393.37,Yes,46-55,7-12 Months,1,3,Medium
CUST-03057,58,Male,2,64.58,Month-to-month,1,No,Electronic check,129.16,No,56-65,0-6 Months,0,4,Medium
CUST-03058,23,Female,50,45.17,One year,4,Fiber optic,Bank transfer,2258.5,No,18-25,49-72 Months,0,0,Low
CUST-03059,42,Male,41,45.79,Two year,1,DSL,Bank transfer,1877.39,Yes,36-45,25-48 Months,1,0,Low
CUST-03060,30,Male,66,115.24,Month-to-month,4,Fiber optic,Credit card,7605.84,Yes,26-35,49-72 Months,1,3,Medium
CUST-03061,70,Male,3,99.83,One year,5,DSL,Mailed check,299.49,Yes,66+,0-6 Months,1,4,Medium
CUST-03062,51,Male,51,46.82,Month-to-month,1,Fiber optic,Mailed check,2387.82,No,46-55,49-72 Months,0,2,Low
CUST-03063,25,Male,68,38.86,Month-to-month,4,Fiber optic,Bank transfer,2642.48,Yes,18-25,49-72 Months,1,2,Low
CUST-03064,38,Female,25,35.69,One year,4,Fiber optic,Mailed check,892.25,Yes,36-45,25-48 Months,1,0,Low
CUST-03065,51,Male,30,101.61,Month-to-month,0,DSL,Mailed check,3048.3,No,46-55,25-48 Months,0,3,Medium
CUST-03066,21,Male,11,20.02,Two year,7,Fiber optic,Mailed check,220.22,No,18-25,7-12 Months,0,4,Medium
CUST-03067,42,Male,17,22.38,One year,2,Fiber optic,Bank transfer,380.46,No,36-45,13-24 Months,0,0,Low
CUST-03068,32,Female,26,70.64,Two year,1,Fiber optic,Credit card,1836.64,No,26-35,25-48 Months,0,0,Low
CUST-03069,21,Female,23,109.88,One year,4,Fiber optic,Bank transfer,2527.24,No,18-25,13-24 Months,0,1,Low
CUST-03070,62,Female,56,110.36,Two year,5,Fiber optic,Mailed check,6180.16,No,56-65,49-72 Months,0,3,Medium
CUST-03071,29,Female,52,75.92,Month-to-month,6,No,Bank transfer,3947.84,Yes,26-35,49-72 Months,1,4,Medium
CUST-03072,49,Male,48,109.84,Month-to-month,4,DSL,Electronic check,5272.32,Yes,46-55,25-48 Months,1,3,Medium
CUST-03073,49,Male,20,87.74,Month-to-month,1,No,Mailed check,1754.8,Yes,46-55,13-24 Months,1,2,Low
CUST-03074,45,Female,2,147.0,Two year,4,Fiber optic,Bank transfer,294.0,Yes,36-45,0-6 Months,1,3,Medium
CUST-03075,30,Female,31,41.12,Month-to-month,0,Fiber optic,Bank transfer,1274.72,Yes,26-35,25-48 Months,1,2,Low
CUST-03076,48,Female,27,98.09,Two year,1,Fiber optic,Credit card,2648.43,No,46-55,25-48 Months,0,0,Low
CUST-03077,31,Female,2,83.86,Month-to-month,1,No,Mailed check,167.72,No,26-35,0-6 Months,0,4,Medium
CUST-03078,37,Male,4,45.28,Month-to-month,2,DSL,Electronic check,181.12,No,36-45,0-6 Months,0,4,Medium
CUST-03079,35,Female,13,117.5,Month-to-month,2,Fiber optic,Electronic check,1527.5,No,26-35,13-24 Months,0,3,Medium
CUST-03080,46,Female,35,55.82,One year,3,DSL,Mailed check,1953.7,No,46-55,25-48 Months,0,0,Low
CUST-03081,23,Female,72,69.62,Two year,0,Fiber optic,Bank transfer,5012.64,No,18-25,49-72 Months,0,0,Low
CUST-03082,49,Female,66,68.73,Month-to-month,3,Fiber optic,Electronic check,4536.18,Yes,46-55,49-72 Months,1,2,Low
CUST-03083,46,Female,6,51.75,One year,1,DSL,Mailed check,310.5,Yes,46-55,0-6 Months,1,2,Low
CUST-03084,60,Female,31,75.99,Month-to-month,0,Fiber optic,Electronic check,2355.69,Yes,56-65,25-48 Months,1,2,Low
CUST-03085,19,Female,10,81.53,One year,4,Fiber optic,Mailed check,815.3,Yes,18-25,7-12 Months,1,2,Low
CUST-03086,40,Male,21,116.75,Month-to-month,0,Fiber optic,Electronic check,2451.75,No,36-45,13-24 Months,0,3,Medium
CUST-03087,36,Male,23,119.46,Month-to-month,6,Fiber optic,Credit card,2747.58,No,36-45,13-24 Months,0,5,High
CUST-03088,48,Male,3,40.61,One year,3,Fiber optic,Mailed check,121.83,No,46-55,0-6 Months,0,2,Low
CUST-03089,68,Male,32,97.06,One year,7,DSL,Credit card,3105.92,No,66+,25-48 Months,0,2,Low
CUST-03090,22,Male,20,136.51,Month-to-month,3,DSL,Mailed check,2730.2,No,18-25,13-24 Months,0,3,Medium
CUST-03091,36,Male,29,34.14,Month-to-month,1,No,Electronic check,990.06,No,36-45,25-48 Months,0,2,Low
CUST-03092,51,Female,52,81.48,One year,2,No,Electronic check,4236.96,No,46-55,49-72 Months,0,0,Low
CUST-03093,27,Female,46,117.55,Two year,4,Fiber optic,Bank transfer,5407.3,No,26-35,25-48 Months,0,1,Low
CUST-03094,42,Male,34,99.49,Two year,3,Fiber optic,Electronic check,3382.66,No,36-45,25-48 Months,0,0,Low
CUST-03095,19,Female,61,33.08,Two year,5,Fiber optic,Credit card,2017.88,No,18-25,49-72 Months,0,2,Low
CUST-03096,28,Male,72,71.56,Two year,3,Fiber optic,Bank transfer,5152.32,No,26-35,49-72 Months,0,0,Low
CUST-03097,67,Female,71,85.94,Month-to-month,3,Fiber optic,Credit card,6101.74,No,66+,49-72 Months,0,2,Low
CUST-03098,48,Female,70,149.46,Month-to-month,2,Fiber optic,Credit card,10462.2,No,46-55,49-72 Months,0,3,Medium
CUST-03099,73,Female,11,43.22,Month-to-month,2,DSL,Credit card,475.42,No,66+,7-12 Months,0,4,Medium
CUST-03100,32,Female,63,147.72,Month-to-month,4,No,Credit card,9306.36,Yes,26-35,49-72 Months,1,3,Medium
CUST-03101,26,Female,21,68.9,One year,3,Fiber optic,Credit card,1446.9,No,26-35,13-24 Months,0,0,Low
CUST-03102,40,Female,3,46.04,Two year,1,Fiber optic,Mailed check,138.12,No,36-45,0-6 Months,0,2,Low
CUST-03103,36,Male,10,73.83,Month-to-month,4,Fiber optic,Mailed check,738.3,Yes,36-45,7-12 Months,1,4,Medium
CUST-03104,26,Male,27,99.82,Month-to-month,1,DSL,Bank transfer,2695.14,Yes,26-35,25-48 Months,1,2,Low
CUST-03105,52,Female,12,47.75,One year,1,Fiber optic,Credit card,573.0,No,46-55,7-12 Months,0,2,Low
CUST-03106,38,Male,7,57.89,One year,3,Fiber optic,Mailed check,405.23,Yes,36-45,7-12 Months,1,2,Low
CUST-03107,26,Female,17,131.09,Month-to-month,0,DSL,Electronic check,2228.53,No,26-35,13-24 Months,0,3,Medium
CUST-03108,45,Male,65,149.87,One year,3,Fiber optic,Bank transfer,9741.55,No,36-45,49-72 Months,0,1,Low
CUST-03109,63,Female,64,61.36,Month-to-month,2,Fiber optic,Mailed check,3927.04,Yes,56-65,49-72 Months,1,2,Low
CUST-03110,68,Male,26,39.35,Two year,2,Fiber optic,Electronic check,1023.1,No,66+,25-48 Months,0,0,Low
CUST-03111,24,Female,15,123.11,Two year,2,DSL,Bank transfer,1846.65,No,18-25,13-24 Months,0,1,Low
CUST-03112,33,Male,33,98.06,Month-to-month,4,Fiber optic,Electronic check,3235.98,Yes,26-35,25-48 Months,1,2,Low
CUST-03113,33,Female,62,33.05,Month-to-month,4,DSL,Credit card,2049.1,No,26-35,49-72 Months,0,2,Low
CUST-03114,50,Male,47,143.08,One year,2,Fiber optic,Electronic check,6724.76,No,46-55,25-48 Months,0,1,Low
CUST-03115,21,Female,35,30.15,Month-to-month,2,Fiber optic,Credit card,1055.25,No,18-25,25-48 Months,0,2,Low
CUST-03116,21,Female,65,101.3,Month-to-month,7,Fiber optic,Bank transfer,6584.5,No,18-25,49-72 Months,0,5,High
CUST-03117,56,Female,72,75.11,Two year,2,Fiber optic,Credit card,5407.92,Yes,56-65,49-72 Months,1,0,Low
CUST-03118,57,Male,25,92.36,Month-to-month,3,Fiber optic,Electronic check,2309.0,No,56-65,25-48 Months,0,2,Low
CUST-03119,34,Male,57,47.72,Month-to-month,2,No,Credit card,2720.04,Yes,26-35,49-72 Months,1,2,Low
CUST-03120,54,Male,32,109.45,One year,2,DSL,Credit card,3502.4,No,46-55,25-48 Months,0,1,Low
CUST-03121,56,Female,63,144.76,Month-to-month,2,Fiber optic,Bank transfer,9119.88,No,56-65,49-72 Months,0,3,Medium
CUST-03122,69,Male,12,79.6,Month-to-month,1,DSL,Credit card,955.2,Yes,66+,7-12 Months,1,4,Medium
CUST-03123,46,Female,63,87.98,Month-to-month,5,Fiber optic,Mailed check,5542.74,Yes,46-55,49-72 Months,1,4,Medium
CUST-03124,69,Male,1,51.18,Month-to-month,2,Fiber optic,Bank transfer,51.18,No,66+,0-6 Months,0,4,Medium
CUST-03125,53,Male,51,135.94,One year,2,Fiber optic,Electronic check,6932.94,No,46-55,49-72 Months,0,1,Low
CUST-03126,55,Male,70,146.25,Two year,3,DSL,Bank transfer,10237.5,Yes,46-55,49-72 Months,1,1,Low
CUST-03127,56,Male,8,122.22,Two year,3,DSL,Electronic check,977.76,No,56-65,7-12 Months,0,3,Medium
CUST-03128,67,Female,68,90.56,Month-to-month,3,Fiber optic,Electronic check,6158.08,Yes,66+,49-72 Months,1,2,Low
CUST-03129,54,Male,5,144.38,Month-to-month,2,No,Credit card,721.9,No,46-55,0-6 Months,0,5,High
CUST-03130,69,Male,39,40.0,One year,1,DSL,Bank transfer,1560.0,No,66+,25-48 Months,0,0,Low
CUST-03131,52,Female,23,82.2,One year,2,No,Electronic check,1890.6,No,46-55,13-24 Months,0,0,Low
CUST-03132,24,Female,68,89.89,Two year,1,Fiber optic,Mailed check,6112.52,No,18-25,49-72 Months,0,0,Low
CUST-03133,44,Male,52,83.95,One year,3,Fiber optic,Credit card,4365.4,Yes,36-45,49-72 Months,1,0,Low
CUST-03134,45,Male,4,124.31,Month-to-month,3,Fiber optic,Credit card,497.24,Yes,36-45,0-6 Months,1,5,High
CUST-03135,39,Female,47,107.15,Month-to-month,2,Fiber optic,Electronic check,5036.05,No,36-45,25-48 Months,0,3,Medium
CUST-03136,31,Female,21,36.47,Two year,1,No,Mailed check,765.87,No,26-35,13-24 Months,0,0,Low
CUST-03137,24,Female,56,65.04,Two year,2,DSL,Credit card,3642.24,No,18-25,49-72 Months,0,0,Low
CUST-03138,54,Male,66,64.08,Month-to-month,0,Fiber optic,Bank transfer,4229.28,No,46-55,49-72 Months,0,2,Low
CUST-03139,39,Male,59,93.53,Month-to-month,2,No,Electronic check,5518.27,Yes,36-45,49-72 Months,1,2,Low
CUST-03140,22,Male,7,57.89,Month-to-month,2,DSL,Mailed check,405.23,No,18-25,7-12 Months,0,4,Medium
CUST-03141,72,Female,49,35.25,Month-to-month,2,Fiber optic,Electronic check,1727.25,No,66+,49-72 Months,0,2,Low
CUST-03142,19,Female,16,104.98,Month-to-month,2,DSL,Credit card,1679.68,Yes,18-25,13-24 Months,1,3,Medium
CUST-03143,44,Female,17,130.63,Two year,0,Fiber optic,Mailed check,2220.71,No,36-45,13-24 Months,0,1,Low
CUST-03144,38,Male,34,141.11,One year,1,DSL,Electronic check,4797.74,No,36-45,25-48 Months,0,1,Low
CUST-03145,71,Female,33,146.44,Two year,1,Fiber optic,Electronic check,4832.52,No,66+,25-48 Months,0,1,Low
CUST-03146,55,Male,26,121.55,Two year,3,Fiber optic,Electronic check,3160.3,No,46-55,25-48 Months,0,1,Low
CUST-03147,32,Female,66,38.16,Month-to-month,1,DSL,Bank transfer,2518.56,No,26-35,49-72 Months,0,2,Low
CUST-03148,38,Male,63,130.9,One year,2,Fiber optic,Bank transfer,8246.7,No,36-45,49-72 Months,0,1,Low
CUST-03149,27,Male,41,71.99,Two year,3,DSL,Bank transfer,2951.59,Yes,26-35,25-48 Months,1,0,Low
CUST-03150,40,Female,58,114.89,One year,2,No,Bank transfer,6663.62,No,36-45,49-72 Months,0,1,Low
CUST-03151,75,Male,10,89.06,One year,5,Fiber optic,Credit card,890.6,No,66+,7-12 Months,0,4,Medium
CUST-03152,73,Female,15,127.72,Month-to-month,2,Fiber optic,Electronic check,1915.8,Yes,66+,13-24 Months,1,3,Medium
CUST-03153,56,Male,42,75.32,One year,1,Fiber optic,Bank transfer,3163.44,No,56-65,25-48 Months,0,0,Low
CUST-03154,22,Female,57,28.03,Month-to-month,4,DSL,Credit card,1597.71,No,18-25,49-72 Months,0,2,Low
CUST-03155,18,Female,17,92.39,Month-to-month,3,Fiber optic,Bank transfer,1570.63,No,18-25,13-24 Months,0,2,Low
CUST-03156,30,Male,60,42.27,Month-to-month,2,No,Credit card,2536.2,No,26-35,49-72 Months,0,2,Low
CUST-03157,38,Female,9,145.52,Month-to-month,2,Fiber optic,Mailed check,1309.68,Yes,36-45,7-12 Months,1,5,High
CUST-03158,43,Male,36,88.51,Month-to-month,1,Fiber optic,Bank transfer,3186.36,No,36-45,25-48 Months,0,2,Low
CUST-03159,67,Female,36,91.96,Month-to-month,5,Fiber optic,Bank transfer,3310.56,No,66+,25-48 Months,0,4,Medium
CUST-03160,62,Female,48,137.94,Month-to-month,5,Fiber optic,Electronic check,6621.12,No,56-65,25-48 Months,0,5,High
CUST-03161,38,Female,51,101.2,Month-to-month,0,Fiber optic,Bank transfer,5161.2,Yes,36-45,49-72 Months,1,3,Medium
CUST-03162,70,Female,70,59.35,Month-to-month,1,No,Bank transfer,4154.5,No,66+,49-72 Months,0,2,Low
CUST-03163,35,Male,68,58.49,One year,0,Fiber optic,Credit card,3977.32,No,26-35,49-72 Months,0,0,Low
CUST-03164,54,Female,22,85.21,One year,1,DSL,Electronic check,1874.62,Yes,46-55,13-24 Months,1,0,Low
CUST-03165,62,Female,6,132.66,One year,4,DSL,Electronic check,795.96,Yes,56-65,0-6 Months,1,3,Medium
CUST-03166,49,Male,26,123.31,Two year,3,Fiber optic,Mailed check,3206.06,No,46-55,25-48 Months,0,1,Low
CUST-03167,53,Male,3,145.16,Month-to-month,6,Fiber optic,Credit card,435.48,Yes,46-55,0-6 Months,1,7,High
CUST-03168,34,Male,52,29.35,Month-to-month,4,DSL,Bank transfer,1526.2,Yes,26-35,49-72 Months,1,2,Low
CUST-03169,52,Male,60,54.88,Month-to-month,0,DSL,Credit card,3292.8,No,46-55,49-72 Months,0,2,Low
CUST-03170,66,Male,63,30.43,Two year,2,No,Bank transfer,1917.09,No,66+,49-72 Months,0,0,Low
CUST-03171,28,Male,65,117.64,One year,4,Fiber optic,Mailed check,7646.6,No,26-35,49-72 Months,0,1,Low
CUST-03172,38,Female,52,38.31,Month-to-month,2,Fiber optic,Bank transfer,1992.12,No,36-45,49-72 Months,0,2,Low
CUST-03173,69,Male,14,32.99,Month-to-month,1,DSL,Electronic check,461.86,No,66+,13-24 Months,0,2,Low
CUST-03174,72,Female,72,93.02,One year,4,Fiber optic,Mailed check,6697.44,No,66+,49-72 Months,0,0,Low
CUST-03175,70,Male,68,73.49,Month-to-month,0,Fiber optic,Bank transfer,4997.32,No,66+,49-72 Months,0,2,Low
CUST-03176,43,Female,28,112.96,Month-to-month,5,No,Mailed check,3162.88,Yes,36-45,25-48 Months,1,5,High
CUST-03177,21,Female,71,83.31,Two year,3,No,Electronic check,5915.01,No,18-25,49-72 Months,0,0,Low
CUST-03178,51,Female,10,75.29,One year,2,DSL,Electronic check,752.9,No,46-55,7-12 Months,0,2,Low
CUST-03179,69,Male,57,75.32,Two year,1,Fiber optic,Credit card,4293.24,No,66+,49-72 Months,0,0,Low
CUST-03180,65,Male,66,133.34,Month-to-month,2,Fiber optic,Bank transfer,8800.44,No,56-65,49-72 Months,0,3,Medium
CUST-03181,35,Male,50,71.38,One year,2,DSL,Mailed check,3569.0,No,26-35,49-72 Months,0,0,Low
CUST-03182,57,Male,14,63.34,Two year,2,Fiber optic,Credit card,886.76,Yes,56-65,13-24 Months,1,0,Low
CUST-03183,52,Female,16,64.01,One year,3,No,Mailed check,1024.16,No,46-55,13-24 Months,0,0,Low
CUST-03184,58,Male,54,45.56,One year,1,Fiber optic,Credit card,2460.24,Yes,56-65,49-72 Months,1,0,Low
CUST-03185,46,Female,43,131.89,One year,3,Fiber optic,Credit card,5671.27,Yes,46-55,25-48 Months,1,1,Low
CUST-03186,69,Female,42,39.06,Two year,0,Fiber optic,Credit card,1640.52,No,66+,25-48 Months,0,0,Low
CUST-03187,46,Male,22,138.12,Month-to-month,5,Fiber optic,Electronic check,3038.64,No,46-55,13-24 Months,0,5,High
CUST-03188,55,Male,68,56.85,Month-to-month,1,Fiber optic,Electronic check,3865.8,No,46-55,49-72 Months,0,2,Low
CUST-03189,59,Male,19,136.93,Month-to-month,2,Fiber optic,Electronic check,2601.67,No,56-65,13-24 Months,0,3,Medium
CUST-03190,38,Female,66,122.81,Two year,2,Fiber optic,Electronic check,8105.46,No,36-45,49-72 Months,0,1,Low
CUST-03191,59,Male,39,95.66,Two year,1,DSL,Mailed check,3730.74,No,56-65,25-48 Months,0,0,Low
CUST-03192,30,Female,19,107.03,Month-to-month,3,No,Bank transfer,2033.57,No,26-35,13-24 Months,0,3,Medium
CUST-03193,66,Male,16,62.36,Month-to-month,2,DSL,Electronic check,997.76,Yes,66+,13-24 Months,1,2,Low
CUST-03194,58,Female,54,94.65,Two year,5,Fiber optic,Bank transfer,5111.1,No,56-65,49-72 Months,0,2,Low
CUST-03195,34,Male,25,58.01,Month-to-month,3,No,Credit card,1450.25,No,26-35,25-48 Months,0,2,Low
CUST-03196,73,Male,18,72.3,Month-to-month,1,Fiber optic,Bank transfer,1301.4,Yes,66+,13-24 Months,1,2,Low
CUST-03197,26,Female,23,119.41,Month-to-month,3,DSL,Electronic check,2746.43,No,26-35,13-24 Months,0,3,Medium
CUST-03198,58,Male,11,51.71,Month-to-month,2,No,Mailed check,568.81,No,56-65,7-12 Months,0,4,Medium
CUST-03199,18,Male,39,129.05,One year,2,Fiber optic,Electronic check,5032.95,Yes,18-25,25-48 Months,1,1,Low
CUST-03200,19,Male,68,68.86,Month-to-month,3,Fiber optic,Mailed check,4682.48,Yes,18-25,49-72 Months,1,2,Low
CUST-03201,65,Male,25,89.18,Month-to-month,3,Fiber optic,Electronic check,2229.5,No,56-65,25-48 Months,0,2,Low
CUST-03202,46,Male,63,142.45,Two year,3,Fiber optic,Credit card,8974.35,Yes,46-55,49-72 Months,1,1,Low
CUST-03203,50,Male,30,108.56,Month-to-month,4,Fiber optic,Mailed check,3256.8,No,46-55,25-48 Months,0,3,Medium
CUST-03204,27,Male,45,103.93,Month-to-month,4,Fiber optic,Credit card,4676.85,Yes,26-35,25-48 Months,1,3,Medium
CUST-03205,67,Female,61,112.51,Two year,4,DSL,Electronic check,6863.11,No,66+,49-72 Months,0,1,Low
CUST-03206,75,Female,51,139.35,One year,3,DSL,Credit card,7106.85,Yes,66+,49-72 Months,1,1,Low
CUST-03207,57,Male,9,52.31,Month-to-month,2,Fiber optic,Bank transfer,470.79,Yes,56-65,7-12 Months,1,4,Medium
CUST-03208,38,Male,2,99.72,Month-to-month,1,Fiber optic,Bank transfer,199.44,Yes,36-45,0-6 Months,1,4,Medium
CUST-03209,45,Male,5,72.05,Month-to-month,2,No,Mailed check,360.25,Yes,36-45,0-6 Months,1,4,Medium
CUST-03210,28,Female,62,21.54,One year,3,Fiber optic,Bank transfer,1335.48,No,26-35,49-72 Months,0,0,Low
CUST-03211,72,Female,69,36.29,Month-to-month,2,Fiber optic,Bank transfer,2504.01,Yes,66+,49-72 Months,1,2,Low
CUST-03212,51,Male,52,62.25,Month-to-month,5,Fiber optic,Electronic check,3237.0,No,46-55,49-72 Months,0,4,Medium
CUST-03213,25,Female,5,93.45,Month-to-month,1,Fiber optic,Electronic check,467.25,Yes,18-25,0-6 Months,1,4,Medium
CUST-03214,39,Male,59,134.59,Two year,2,No,Bank transfer,7940.81,No,36-45,49-72 Months,0,1,Low
CUST-03215,25,Male,68,122.84,Month-to-month,4,Fiber optic,Mailed check,8353.12,No,18-25,49-72 Months,0,3,Medium
CUST-03216,66,Male,9,91.93,Month-to-month,4,Fiber optic,Bank transfer,827.37,Yes,66+,7-12 Months,1,4,Medium
CUST-03217,32,Male,22,29.6,Month-to-month,1,DSL,Electronic check,651.2,No,26-35,13-24 Months,0,2,Low
CUST-03218,34,Female,27,57.17,Month-to-month,5,DSL,Credit card,1543.59,No,26-35,25-48 Months,0,4,Medium
CUST-03219,40,Female,10,67.67,One year,2,Fiber optic,Mailed check,676.7,No,36-45,7-12 Months,0,2,Low
CUST-03220,41,Male,61,100.82,One year,4,Fiber optic,Mailed check,6150.02,No,36-45,49-72 Months,0,1,Low
CUST-03221,62,Female,51,28.44,One year,1,Fiber optic,Bank transfer,1450.44,No,56-65,49-72 Months,0,0,Low
CUST-03222,36,Female,10,88.93,One year,6,DSL,Credit card,889.3,Yes,36-45,7-12 Months,1,4,Medium
CUST-03223,22,Male,6,137.19,Month-to-month,0,Fiber optic,Mailed check,823.14,No,18-25,0-6 Months,0,5,High
CUST-03224,49,Female,62,111.71,One year,6,Fiber optic,Mailed check,6926.02,No,46-55,49-72 Months,0,3,Medium
CUST-03225,61,Male,5,123.62,Month-to-month,2,Fiber optic,Electronic check,618.1,Yes,56-65,0-6 Months,1,5,High
CUST-03226,18,Male,70,108.62,Month-to-month,0,DSL,Bank transfer,7603.4,Yes,18-25,49-72 Months,1,3,Medium
CUST-03227,40,Male,63,46.86,One year,4,No,Bank transfer,2952.18,No,36-45,49-72 Months,0,0,Low
CUST-03228,54,Male,56,34.36,Two year,4,DSL,Mailed check,1924.16,No,46-55,49-72 Months,0,0,Low
CUST-03229,25,Female,59,127.83,One year,5,Fiber optic,Credit card,7541.97,No,18-25,49-72 Months,0,3,Medium
CUST-03230,30,Male,63,110.42,Two year,4,Fiber optic,Credit card,6956.46,No,26-35,49-72 Months,0,1,Low
CUST-03231,25,Female,59,94.76,Two year,3,Fiber optic,Credit card,5590.84,No,18-25,49-72 Months,0,0,Low
CUST-03232,74,Male,51,44.61,Month-to-month,1,Fiber optic,Credit card,2275.11,No,66+,49-72 Months,0,2,Low
CUST-03233,40,Male,50,98.43,Two year,3,Fiber optic,Bank transfer,4921.5,No,36-45,49-72 Months,0,0,Low
CUST-03234,60,Female,4,24.07,One year,1,No,Electronic check,96.28,No,56-65,0-6 Months,0,2,Low
CUST-03235,18,Male,48,35.45,Two year,3,Fiber optic,Credit card,1701.6,No,18-25,25-48 Months,0,0,Low
CUST-03236,62,Female,32,60.55,One year,2,Fiber optic,Credit card,1937.6,No,56-65,25-48 Months,0,0,Low
CUST-03237,68,Female,51,77.69,One year,2,Fiber optic,Electronic check,3962.19,No,66+,49-72 Months,0,0,Low
CUST-03238,41,Male,52,35.67,One year,0,Fiber optic,Bank transfer,1854.84,No,36-45,49-72 Months,0,0,Low
CUST-03239,52,Male,34,35.59,Month-to-month,4,Fiber optic,Electronic check,1210.06,No,46-55,25-48 Months,0,2,Low
CUST-03240,41,Male,36,114.37,Two year,4,Fiber optic,Electronic check,4117.32,Yes,36-45,25-48 Months,1,1,Low
CUST-03241,34,Male,70,94.06,Month-to-month,2,Fiber optic,Credit card,6584.2,No,26-35,49-72 Months,0,2,Low
CUST-03242,22,Male,43,89.39,Month-to-month,3,Fiber optic,Electronic check,3843.77,No,18-25,25-48 Months,0,2,Low
CUST-03243,37,Male,16,78.82,Month-to-month,1,No,Electronic check,1261.12,Yes,36-45,13-24 Months,1,2,Low
CUST-03244,38,Female,59,146.95,Month-to-month,2,DSL,Bank transfer,8670.05,No,36-45,49-72 Months,0,3,Medium
CUST-03245,57,Female,53,26.47,Month-to-month,4,No,Credit card,1402.91,No,56-65,49-72 Months,0,2,Low
CUST-03246,75,Male,19,43.48,Month-to-month,3,Fiber optic,Credit card,826.12,Yes,66+,13-24 Months,1,2,Low
CUST-03247,48,Female,41,104.18,Month-to-month,2,Fiber optic,Mailed check,4271.38,No,46-55,25-48 Months,0,3,Medium
CUST-03248,63,Female,47,37.73,Month-to-month,0,Fiber optic,Credit card,1773.31,No,56-65,25-48 Months,0,2,Low
CUST-03249,53,Male,54,96.62,Month-to-month,3,DSL,Bank transfer,5217.48,No,46-55,49-72 Months,0,2,Low
CUST-03250,28,Male,55,93.81,Month-to-month,5,No,Bank transfer,5159.55,No,26-35,49-72 Months,0,4,Medium
CUST-03251,69,Female,19,146.23,Two year,0,DSL,Bank transfer,2778.37,No,66+,13-24 Months,0,1,Low
CUST-03252,32,Male,62,134.84,Month-to-month,4,DSL,Mailed check,8360.08,No,26-35,49-72 Months,0,3,Medium
CUST-03253,36,Female,59,142.92,Month-to-month,2,DSL,Mailed check,8432.28,No,36-45,49-72 Months,0,3,Medium
CUST-03254,24,Male,65,34.77,Month-to-month,2,DSL,Bank transfer,2260.05,Yes,18-25,49-72 Months,1,2,Low
CUST-03255,68,Female,68,132.86,Month-to-month,2,Fiber optic,Credit card,9034.48,No,66+,49-72 Months,0,3,Medium
CUST-03256,45,Female,28,36.78,One year,2,DSL,Mailed check,1029.84,No,36-45,25-48 Months,0,0,Low
CUST-03257,68,Female,18,102.28,Month-to-month,2,Fiber optic,Credit card,1841.04,No,66+,13-24 Months,0,3,Medium
CUST-03258,60,Female,26,113.61,Month-to-month,3,Fiber optic,Mailed check,2953.86,Yes,56-65,25-48 Months,1,3,Medium
CUST-03259,75,Male,19,40.91,Month-to-month,2,No,Electronic check,777.29,No,66+,13-24 Months,0,2,Low
CUST-03260,22,Male,55,102.25,One year,4,DSL,Bank transfer,5623.75,No,18-25,49-72 Months,0,1,Low
CUST-03261,22,Female,57,26.82,One year,0,Fiber optic,Electronic check,1528.74,No,18-25,49-72 Months,0,0,Low
CUST-03262,47,Female,6,58.12,Month-to-month,0,DSL,Bank transfer,348.72,Yes,46-55,0-6 Months,1,4,Medium
CUST-03263,71,Male,1,139.75,Month-to-month,1,Fiber optic,Electronic check,139.75,No,66+,0-6 Months,0,5,High
CUST-03264,49,Male,8,42.33,Month-to-month,1,Fiber optic,Credit card,338.64,No,46-55,7-12 Months,0,4,Medium
CUST-03265,25,Female,51,28.49,One year,0,Fiber optic,Credit card,1452.99,No,18-25,49-72 Months,0,0,Low
CUST-03266,27,Female,25,77.68,Month-to-month,2,Fiber optic,Bank transfer,1942.0,Yes,26-35,25-48 Months,1,2,Low
CUST-03267,55,Female,47,130.58,Month-to-month,3,DSL,Credit card,6137.26,Yes,46-55,25-48 Months,1,3,Medium
CUST-03268,64,Female,55,29.97,Month-to-month,2,DSL,Bank transfer,1648.35,Yes,56-65,49-72 Months,1,2,Low
CUST-03269,49,Female,64,66.22,Month-to-month,2,No,Electronic check,4238.08,No,46-55,49-72 Months,0,2,Low
CUST-03270,65,Male,10,136.97,Month-to-month,2,DSL,Bank transfer,1369.7,No,56-65,7-12 Months,0,5,High
CUST-03271,45,Female,56,35.36,Month-to-month,2,No,Mailed check,1980.16,Yes,36-45,49-72 Months,1,2,Low
CUST-03272,34,Male,12,60.39,Month-to-month,1,No,Electronic check,724.68,No,26-35,7-12 Months,0,4,Medium
CUST-03273,48,Male,33,121.19,Month-to-month,2,Fiber optic,Electronic check,3999.27,Yes,46-55,25-48 Months,1,3,Medium
CUST-03274,25,Male,71,90.62,One year,2,No,Bank transfer,6434.02,No,18-25,49-72 Months,0,0,Low
CUST-03275,57,Female,17,128.2,Month-to-month,3,DSL,Mailed check,2179.4,No,56-65,13-24 Months,0,3,Medium
CUST-03276,42,Male,61,34.51,One year,5,DSL,Mailed check,2105.11,Yes,36-45,49-72 Months,1,2,Low
CUST-03277,26,Male,10,139.67,One year,1,DSL,Credit card,1396.7,No,26-35,7-12 Months,0,3,Medium
CUST-03278,19,Male,31,141.54,One year,3,DSL,Electronic check,4387.74,Yes,18-25,25-48 Months,1,1,Low
CUST-03279,32,Male,60,40.19,Two year,4,DSL,Credit card,2411.4,No,26-35,49-72 Months,0,0,Low
CUST-03280,67,Female,70,24.4,Month-to-month,4,Fiber optic,Electronic check,1708.0,Yes,66+,49-72 Months,1,2,Low
CUST-03281,20,Female,17,148.68,Month-to-month,2,DSL,Electronic check,2527.56,Yes,18-25,13-24 Months,1,3,Medium
CUST-03282,66,Male,50,82.69,One year,3,Fiber optic,Electronic check,4134.5,No,66+,49-72 Months,0,0,Low
CUST-03283,53,Male,37,94.37,One year,1,Fiber optic,Electronic check,3491.69,No,46-55,25-48 Months,0,0,Low
CUST-03284,21,Female,62,100.07,Month-to-month,3,DSL,Bank transfer,6204.34,No,18-25,49-72 Months,0,3,Medium
CUST-03285,31,Female,72,122.66,Month-to-month,3,Fiber optic,Mailed check,8831.52,Yes,26-35,49-72 Months,1,3,Medium
CUST-03286,58,Female,29,125.56,One year,4,Fiber optic,Electronic check,3641.24,Yes,56-65,25-48 Months,1,1,Low
CUST-03287,58,Male,32,45.21,Two year,2,Fiber optic,Credit card,1446.72,Yes,56-65,25-48 Months,1,0,Low
CUST-03288,42,Female,11,50.76,Month-to-month,2,No,Credit card,558.36,No,36-45,7-12 Months,0,4,Medium
CUST-03289,75,Male,6,133.99,Two year,4,Fiber optic,Bank transfer,803.94,No,66+,0-6 Months,0,3,Medium
CUST-03290,72,Male,35,126.54,Month-to-month,3,Fiber optic,Mailed check,4428.9,Yes,66+,25-48 Months,1,3,Medium
CUST-03291,67,Female,33,100.29,Month-to-month,2,DSL,Electronic check,3309.57,No,66+,25-48 Months,0,3,Medium
CUST-03292,27,Male,18,149.31,Month-to-month,3,Fiber optic,Bank transfer,2687.58,Yes,26-35,13-24 Months,1,3,Medium
CUST-03293,38,Female,37,115.57,Month-to-month,0,Fiber optic,Credit card,4276.09,No,36-45,25-48 Months,0,3,Medium
CUST-03294,53,Male,13,48.06,One year,6,Fiber optic,Mailed check,624.78,No,46-55,13-24 Months,0,2,Low
CUST-03295,29,Female,64,130.06,Month-to-month,4,Fiber optic,Electronic check,8323.84,Yes,26-35,49-72 Months,1,3,Medium
CUST-03296,44,Male,1,73.92,Month-to-month,4,Fiber optic,Mailed check,73.92,No,36-45,0-6 Months,0,4,Medium
CUST-03297,57,Male,63,24.7,Month-to-month,3,Fiber optic,Credit card,1556.1,Yes,56-65,49-72 Months,1,2,Low
CUST-03298,19,Female,34,61.78,Month-to-month,0,DSL,Bank transfer,2100.52,Yes,18-25,25-48 Months,1,2,Low
CUST-03299,71,Female,10,119.26,Month-to-month,3,Fiber optic,Bank transfer,1192.6,No,66+,7-12 Months,0,5,High
CUST-03300,30,Female,7,144.83,Two year,1,Fiber optic,Credit card,1013.81,No,26-35,7-12 Months,0,3,Medium
CUST-03301,70,Female,56,55.9,Month-to-month,3,Fiber optic,Electronic check,3130.4,No,66+,49-72 Months,0,2,Low
CUST-03302,49,Male,37,52.05,Two year,1,DSL,Electronic check,1925.85,No,46-55,25-48 Months,0,0,Low
CUST-03303,48,Female,29,93.27,Month-to-month,3,No,Mailed check,2704.83,No,46-55,25-48 Months,0,2,Low
CUST-03304,33,Female,12,125.52,Month-to-month,2,No,Credit card,1506.24,Yes,26-35,7-12 Months,1,5,High
CUST-03305,49,Male,17,117.05,Month-to-month,2,Fiber optic,Credit card,1989.85,Yes,46-55,13-24 Months,1,3,Medium
CUST-03306,49,Female,48,92.79,Month-to-month,4,DSL,Electronic check,4453.92,Yes,46-55,25-48 Months,1,2,Low
CUST-03307,51,Female,26,102.08,Two year,4,Fiber optic,Credit card,2654.08,No,46-55,25-48 Months,0,1,Low
CUST-03308,28,Male,12,51.47,One year,5,Fiber optic,Bank transfer,617.64,No,26-35,7-12 Months,0,4,Medium
CUST-03309,27,Female,21,76.23,Two year,2,Fiber optic,Electronic check,1600.83,No,26-35,13-24 Months,0,0,Low
CUST-03310,32,Female,42,53.2,Two year,4,DSL,Electronic check,2234.4,No,26-35,25-48 Months,0,0,Low
CUST-03311,34,Female,61,134.97,One year,1,Fiber optic,Bank transfer,8233.17,Yes,26-35,49-72 Months,1,1,Low
CUST-03312,57,Female,58,34.63,One year,1,Fiber optic,Credit card,2008.54,No,56-65,49-72 Months,0,0,Low
CUST-03313,35,Female,54,108.37,One year,1,No,Electronic check,5851.98,No,26-35,49-72 Months,0,1,Low
CUST-03314,72,Female,34,53.84,One year,4,Fiber optic,Electronic check,1830.56,No,66+,25-48 Months,0,0,Low
CUST-03315,26,Male,7,81.83,Month-to-month,2,No,Electronic check,572.81,Yes,26-35,7-12 Months,1,4,Medium
CUST-03316,42,Female,35,58.92,Month-to-month,2,No,Credit card,2062.2,No,36-45,25-48 Months,0,2,Low
CUST-03317,57,Male,15,62.02,One year,0,Fiber optic,Electronic check,930.3,No,56-65,13-24 Months,0,0,Low
CUST-03318,31,Male,65,53.85,Month-to-month,0,Fiber optic,Credit card,3500.25,Yes,26-35,49-72 Months,1,2,Low
CUST-03319,75,Male,25,117.86,Month-to-month,3,DSL,Mailed check,2946.5,Yes,66+,25-48 Months,1,3,Medium
CUST-03320,42,Male,59,67.54,Two year,2,Fiber optic,Bank transfer,3984.86,Yes,36-45,49-72 Months,1,0,Low
CUST-03321,67,Female,6,114.43,Month-to-month,1,DSL,Credit card,686.58,No,66+,0-6 Months,0,5,High
CUST-03322,39,Female,52,79.29,One year,6,DSL,Credit card,4123.08,Yes,36-45,49-72 Months,1,2,Low
CUST-03323,69,Female,21,91.14,Month-to-month,5,No,Bank transfer,1913.94,Yes,66+,13-24 Months,1,4,Medium
CUST-03324,47,Male,71,90.63,One year,4,No,Credit card,6434.73,No,46-55,49-72 Months,0,0,Low
CUST-03325,37,Female,32,146.86,Month-to-month,4,Fiber optic,Bank transfer,4699.52,No,36-45,25-48 Months,0,3,Medium
CUST-03326,38,Female,53,67.72,Two year,2,Fiber optic,Mailed check,3589.16,No,36-45,49-72 Months,0,0,Low
CUST-03327,61,Female,59,47.0,Two year,1,Fiber optic,Electronic check,2773.0,No,56-65,49-72 Months,0,0,Low
CUST-03328,49,Male,69,138.53,Two year,1,Fiber optic,Bank transfer,9558.57,No,46-55,49-72 Months,0,1,Low
CUST-03329,68,Male,62,42.73,Month-to-month,6,DSL,Bank transfer,2649.26,No,66+,49-72 Months,0,4,Medium
CUST-03330,63,Female,4,128.47,Month-to-month,4,Fiber optic,Electronic check,513.88,No,56-65,0-6 Months,0,5,High
CUST-03331,66,Male,18,39.53,Two year,6,Fiber optic,Electronic check,711.54,No,66+,13-24 Months,0,2,Low
CUST-03332,73,Male,56,105.63,Two year,0,DSL,Credit card,5915.28,Yes,66+,49-72 Months,1,1,Low
CUST-03333,38,Female,24,39.57,Two year,0,Fiber optic,Credit card,949.68,No,36-45,13-24 Months,0,0,Low
CUST-03334,52,Male,66,140.0,One year,0,Fiber optic,Credit card,9240.0,No,46-55,49-72 Months,0,1,Low
CUST-03335,75,Male,13,93.45,Month-to-month,2,No,Electronic check,1214.85,No,66+,13-24 Months,0,2,Low
CUST-03336,49,Female,62,62.81,Month-to-month,3,Fiber optic,Electronic check,3894.22,No,46-55,49-72 Months,0,2,Low
CUST-03337,47,Male,54,38.24,Two year,4,DSL,Electronic check,2064.96,No,46-55,49-72 Months,0,0,Low
CUST-03338,72,Male,15,68.25,One year,3,Fiber optic,Credit card,1023.75,Yes,66+,13-24 Months,1,0,Low
CUST-03339,56,Male,69,111.65,Month-to-month,0,No,Electronic check,7703.85,No,56-65,49-72 Months,0,3,Medium
CUST-03340,66,Male,3,70.04,Month-to-month,5,Fiber optic,Electronic check,210.12,Yes,66+,0-6 Months,1,6,High
CUST-03341,29,Male,37,51.99,One year,3,No,Mailed check,1923.63,No,26-35,25-48 Months,0,0,Low
CUST-03342,58,Male,37,95.06,One year,1,DSL,Bank transfer,3517.22,No,56-65,25-48 Months,0,0,Low
CUST-03343,64,Male,3,74.32,Month-to-month,1,Fiber optic,Bank transfer,222.96,Yes,56-65,0-6 Months,1,4,Medium
CUST-03344,35,Male,63,41.55,Month-to-month,1,DSL,Electronic check,2617.65,No,26-35,49-72 Months,0,2,Low
CUST-03345,38,Female,35,40.02,Month-to-month,4,Fiber optic,Credit card,1400.7,Yes,36-45,25-48 Months,1,2,Low
CUST-03346,30,Female,52,111.97,Month-to-month,3,DSL,Mailed check,5822.44,Yes,26-35,49-72 Months,1,3,Medium
CUST-03347,38,Female,28,146.71,Two year,2,Fiber optic,Mailed check,4107.88,Yes,36-45,25-48 Months,1,1,Low
CUST-03348,25,Female,18,50.3,One year,4,Fiber optic,Bank transfer,905.4,No,18-25,13-24 Months,0,0,Low
CUST-03349,63,Male,36,120.51,One year,3,Fiber optic,Mailed check,4338.36,No,56-65,25-48 Months,0,1,Low
CUST-03350,57,Female,33,31.39,One year,3,No,Mailed check,1035.87,No,56-65,25-48 Months,0,0,Low
CUST-03351,63,Female,64,69.6,Month-to-month,0,Fiber optic,Mailed check,4454.4,No,56-65,49-72 Months,0,2,Low
CUST-03352,24,Male,26,85.87,One year,1,No,Electronic check,2232.62,No,18-25,25-48 Months,0,0,Low
CUST-03353,40,Male,48,54.94,Two year,4,DSL,Bank transfer,2637.12,No,36-45,25-48 Months,0,0,Low
CUST-03354,61,Male,40,88.85,One year,2,Fiber optic,Bank transfer,3554.0,No,56-65,25-48 Months,0,0,Low
CUST-03355,49,Male,17,134.74,Month-to-month,2,No,Credit card,2290.58,No,46-55,13-24 Months,0,3,Medium
CUST-03356,28,Male,40,142.78,One year,0,Fiber optic,Electronic check,5711.2,No,26-35,25-48 Months,0,1,Low
CUST-03357,39,Female,7,33.07,Two year,2,No,Mailed check,231.49,No,36-45,7-12 Months,0,2,Low
CUST-03358,39,Male,57,55.34,Month-to-month,3,Fiber optic,Electronic check,3154.38,No,36-45,49-72 Months,0,2,Low
CUST-03359,60,Female,8,147.29,Month-to-month,1,Fiber optic,Mailed check,1178.32,No,56-65,7-12 Months,0,5,High
CUST-03360,42,Female,56,55.15,Two year,4,Fiber optic,Mailed check,3088.4,Yes,36-45,49-72 Months,1,0,Low
CUST-03361,39,Male,31,110.05,Two year,3,No,Credit card,3411.55,No,36-45,25-48 Months,0,1,Low
CUST-03362,45,Female,59,52.95,Month-to-month,4,No,Credit card,3124.05,Yes,36-45,49-72 Months,1,2,Low
CUST-03363,46,Female,58,66.33,Month-to-month,2,Fiber optic,Credit card,3847.14,No,46-55,49-72 Months,0,2,Low
CUST-03364,30,Male,12,44.87,Month-to-month,0,Fiber optic,Mailed check,538.44,No,26-35,7-12 Months,0,4,Medium
CUST-03365,35,Female,48,131.32,Month-to-month,2,DSL,Mailed check,6303.36,No,26-35,25-48 Months,0,3,Medium
CUST-03366,19,Female,31,134.74,Two year,1,Fiber optic,Electronic check,4176.94,No,18-25,25-48 Months,0,1,Low
CUST-03367,46,Female,63,58.6,Month-to-month,5,DSL,Bank transfer,3691.8,No,46-55,49-72 Months,0,4,Medium
CUST-03368,38,Male,39,127.07,Month-to-month,1,Fiber optic,Mailed check,4955.73,No,36-45,25-48 Months,0,3,Medium
CUST-03369,32,Male,20,66.57,Two year,4,Fiber optic,Electronic check,1331.4,No,26-35,13-24 Months,0,0,Low
CUST-03370,69,Male,48,32.87,Month-to-month,1,Fiber optic,Electronic check,1577.76,No,66+,25-48 Months,0,2,Low
CUST-03371,44,Female,71,118.55,One year,1,Fiber optic,Mailed check,8417.05,Yes,36-45,49-72 Months,1,1,Low
CUST-03372,67,Male,54,97.54,Month-to-month,3,DSL,Mailed check,5267.16,Yes,66+,49-72 Months,1,2,Low
CUST-03373,48,Female,71,55.67,Two year,1,Fiber optic,Credit card,3952.57,No,46-55,49-72 Months,0,0,Low
CUST-03374,32,Male,29,52.89,Two year,0,Fiber optic,Credit card,1533.81,No,26-35,25-48 Months,0,0,Low
CUST-03375,68,Female,48,146.83,Month-to-month,1,Fiber optic,Credit card,7047.84,Yes,66+,25-48 Months,1,3,Medium
CUST-03376,40,Male,56,132.13,Two year,2,Fiber optic,Electronic check,7399.28,No,36-45,49-72 Months,0,1,Low
CUST-03377,41,Male,17,125.27,Two year,6,DSL,Credit card,2129.59,Yes,36-45,13-24 Months,1,3,Medium
CUST-03378,61,Female,9,36.64,Two year,2,Fiber optic,Mailed check,329.76,No,56-65,7-12 Months,0,2,Low
CUST-03379,30,Male,34,118.17,Month-to-month,0,Fiber optic,Credit card,4017.78,No,26-35,25-48 Months,0,3,Medium
CUST-03380,39,Female,45,47.89,Month-to-month,3,DSL,Mailed check,2155.05,No,36-45,25-48 Months,0,2,Low
CUST-03381,60,Male,9,147.06,Month-to-month,4,No,Mailed check,1323.54,No,56-65,7-12 Months,0,5,High
CUST-03382,54,Male,7,26.77,Month-to-month,3,Fiber optic,Bank transfer,187.39,No,46-55,7-12 Months,0,4,Medium
CUST-03383,50,Female,16,65.78,Month-to-month,2,Fiber optic,Bank transfer,1052.48,Yes,46-55,13-24 Months,1,2,Low
CUST-03384,73,Female,19,75.72,Month-to-month,0,Fiber optic,Credit card,1438.68,Yes,66+,13-24 Months,1,2,Low
CUST-03385,20,Female,6,127.15,One year,3,Fiber optic,Mailed check,762.9,No,18-25,0-6 Months,0,3,Medium
CUST-03386,71,Male,11,119.61,Month-to-month,3,Fiber optic,Bank transfer,1315.71,No,66+,7-12 Months,0,5,High
CUST-03387,36,Female,61,68.75,Two year,8,Fiber optic,Electronic check,4193.75,No,36-45,49-72 Months,0,2,Low
CUST-03388,40,Male,42,93.52,Two year,2,Fiber optic,Bank transfer,3927.84,No,36-45,25-48 Months,0,0,Low
CUST-03389,46,Female,13,128.63,Month-to-month,4,Fiber optic,Credit card,1672.19,Yes,46-55,13-24 Months,1,3,Medium
CUST-03390,47,Female,12,22.37,Month-to-month,4,No,Electronic check,268.44,Yes,46-55,7-12 Months,1,4,Medium
CUST-03391,56,Female,20,124.28,One year,1,DSL,Electronic check,2485.6,No,56-65,13-24 Months,0,1,Low
CUST-03392,61,Female,50,143.1,Month-to-month,3,No,Mailed check,7155.0,No,56-65,49-72 Months,0,3,Medium
CUST-03393,64,Female,36,24.17,Month-to-month,2,Fiber optic,Mailed check,870.12,Yes,56-65,25-48 Months,1,2,Low
CUST-03394,42,Female,69,25.93,Two year,3,DSL,Mailed check,1789.17,No,36-45,49-72 Months,0,0,Low
CUST-03395,54,Male,37,64.79,Month-to-month,0,Fiber optic,Mailed check,2397.23,No,46-55,25-48 Months,0,2,Low
CUST-03396,64,Female,12,31.41,Two year,1,DSL,Bank transfer,376.92,Yes,56-65,7-12 Months,1,2,Low
CUST-03397,25,Male,40,82.31,Two year,4,Fiber optic,Credit card,3292.4,No,18-25,25-48 Months,0,0,Low
CUST-03398,59,Female,54,114.73,Month-to-month,3,DSL,Credit card,6195.42,Yes,56-65,49-72 Months,1,3,Medium
CUST-03399,75,Female,2,93.7,Two year,3,DSL,Mailed check,187.4,No,66+,0-6 Months,0,2,Low
CUST-03400,33,Female,50,45.54,Month-to-month,2,DSL,Bank transfer,2277.0,Yes,26-35,49-72 Months,1,2,Low
CUST-03401,25,Male,41,105.13,Two year,3,DSL,Bank transfer,4310.33,No,18-25,25-48 Months,0,1,Low
CUST-03402,18,Male,45,109.03,Two year,4,DSL,Bank transfer,4906.35,No,18-25,25-48 Months,0,1,Low
CUST-03403,61,Female,9,141.22,Month-to-month,7,No,Credit card,1270.98,Yes,56-65,7-12 Months,1,7,High
CUST-03404,22,Male,62,39.08,One year,2,No,Mailed check,2422.96,No,18-25,49-72 Months,0,0,Low
CUST-03405,20,Female,47,110.0,One year,4,Fiber optic,Bank transfer,5170.0,No,18-25,25-48 Months,0,1,Low
CUST-03406,18,Female,5,138.49,Month-to-month,5,DSL,Bank transfer,692.45,No,18-25,0-6 Months,0,7,High
CUST-03407,21,Male,1,85.2,Two year,1,DSL,Mailed check,85.2,No,18-25,0-6 Months,0,2,Low
CUST-03408,57,Male,44,67.03,Month-to-month,2,DSL,Bank transfer,2949.32,No,56-65,25-48 Months,0,2,Low
CUST-03409,52,Male,22,42.2,Month-to-month,1,Fiber optic,Credit card,928.4,No,46-55,13-24 Months,0,2,Low
CUST-03410,49,Male,38,132.68,Month-to-month,3,No,Electronic check,5041.84,Yes,46-55,25-48 Months,1,3,Medium
CUST-03411,59,Female,19,71.25,One year,3,No,Credit card,1353.75,No,56-65,13-24 Months,0,0,Low
CUST-03412,51,Male,31,140.23,Two year,3,DSL,Mailed check,4347.13,Yes,46-55,25-48 Months,1,1,Low
CUST-03413,60,Male,67,130.21,One year,3,Fiber optic,Mailed check,8724.07,No,56-65,49-72 Months,0,1,Low
CUST-03414,42,Female,42,68.96,One year,1,Fiber optic,Credit card,2896.32,No,36-45,25-48 Months,0,0,Low
CUST-03415,27,Male,26,94.61,One year,3,Fiber optic,Electronic check,2459.86,No,26-35,25-48 Months,0,0,Low
CUST-03416,38,Male,13,23.53,Month-to-month,2,DSL,Mailed check,305.89,No,36-45,13-24 Months,0,2,Low
CUST-03417,63,Male,58,54.22,Month-to-month,4,DSL,Mailed check,3144.76,Yes,56-65,49-72 Months,1,2,Low
CUST-03418,56,Male,18,112.34,Month-to-month,1,Fiber optic,Credit card,2022.12,No,56-65,13-24 Months,0,3,Medium
CUST-03419,44,Female,67,108.13,Month-to-month,1,DSL,Electronic check,7244.71,No,36-45,49-72 Months,0,3,Medium
CUST-03420,44,Female,3,65.94,Month-to-month,2,Fiber optic,Electronic check,197.82,Yes,36-45,0-6 Months,1,4,Medium
CUST-03421,19,Male,55,125.12,Two year,2,DSL,Electronic check,6881.6,No,18-25,49-72 Months,0,1,Low
CUST-03422,58,Male,58,50.66,Two year,2,DSL,Mailed check,2938.28,No,56-65,49-72 Months,0,0,Low
CUST-03423,65,Female,63,79.97,Month-to-month,1,DSL,Electronic check,5038.11,No,56-65,49-72 Months,0,2,Low
CUST-03424,30,Male,52,81.43,Month-to-month,1,DSL,Credit card,4234.36,Yes,26-35,49-72 Months,1,2,Low
CUST-03425,26,Male,24,64.31,Month-to-month,0,Fiber optic,Mailed check,1543.44,Yes,26-35,13-24 Months,1,2,Low
CUST-03426,69,Male,72,144.11,Two year,3,DSL,Electronic check,10375.92,No,66+,49-72 Months,0,1,Low
CUST-03427,53,Male,9,110.57,Month-to-month,0,DSL,Bank transfer,995.13,Yes,46-55,7-12 Months,1,5,High
CUST-03428,39,Male,37,90.1,One year,0,Fiber optic,Electronic check,3333.7,No,36-45,25-48 Months,0,0,Low
CUST-03429,59,Male,53,86.37,Month-to-month,2,DSL,Electronic check,4577.61,No,56-65,49-72 Months,0,2,Low
CUST-03430,43,Male,24,40.71,One year,2,DSL,Mailed check,977.04,No,36-45,13-24 Months,0,0,Low
CUST-03431,75,Male,21,68.38,Month-to-month,2,DSL,Credit card,1435.98,Yes,66+,13-24 Months,1,2,Low
CUST-03432,71,Male,40,107.46,Month-to-month,2,DSL,Bank transfer,4298.4,Yes,66+,25-48 Months,1,3,Medium
CUST-03433,29,Female,62,140.19,Month-to-month,0,Fiber optic,Mailed check,8691.78,No,26-35,49-72 Months,0,3,Medium
CUST-03434,34,Female,70,126.14,Month-to-month,1,DSL,Electronic check,8829.8,No,26-35,49-72 Months,0,3,Medium
CUST-03435,31,Female,69,59.05,Two year,1,Fiber optic,Mailed check,4074.45,No,26-35,49-72 Months,0,0,Low
CUST-03436,31,Male,14,76.41,Month-to-month,3,Fiber optic,Mailed check,1069.74,No,26-35,13-24 Months,0,2,Low
CUST-03437,74,Male,42,30.78,Month-to-month,2,Fiber optic,Bank transfer,1292.76,No,66+,25-48 Months,0,2,Low
CUST-03438,51,Female,50,33.28,Two year,1,No,Electronic check,1664.0,No,46-55,49-72 Months,0,0,Low
CUST-03439,70,Male,61,81.13,Month-to-month,2,DSL,Mailed check,4948.93,No,66+,49-72 Months,0,2,Low
CUST-03440,74,Female,4,88.93,Month-to-month,1,Fiber optic,Credit card,355.72,Yes,66+,0-6 Months,1,4,Medium
CUST-03441,37,Male,72,54.32,Two year,0,Fiber optic,Bank transfer,3911.04,No,36-45,49-72 Months,0,0,Low
CUST-03442,28,Female,17,103.56,One year,0,No,Mailed check,1760.52,No,26-35,13-24 Months,0,1,Low
CUST-03443,33,Female,57,111.44,Month-to-month,2,Fiber optic,Bank transfer,6352.08,Yes,26-35,49-72 Months,1,3,Medium
CUST-03444,68,Female,48,58.89,One year,5,DSL,Mailed check,2826.72,No,66+,25-48 Months,0,2,Low
CUST-03445,48,Male,44,118.6,One year,4,DSL,Mailed check,5218.4,No,46-55,25-48 Months,0,1,Low
CUST-03446,72,Female,45,46.73,Month-to-month,3,DSL,Mailed check,2102.85,No,66+,25-48 Months,0,2,Low
CUST-03447,23,Male,33,90.75,One year,3,No,Credit card,2994.75,No,18-25,25-48 Months,0,0,Low
CUST-03448,73,Male,31,124.56,One year,2,Fiber optic,Credit card,3861.36,No,66+,25-48 Months,0,1,Low
CUST-03449,36,Male,47,89.81,Two year,5,Fiber optic,Credit card,4221.07,Yes,36-45,25-48 Months,1,2,Low
CUST-03450,54,Male,6,138.04,Two year,0,Fiber optic,Mailed check,828.24,No,46-55,0-6 Months,0,3,Medium
CUST-03451,75,Male,72,27.61,Month-to-month,3,Fiber optic,Credit card,1987.92,Yes,66+,49-72 Months,1,2,Low
CUST-03452,21,Male,71,96.48,One year,3,DSL,Bank transfer,6850.08,Yes,18-25,49-72 Months,1,0,Low
CUST-03453,64,Male,34,93.03,Month-to-month,6,No,Credit card,3163.02,No,56-65,25-48 Months,0,4,Medium
CUST-03454,21,Female,53,105.85,Month-to-month,1,Fiber optic,Bank transfer,5610.05,No,18-25,49-72 Months,0,3,Medium
CUST-03455,37,Female,14,128.34,Month-to-month,1,Fiber optic,Electronic check,1796.76,No,36-45,13-24 Months,0,3,Medium
CUST-03456,27,Female,16,114.36,One year,1,Fiber optic,Electronic check,1829.76,No,26-35,13-24 Months,0,1,Low
CUST-03457,41,Male,43,122.74,One year,4,Fiber optic,Credit card,5277.82,No,36-45,25-48 Months,0,1,Low
CUST-03458,71,Male,12,57.55,Month-to-month,2,DSL,Credit card,690.6,No,66+,7-12 Months,0,4,Medium
CUST-03459,52,Male,70,70.37,Two year,4,DSL,Bank transfer,4925.9,No,46-55,49-72 Months,0,0,Low
CUST-03460,43,Male,19,101.48,One year,3,DSL,Mailed check,1928.12,No,36-45,13-24 Months,0,1,Low
CUST-03461,54,Female,41,91.95,One year,2,Fiber optic,Bank transfer,3769.95,No,46-55,25-48 Months,0,0,Low
CUST-03462,55,Male,53,144.94,Month-to-month,2,DSL,Electronic check,7681.82,No,46-55,49-72 Months,0,3,Medium
CUST-03463,38,Female,29,44.29,One year,2,DSL,Mailed check,1284.41,No,36-45,25-48 Months,0,0,Low
CUST-03464,71,Male,70,65.67,Two year,4,Fiber optic,Bank transfer,4596.9,No,66+,49-72 Months,0,0,Low
CUST-03465,57,Female,59,94.46,Month-to-month,0,No,Credit card,5573.14,Yes,56-65,49-72 Months,1,2,Low
CUST-03466,56,Male,64,132.84,Month-to-month,7,DSL,Electronic check,8501.76,No,56-65,49-72 Months,0,5,High
CUST-03467,38,Female,24,140.82,Two year,4,DSL,Electronic check,3379.68,No,36-45,13-24 Months,0,1,Low
CUST-03468,27,Male,16,63.68,One year,2,Fiber optic,Credit card,1018.88,No,26-35,13-24 Months,0,0,Low
CUST-03469,55,Female,52,28.72,Month-to-month,3,Fiber optic,Bank transfer,1493.44,No,46-55,49-72 Months,0,2,Low
CUST-03470,63,Male,6,74.81,Month-to-month,2,Fiber optic,Credit card,448.86,Yes,56-65,0-6 Months,1,4,Medium
CUST-03471,21,Female,37,71.26,One year,2,Fiber optic,Bank transfer,2636.62,No,18-25,25-48 Months,0,0,Low
CUST-03472,74,Female,4,148.24,Month-to-month,2,DSL,Electronic check,592.96,Yes,66+,0-6 Months,1,5,High
CUST-03473,62,Male,38,76.04,Month-to-month,1,Fiber optic,Credit card,2889.52,Yes,56-65,25-48 Months,1,2,Low
CUST-03474,37,Female,41,59.74,Month-to-month,1,Fiber optic,Electronic check,2449.34,No,36-45,25-48 Months,0,2,Low
CUST-03475,34,Male,14,67.5,Month-to-month,1,Fiber optic,Electronic check,945.0,No,26-35,13-24 Months,0,2,Low
CUST-03476,72,Male,71,71.6,One year,1,No,Mailed check,5083.6,Yes,66+,49-72 Months,1,0,Low
CUST-03477,24,Male,51,126.8,Two year,3,DSL,Credit card,6466.8,No,18-25,49-72 Months,0,1,Low
CUST-03478,21,Female,65,30.53,Month-to-month,6,DSL,Electronic check,1984.45,Yes,18-25,49-72 Months,1,4,Medium
CUST-03479,46,Female,52,61.15,One year,2,Fiber optic,Bank transfer,3179.8,No,46-55,49-72 Months,0,0,Low
CUST-03480,31,Male,30,145.62,Month-to-month,4,DSL,Credit card,4368.6,No,26-35,25-48 Months,0,3,Medium
CUST-03481,20,Male,57,39.9,Month-to-month,2,Fiber optic,Bank transfer,2274.3,No,18-25,49-72 Months,0,2,Low
CUST-03482,41,Female,30,116.54,Two year,4,Fiber optic,Bank transfer,3496.2,No,36-45,25-48 Months,0,1,Low
CUST-03483,54,Female,42,66.33,Month-to-month,3,Fiber optic,Bank transfer,2785.86,No,46-55,25-48 Months,0,2,Low
CUST-03484,33,Female,11,95.63,Month-to-month,6,DSL,Credit card,1051.93,Yes,26-35,7-12 Months,1,6,High
CUST-03485,75,Male,27,32.94,Month-to-month,1,Fiber optic,Bank transfer,889.38,No,66+,25-48 Months,0,2,Low
CUST-03486,72,Male,24,59.83,One year,2,DSL,Credit card,1435.92,No,66+,13-24 Months,0,0,Low
CUST-03487,69,Male,39,85.11,Month-to-month,5,DSL,Mailed check,3319.29,Yes,66+,25-48 Months,1,4,Medium
CUST-03488,21,Male,72,50.12,Month-to-month,2,Fiber optic,Bank transfer,3608.64,No,18-25,49-72 Months,0,2,Low
CUST-03489,73,Male,18,90.44,Two year,4,DSL,Credit card,1627.92,Yes,66+,13-24 Months,1,0,Low
CUST-03490,41,Female,45,48.57,Month-to-month,0,No,Bank transfer,2185.65,No,36-45,25-48 Months,0,2,Low
CUST-03491,51,Male,12,104.51,Month-to-month,1,Fiber optic,Electronic check,1254.12,No,46-55,7-12 Months,0,5,High
CUST-03492,47,Female,49,137.57,Month-to-month,4,Fiber optic,Bank transfer,6740.93,No,46-55,49-72 Months,0,3,Medium
CUST-03493,35,Female,31,31.11,Month-to-month,2,Fiber optic,Electronic check,964.41,No,26-35,25-48 Months,0,2,Low
CUST-03494,36,Male,22,48.16,Month-to-month,2,Fiber optic,Electronic check,1059.52,No,36-45,13-24 Months,0,2,Low
CUST-03495,48,Female,44,129.77,One year,6,Fiber optic,Bank transfer,5709.88,Yes,46-55,25-48 Months,1,3,Medium
CUST-03496,36,Male,64,102.1,One year,3,Fiber optic,Bank transfer,6534.4,Yes,36-45,49-72 Months,1,1,Low
CUST-03497,66,Female,25,30.23,Month-to-month,2,Fiber optic,Electronic check,755.75,No,66+,25-48 Months,0,2,Low
CUST-03498,63,Male,51,83.23,Month-to-month,2,Fiber optic,Mailed check,4244.73,No,56-65,49-72 Months,0,2,Low
CUST-03499,36,Male,7,47.27,Month-to-month,2,No,Credit card,330.89,No,36-45,7-12 Months,0,4,Medium
CUST-03500,39,Female,6,45.88,Month-to-month,3,No,Bank transfer,275.28,No,36-45,0-6 Months,0,4,Medium
CUST-03501,41,Male,24,142.28,Month-to-month,2,Fiber optic,Electronic check,3414.72,No,36-45,13-24 Months,0,3,Medium
CUST-03502,62,Female,19,119.0,Month-to-month,2,Fiber optic,Credit card,2261.0,Yes,56-65,13-24 Months,1,3,Medium
CUST-03503,29,Male,9,110.51,Month-to-month,1,Fiber optic,Bank transfer,994.59,Yes,26-35,7-12 Months,1,5,High
CUST-03504,47,Male,36,51.06,One year,1,Fiber optic,Credit card,1838.16,No,46-55,25-48 Months,0,0,Low
CUST-03505,75,Male,40,35.41,Month-to-month,1,No,Electronic check,1416.4,Yes,66+,25-48 Months,1,2,Low
CUST-03506,55,Female,24,133.21,Month-to-month,1,Fiber optic,Bank transfer,3197.04,Yes,46-55,13-24 Months,1,3,Medium
CUST-03507,70,Female,48,20.76,Month-to-month,6,No,Mailed check,996.48,Yes,66+,25-48 Months,1,4,Medium
CUST-03508,48,Male,63,70.45,Month-to-month,2,No,Credit card,4438.35,Yes,46-55,49-72 Months,1,2,Low
CUST-03509,53,Female,69,56.09,One year,3,No,Bank transfer,3870.21,No,46-55,49-72 Months,0,0,Low
CUST-03510,36,Male,53,94.15,Month-to-month,3,Fiber optic,Credit card,4989.95,No,36-45,49-72 Months,0,2,Low
CUST-03511,65,Female,54,52.57,Month-to-month,4,Fiber optic,Credit card,2838.78,Yes,56-65,49-72 Months,1,2,Low
CUST-03512,62,Female,42,60.46,Month-to-month,2,Fiber optic,Bank transfer,2539.32,Yes,56-65,25-48 Months,1,2,Low
CUST-03513,53,Male,45,130.51,Month-to-month,2,DSL,Bank transfer,5872.95,No,46-55,25-48 Months,0,3,Medium
CUST-03514,47,Male,14,98.41,One year,1,Fiber optic,Bank transfer,1377.74,No,46-55,13-24 Months,0,0,Low
CUST-03515,72,Male,29,38.94,Two year,1,No,Electronic check,1129.26,No,66+,25-48 Months,0,0,Low
CUST-03516,66,Male,6,114.44,Month-to-month,1,Fiber optic,Bank transfer,686.64,Yes,66+,0-6 Months,1,5,High
CUST-03517,72,Male,7,46.97,One year,4,DSL,Credit card,328.79,Yes,66+,7-12 Months,1,2,Low
CUST-03518,50,Female,37,76.29,Month-to-month,1,Fiber optic,Bank transfer,2822.73,No,46-55,25-48 Months,0,2,Low
CUST-03519,35,Female,53,104.06,Month-to-month,2,DSL,Electronic check,5515.18,Yes,26-35,49-72 Months,1,3,Medium
CUST-03520,69,Male,18,55.35,Month-to-month,2,Fiber optic,Electronic check,996.3,No,66+,13-24 Months,0,2,Low
CUST-03521,66,Male,38,69.93,Two year,3,No,Bank transfer,2657.34,No,66+,25-48 Months,0,0,Low
CUST-03522,45,Male,59,115.44,Month-to-month,4,Fiber optic,Credit card,6810.96,Yes,36-45,49-72 Months,1,3,Medium
CUST-03523,64,Female,1,141.93,Two year,1,DSL,Electronic check,141.93,Yes,56-65,0-6 Months,1,3,Medium
CUST-03524,28,Male,68,88.8,Month-to-month,1,Fiber optic,Credit card,6038.4,Yes,26-35,49-72 Months,1,2,Low
CUST-03525,74,Male,44,21.3,Month-to-month,3,DSL,Mailed check,937.2,Yes,66+,25-48 Months,1,2,Low
CUST-03526,71,Female,47,64.0,One year,4,DSL,Electronic check,3008.0,Yes,66+,25-48 Months,1,0,Low
CUST-03527,62,Female,35,71.82,Two year,0,Fiber optic,Mailed check,2513.7,No,56-65,25-48 Months,0,0,Low
CUST-03528,50,Female,60,64.09,Two year,1,Fiber optic,Electronic check,3845.4,No,46-55,49-72 Months,0,0,Low
CUST-03529,34,Female,52,76.71,One year,2,DSL,Credit card,3988.92,Yes,26-35,49-72 Months,1,0,Low
CUST-03530,23,Male,8,102.25,Month-to-month,2,Fiber optic,Mailed check,818.0,Yes,18-25,7-12 Months,1,5,High
CUST-03531,21,Female,41,35.75,Month-to-month,2,DSL,Credit card,1465.75,No,18-25,25-48 Months,0,2,Low
CUST-03532,37,Female,3,55.44,Month-to-month,1,Fiber optic,Electronic check,166.32,No,36-45,0-6 Months,0,4,Medium
CUST-03533,65,Male,69,85.99,Month-to-month,5,DSL,Credit card,5933.31,Yes,56-65,49-72 Months,1,4,Medium
CUST-03534,64,Male,14,61.02,Two year,2,Fiber optic,Mailed check,854.28,No,56-65,13-24 Months,0,0,Low
CUST-03535,44,Male,26,148.84,One year,1,DSL,Bank transfer,3869.84,No,36-45,25-48 Months,0,1,Low
CUST-03536,32,Female,70,76.09,Two year,5,Fiber optic,Bank transfer,5326.3,No,26-35,49-72 Months,0,2,Low
CUST-03537,23,Male,58,133.07,Month-to-month,2,Fiber optic,Electronic check,7718.06,No,18-25,49-72 Months,0,3,Medium
CUST-03538,64,Female,40,136.55,One year,2,Fiber optic,Bank transfer,5462.0,Yes,56-65,25-48 Months,1,1,Low
CUST-03539,31,Female,51,128.68,Two year,2,Fiber optic,Electronic check,6562.68,No,26-35,49-72 Months,0,1,Low
CUST-03540,28,Female,5,26.1,Month-to-month,4,DSL,Credit card,130.5,Yes,26-35,0-6 Months,1,4,Medium
CUST-03541,56,Male,32,143.21,Month-to-month,3,DSL,Credit card,4582.72,No,56-65,25-48 Months,0,3,Medium
CUST-03542,26,Female,1,36.74,One year,1,No,Mailed check,36.74,No,26-35,0-6 Months,0,2,Low
CUST-03543,43,Male,54,24.47,One year,1,Fiber optic,Mailed check,1321.38,No,36-45,49-72 Months,0,0,Low
CUST-03544,33,Male,11,73.87,Two year,3,Fiber optic,Bank transfer,812.57,No,26-35,7-12 Months,0,2,Low
CUST-03545,22,Male,53,45.3,Month-to-month,4,DSL,Credit card,2400.9,Yes,18-25,49-72 Months,1,2,Low
CUST-03546,74,Female,8,43.95,Month-to-month,5,DSL,Mailed check,351.6,Yes,66+,7-12 Months,1,6,High
CUST-03547,69,Female,25,57.42,Month-to-month,1,Fiber optic,Bank transfer,1435.5,No,66+,25-48 Months,0,2,Low
CUST-03548,27,Female,40,52.29,Month-to-month,4,No,Electronic check,2091.6,Yes,26-35,25-48 Months,1,2,Low
CUST-03549,67,Male,32,109.02,One year,1,Fiber optic,Mailed check,3488.64,No,66+,25-48 Months,0,1,Low
CUST-03550,20,Female,28,44.28,Month-to-month,1,DSL,Mailed check,1239.84,Yes,18-25,25-48 Months,1,2,Low
CUST-03551,30,Female,3,90.61,Two year,3,Fiber optic,Bank transfer,271.83,Yes,26-35,0-6 Months,1,2,Low
CUST-03552,60,Female,62,148.24,Two year,2,No,Mailed check,9190.88,No,56-65,49-72 Months,0,1,Low
CUST-03553,66,Female,27,76.21,Month-to-month,2,Fiber optic,Bank transfer,2057.67,No,66+,25-48 Months,0,2,Low
CUST-03554,47,Female,45,103.44,Month-to-month,0,No,Mailed check,4654.8,No,46-55,25-48 Months,0,3,Medium
CUST-03555,71,Male,25,146.02,Month-to-month,1,Fiber optic,Credit card,3650.5,No,66+,25-48 Months,0,3,Medium
CUST-03556,62,Male,61,37.89,One year,4,DSL,Credit card,2311.29,No,56-65,49-72 Months,0,0,Low
CUST-03557,23,Male,44,74.42,Month-to-month,3,DSL,Credit card,3274.48,No,18-25,25-48 Months,0,2,Low
CUST-03558,34,Male,46,130.53,Month-to-month,5,DSL,Mailed check,6004.38,No,26-35,25-48 Months,0,5,High
CUST-03559,62,Female,14,141.2,Month-to-month,4,Fiber optic,Bank transfer,1976.8,No,56-65,13-24 Months,0,3,Medium
CUST-03560,68,Male,8,98.16,One year,3,Fiber optic,Credit card,785.28,Yes,66+,7-12 Months,1,2,Low
CUST-03561,70,Female,48,38.64,Month-to-month,2,Fiber optic,Electronic check,1854.72,No,66+,25-48 Months,0,2,Low
CUST-03562,36,Male,14,137.19,One year,2,DSL,Mailed check,1920.66,No,36-45,13-24 Months,0,1,Low
CUST-03563,59,Male,65,42.68,Two year,2,No,Bank transfer,2774.2,Yes,56-65,49-72 Months,1,0,Low
CUST-03564,52,Male,7,65.87,Month-to-month,0,DSL,Mailed check,461.09,No,46-55,7-12 Months,0,4,Medium
CUST-03565,63,Female,49,68.82,Month-to-month,1,DSL,Bank transfer,3372.18,No,56-65,49-72 Months,0,2,Low
CUST-03566,43,Female,55,78.15,Month-to-month,3,DSL,Bank transfer,4298.25,Yes,36-45,49-72 Months,1,2,Low
CUST-03567,68,Male,13,122.72,Month-to-month,3,DSL,Mailed check,1595.36,Yes,66+,13-24 Months,1,3,Medium
CUST-03568,22,Female,56,124.28,Month-to-month,2,No,Electronic check,6959.68,No,18-25,49-72 Months,0,3,Medium
CUST-03569,46,Male,56,113.56,Month-to-month,0,DSL,Electronic check,6359.36,No,46-55,49-72 Months,0,3,Medium
CUST-03570,54,Male,15,22.88,Two year,2,DSL,Mailed check,343.2,No,46-55,13-24 Months,0,0,Low
CUST-03571,37,Male,57,93.43,One year,2,Fiber optic,Credit card,5325.51,No,36-45,49-72 Months,0,0,Low
CUST-03572,66,Female,58,117.17,Month-to-month,1,Fiber optic,Credit card,6795.86,No,66+,49-72 Months,0,3,Medium
CUST-03573,38,Male,35,77.8,Month-to-month,0,DSL,Bank transfer,2723.0,No,36-45,25-48 Months,0,2,Low
CUST-03574,27,Male,16,142.84,One year,1,DSL,Credit card,2285.44,No,26-35,13-24 Months,0,1,Low
CUST-03575,22,Male,8,127.1,Month-to-month,1,DSL,Mailed check,1016.8,Yes,18-25,7-12 Months,1,5,High
CUST-03576,53,Female,45,102.96,Month-to-month,3,No,Mailed check,4633.2,Yes,46-55,25-48 Months,1,3,Medium
CUST-03577,23,Male,40,28.12,Month-to-month,2,Fiber optic,Electronic check,1124.8,Yes,18-25,25-48 Months,1,2,Low
CUST-03578,43,Female,54,104.81,Two year,4,No,Credit card,5659.74,No,36-45,49-72 Months,0,1,Low
CUST-03579,21,Male,14,138.51,Month-to-month,4,DSL,Credit card,1939.14,Yes,18-25,13-24 Months,1,3,Medium
CUST-03580,56,Female,59,69.33,One year,0,Fiber optic,Bank transfer,4090.47,No,56-65,49-72 Months,0,0,Low
CUST-03581,56,Male,53,128.96,Month-to-month,4,Fiber optic,Mailed check,6834.88,No,56-65,49-72 Months,0,3,Medium
CUST-03582,67,Male,27,60.71,One year,4,DSL,Mailed check,1639.17,Yes,66+,25-48 Months,1,0,Low
CUST-03583,52,Female,47,94.11,One year,3,Fiber optic,Mailed check,4423.17,No,46-55,25-48 Months,0,0,Low
CUST-03584,18,Female,6,104.3,Two year,6,Fiber optic,Electronic check,625.8,No,18-25,0-6 Months,0,5,High
CUST-03585,41,Male,55,108.14,Month-to-month,4,Fiber optic,Electronic check,5947.7,Yes,36-45,49-72 Months,1,3,Medium
CUST-03586,74,Female,44,134.73,Month-to-month,5,Fiber optic,Electronic check,5928.12,No,66+,25-48 Months,0,5,High
CUST-03587,53,Male,18,50.5,Month-to-month,4,Fiber optic,Mailed check,909.0,Yes,46-55,13-24 Months,1,2,Low
CUST-03588,23,Male,16,54.11,Month-to-month,4,Fiber optic,Mailed check,865.76,No,18-25,13-24 Months,0,2,Low
CUST-03589,58,Male,12,111.53,Month-to-month,0,No,Credit card,1338.36,No,56-65,7-12 Months,0,5,High
CUST-03590,71,Female,20,43.04,Two year,3,Fiber optic,Mailed check,860.8,No,66+,13-24 Months,0,0,Low
CUST-03591,63,Male,45,80.36,Month-to-month,4,Fiber optic,Mailed check,3616.2,Yes,56-65,25-48 Months,1,2,Low
CUST-03592,61,Female,64,22.6,One year,3,Fiber optic,Electronic check,1446.4,Yes,56-65,49-72 Months,1,0,Low
CUST-03593,74,Male,59,38.33,Month-to-month,2,DSL,Credit card,2261.47,No,66+,49-72 Months,0,2,Low
CUST-03594,48,Female,22,108.25,Month-to-month,2,DSL,Mailed check,2381.5,No,46-55,13-24 Months,0,3,Medium
CUST-03595,37,Female,47,117.17,Month-to-month,3,Fiber optic,Bank transfer,5506.99,No,36-45,25-48 Months,0,3,Medium
CUST-03596,41,Male,29,34.99,Month-to-month,3,Fiber optic,Electronic check,1014.71,No,36-45,25-48 Months,0,2,Low
CUST-03597,42,Female,45,49.6,Month-to-month,2,Fiber optic,Bank transfer,2232.0,No,36-45,25-48 Months,0,2,Low
CUST-03598,53,Male,9,32.86,One year,2,No,Credit card,295.74,No,46-55,7-12 Months,0,2,Low
CUST-03599,38,Male,24,76.34,Month-to-month,3,No,Electronic check,1832.16,No,36-45,13-24 Months,0,2,Low
CUST-03600,47,Male,15,36.4,One year,2,No,Credit card,546.0,Yes,46-55,13-24 Months,1,0,Low
CUST-03601,41,Male,36,76.85,One year,3,Fiber optic,Mailed check,2766.6,No,36-45,25-48 Months,0,0,Low
CUST-03602,61,Male,13,115.17,Month-to-month,3,Fiber optic,Electronic check,1497.21,No,56-65,13-24 Months,0,3,Medium
CUST-03603,59,Female,44,108.84,One year,2,Fiber optic,Credit card,4788.96,No,56-65,25-48 Months,0,1,Low
CUST-03604,47,Male,71,56.46,Month-to-month,2,Fiber optic,Credit card,4008.66,No,46-55,49-72 Months,0,2,Low
CUST-03605,39,Female,72,107.59,Month-to-month,0,Fiber optic,Credit card,7746.48,Yes,36-45,49-72 Months,1,3,Medium
CUST-03606,45,Female,36,140.6,Month-to-month,4,Fiber optic,Bank transfer,5061.6,No,36-45,25-48 Months,0,3,Medium
CUST-03607,24,Male,61,65.18,Month-to-month,1,No,Electronic check,3975.98,No,18-25,49-72 Months,0,2,Low
CUST-03608,52,Female,40,62.79,One year,3,DSL,Credit card,2511.6,No,46-55,25-48 Months,0,0,Low
CUST-03609,72,Male,27,94.29,Two year,0,DSL,Electronic check,2545.83,No,66+,25-48 Months,0,0,Low
CUST-03610,45,Female,1,51.92,Month-to-month,3,Fiber optic,Mailed check,51.92,No,36-45,0-6 Months,0,4,Medium
CUST-03611,31,Female,34,104.71,Month-to-month,4,No,Mailed check,3560.14,Yes,26-35,25-48 Months,1,3,Medium
CUST-03612,73,Female,68,128.19,Month-to-month,2,DSL,Credit card,8716.92,No,66+,49-72 Months,0,3,Medium
CUST-03613,27,Male,21,79.71,One year,4,No,Electronic check,1673.91,No,26-35,13-24 Months,0,0,Low
CUST-03614,33,Female,33,108.34,Month-to-month,2,No,Credit card,3575.22,Yes,26-35,25-48 Months,1,3,Medium
CUST-03615,33,Male,7,104.75,Month-to-month,3,DSL,Credit card,733.25,No,26-35,7-12 Months,0,5,High
CUST-03616,71,Female,65,25.03,One year,2,No,Bank transfer,1626.95,Yes,66+,49-72 Months,1,0,Low
CUST-03617,48,Female,3,43.84,Month-to-month,3,DSL,Electronic check,131.52,Yes,46-55,0-6 Months,1,4,Medium
CUST-03618,59,Female,51,136.16,Two year,1,Fiber optic,Bank transfer,6944.16,Yes,56-65,49-72 Months,1,1,Low
CUST-03619,42,Female,54,142.06,Month-to-month,1,Fiber optic,Credit card,7671.24,Yes,36-45,49-72 Months,1,3,Medium
CUST-03620,30,Male,59,121.46,Two year,3,No,Bank transfer,7166.14,No,26-35,49-72 Months,0,1,Low
CUST-03621,23,Male,6,139.76,Month-to-month,0,Fiber optic,Bank transfer,838.56,No,18-25,0-6 Months,0,5,High
CUST-03622,61,Female,29,59.8,Month-to-month,2,Fiber optic,Bank transfer,1734.2,No,56-65,25-48 Months,0,2,Low
CUST-03623,26,Female,17,52.2,One year,1,Fiber optic,Mailed check,887.4,No,26-35,13-24 Months,0,0,Low
CUST-03624,62,Male,60,69.96,One year,3,Fiber optic,Mailed check,4197.6,No,56-65,49-72 Months,0,0,Low
CUST-03625,53,Male,22,27.19,Two year,0,Fiber optic,Bank transfer,598.18,No,46-55,13-24 Months,0,0,Low
CUST-03626,73,Male,24,125.28,Month-to-month,2,No,Electronic check,3006.72,No,66+,13-24 Months,0,3,Medium
CUST-03627,60,Male,51,147.94,Two year,0,DSL,Mailed check,7544.94,Yes,56-65,49-72 Months,1,1,Low
CUST-03628,37,Female,50,127.12,Month-to-month,5,Fiber optic,Bank transfer,6356.0,Yes,36-45,49-72 Months,1,5,High
CUST-03629,35,Female,11,92.15,Month-to-month,2,DSL,Credit card,1013.65,No,26-35,7-12 Months,0,4,Medium
CUST-03630,75,Male,56,58.39,Month-to-month,7,Fiber optic,Mailed check,3269.84,Yes,66+,49-72 Months,1,4,Medium
CUST-03631,60,Male,71,45.7,One year,4,DSL,Credit card,3244.7,No,56-65,49-72 Months,0,0,Low
CUST-03632,74,Male,42,67.33,One year,1,DSL,Bank transfer,2827.86,No,66+,25-48 Months,0,0,Low
CUST-03633,38,Male,39,106.71,Month-to-month,2,No,Bank transfer,4161.69,Yes,36-45,25-48 Months,1,3,Medium
CUST-03634,21,Male,69,78.12,Month-to-month,6,Fiber optic,Bank transfer,5390.28,Yes,18-25,49-72 Months,1,4,Medium
CUST-03635,67,Male,48,141.43,Month-to-month,0,Fiber optic,Credit card,6788.64,No,66+,25-48 Months,0,3,Medium
CUST-03636,50,Female,57,131.05,Month-to-month,3,No,Mailed check,7469.85,No,46-55,49-72 Months,0,3,Medium
CUST-03637,44,Female,21,33.31,Month-to-month,3,Fiber optic,Bank transfer,699.51,No,36-45,13-24 Months,0,2,Low
CUST-03638,24,Female,20,37.1,One year,2,DSL,Electronic check,742.0,No,18-25,13-24 Months,0,0,Low
CUST-03639,23,Male,15,107.91,One year,4,DSL,Bank transfer,1618.65,No,18-25,13-24 Months,0,1,Low
CUST-03640,32,Male,69,50.0,Two year,3,Fiber optic,Mailed check,3450.0,No,26-35,49-72 Months,0,0,Low
CUST-03641,35,Male,51,122.83,Month-to-month,4,DSL,Mailed check,6264.33,Yes,26-35,49-72 Months,1,3,Medium
CUST-03642,49,Female,62,96.88,Month-to-month,0,Fiber optic,Electronic check,6006.56,No,46-55,49-72 Months,0,2,Low
CUST-03643,73,Male,37,49.88,Month-to-month,1,Fiber optic,Bank transfer,1845.56,No,66+,25-48 Months,0,2,Low
CUST-03644,28,Male,6,82.23,One year,2,Fiber optic,Mailed check,493.38,No,26-35,0-6 Months,0,2,Low
CUST-03645,37,Female,71,72.79,Month-to-month,6,DSL,Mailed check,5168.09,No,36-45,49-72 Months,0,4,Medium
CUST-03646,41,Male,26,133.51,Two year,2,Fiber optic,Mailed check,3471.26,No,36-45,25-48 Months,0,1,Low
CUST-03647,32,Female,8,24.18,One year,2,DSL,Credit card,193.44,Yes,26-35,7-12 Months,1,2,Low
CUST-03648,65,Female,4,136.46,Month-to-month,1,Fiber optic,Mailed check,545.84,Yes,56-65,0-6 Months,1,5,High
CUST-03649,24,Male,21,104.77,Month-to-month,1,Fiber optic,Mailed check,2200.17,No,18-25,13-24 Months,0,3,Medium
CUST-03650,38,Female,31,115.88,One year,1,DSL,Credit card,3592.28,Yes,36-45,25-48 Months,1,1,Low
CUST-03651,59,Male,21,20.34,One year,3,No,Bank transfer,427.14,No,56-65,13-24 Months,0,0,Low
CUST-03652,43,Female,25,101.67,Month-to-month,2,Fiber optic,Electronic check,2541.75,No,36-45,25-48 Months,0,3,Medium
CUST-03653,61,Male,15,96.5,Month-to-month,2,DSL,Credit card,1447.5,Yes,56-65,13-24 Months,1,2,Low
CUST-03654,73,Female,35,89.84,One year,2,No,Credit card,3144.4,Yes,66+,25-48 Months,1,0,Low
CUST-03655,31,Male,49,122.16,One year,5,Fiber optic,Credit card,5985.84,No,26-35,49-72 Months,0,3,Medium
CUST-03656,74,Female,43,92.26,Month-to-month,0,Fiber optic,Mailed check,3967.18,Yes,66+,25-48 Months,1,2,Low
CUST-03657,54,Female,41,131.42,Month-to-month,0,DSL,Bank transfer,5388.22,No,46-55,25-48 Months,0,3,Medium
CUST-03658,75,Female,37,50.24,Month-to-month,3,Fiber optic,Bank transfer,1858.88,No,66+,25-48 Months,0,2,Low
CUST-03659,38,Male,57,124.78,Two year,3,Fiber optic,Bank transfer,7112.46,Yes,36-45,49-72 Months,1,1,Low
CUST-03660,35,Male,42,43.31,Month-to-month,1,DSL,Electronic check,1819.02,Yes,26-35,25-48 Months,1,2,Low
CUST-03661,22,Female,47,125.71,One year,3,Fiber optic,Bank transfer,5908.37,No,18-25,25-48 Months,0,1,Low
CUST-03662,20,Male,61,142.26,Month-to-month,5,Fiber optic,Electronic check,8677.86,No,18-25,49-72 Months,0,5,High
CUST-03663,40,Female,14,63.64,Month-to-month,4,DSL,Mailed check,890.96,No,36-45,13-24 Months,0,2,Low
CUST-03664,43,Male,68,88.89,Month-to-month,1,Fiber optic,Bank transfer,6044.52,Yes,36-45,49-72 Months,1,2,Low
CUST-03665,54,Female,53,105.58,Month-to-month,0,DSL,Electronic check,5595.74,No,46-55,49-72 Months,0,3,Medium
CUST-03666,41,Male,34,30.33,One year,3,DSL,Mailed check,1031.22,No,36-45,25-48 Months,0,0,Low
CUST-03667,66,Female,24,84.23,One year,0,No,Mailed check,2021.52,No,66+,13-24 Months,0,0,Low
CUST-03668,36,Female,20,66.88,Month-to-month,3,DSL,Electronic check,1337.6,Yes,36-45,13-24 Months,1,2,Low
CUST-03669,68,Female,69,133.42,Month-to-month,2,Fiber optic,Mailed check,9205.98,No,66+,49-72 Months,0,3,Medium
CUST-03670,42,Female,30,133.97,One year,3,Fiber optic,Mailed check,4019.1,Yes,36-45,25-48 Months,1,1,Low
CUST-03671,38,Male,7,111.1,Month-to-month,4,Fiber optic,Bank transfer,777.7,Yes,36-45,7-12 Months,1,5,High
CUST-03672,29,Female,36,105.24,Month-to-month,5,Fiber optic,Electronic check,3788.64,No,26-35,25-48 Months,0,5,High
CUST-03673,74,Male,38,115.38,Month-to-month,4,DSL,Mailed check,4384.44,No,66+,25-48 Months,0,3,Medium
CUST-03674,58,Male,52,67.58,Two year,1,Fiber optic,Credit card,3514.16,No,56-65,49-72 Months,0,0,Low
CUST-03675,50,Female,15,72.59,Month-to-month,1,No,Credit card,1088.85,No,46-55,13-24 Months,0,2,Low
CUST-03676,67,Male,46,91.98,One year,4,DSL,Mailed check,4231.08,No,66+,25-48 Months,0,0,Low
CUST-03677,70,Male,23,141.94,Month-to-month,1,Fiber optic,Bank transfer,3264.62,Yes,66+,13-24 Months,1,3,Medium
CUST-03678,21,Male,12,114.12,Month-to-month,5,Fiber optic,Credit card,1369.44,Yes,18-25,7-12 Months,1,7,High
CUST-03679,59,Female,44,91.63,Month-to-month,0,DSL,Bank transfer,4031.72,No,56-65,25-48 Months,0,2,Low
CUST-03680,74,Male,15,120.15,Month-to-month,5,Fiber optic,Mailed check,1802.25,Yes,66+,13-24 Months,1,5,High
CUST-03681,24,Male,49,68.22,One year,4,Fiber optic,Electronic check,3342.78,No,18-25,49-72 Months,0,0,Low
CUST-03682,39,Female,21,114.96,One year,1,DSL,Mailed check,2414.16,No,36-45,13-24 Months,0,1,Low
CUST-03683,72,Female,15,73.39,Month-to-month,2,Fiber optic,Mailed check,1100.85,Yes,66+,13-24 Months,1,2,Low
CUST-03684,50,Male,14,56.36,One year,3,Fiber optic,Credit card,789.04,No,46-55,13-24 Months,0,0,Low
CUST-03685,34,Female,42,99.26,Month-to-month,4,DSL,Electronic check,4168.92,No,26-35,25-48 Months,0,2,Low
CUST-03686,41,Male,15,109.29,Month-to-month,1,Fiber optic,Bank transfer,1639.35,No,36-45,13-24 Months,0,3,Medium
CUST-03687,51,Male,63,79.71,Two year,1,DSL,Bank transfer,5021.73,No,46-55,49-72 Months,0,0,Low
CUST-03688,45,Male,68,93.52,One year,2,Fiber optic,Electronic check,6359.36,No,36-45,49-72 Months,0,0,Low
CUST-03689,75,Female,27,110.23,One year,2,Fiber optic,Bank transfer,2976.21,Yes,66+,25-48 Months,1,1,Low
CUST-03690,60,Male,53,119.8,Month-to-month,4,Fiber optic,Credit card,6349.4,Yes,56-65,49-72 Months,1,3,Medium
CUST-03691,58,Female,52,136.42,Month-to-month,1,DSL,Mailed check,7093.84,Yes,56-65,49-72 Months,1,3,Medium
CUST-03692,56,Female,63,66.09,Month-to-month,0,No,Bank transfer,4163.67,No,56-65,49-72 Months,0,2,Low
CUST-03693,39,Male,53,143.69,Two year,2,No,Credit card,7615.57,No,36-45,49-72 Months,0,1,Low
CUST-03694,66,Female,57,102.85,One year,2,Fiber optic,Bank transfer,5862.45,Yes,66+,49-72 Months,1,1,Low
CUST-03695,34,Female,52,122.4,Month-to-month,5,DSL,Credit card,6364.8,No,26-35,49-72 Months,0,5,High
CUST-03696,51,Female,43,110.97,Two year,0,No,Bank transfer,4771.71,Yes,46-55,25-48 Months,1,1,Low
CUST-03697,23,Female,7,46.72,Month-to-month,1,No,Bank transfer,327.04,Yes,18-25,7-12 Months,1,4,Medium
CUST-03698,63,Female,42,29.29,One year,2,Fiber optic,Electronic check,1230.18,No,56-65,25-48 Months,0,0,Low
CUST-03699,23,Male,4,114.42,Month-to-month,1,Fiber optic,Electronic check,457.68,No,18-25,0-6 Months,0,5,High
CUST-03700,51,Female,69,86.44,Month-to-month,3,DSL,Credit card,5964.36,No,46-55,49-72 Months,0,2,Low
CUST-03701,18,Male,5,111.29,Month-to-month,1,DSL,Electronic check,556.45,Yes,18-25,0-6 Months,1,5,High
CUST-03702,27,Male,41,81.99,Month-to-month,3,DSL,Mailed check,3361.59,No,26-35,25-48 Months,0,2,Low
CUST-03703,38,Male,4,60.59,One year,1,DSL,Electronic check,242.36,No,36-45,0-6 Months,0,2,Low
CUST-03704,22,Male,2,57.05,One year,4,No,Credit card,114.1,Yes,18-25,0-6 Months,1,2,Low
CUST-03705,19,Male,67,114.97,One year,2,Fiber optic,Electronic check,7702.99,Yes,18-25,49-72 Months,1,1,Low
CUST-03706,39,Male,21,55.98,Two year,0,DSL,Credit card,1175.58,No,36-45,13-24 Months,0,0,Low
CUST-03707,65,Female,70,112.91,Month-to-month,1,Fiber optic,Mailed check,7903.7,No,56-65,49-72 Months,0,3,Medium
CUST-03708,74,Female,43,69.91,Two year,2,DSL,Credit card,3006.13,No,66+,25-48 Months,0,0,Low
CUST-03709,19,Female,69,120.22,Two year,2,Fiber optic,Credit card,8295.18,Yes,18-25,49-72 Months,1,1,Low
CUST-03710,27,Male,9,38.57,Month-to-month,3,Fiber optic,Mailed check,347.13,Yes,26-35,7-12 Months,1,4,Medium
CUST-03711,51,Female,28,46.65,Month-to-month,3,DSL,Mailed check,1306.2,Yes,46-55,25-48 Months,1,2,Low
CUST-03712,33,Female,26,109.17,One year,2,DSL,Credit card,2838.42,No,26-35,25-48 Months,0,1,Low
CUST-03713,65,Female,3,92.83,Month-to-month,2,Fiber optic,Bank transfer,278.49,Yes,56-65,0-6 Months,1,4,Medium
CUST-03714,68,Male,49,46.5,One year,2,Fiber optic,Bank transfer,2278.5,Yes,66+,49-72 Months,1,0,Low
CUST-03715,56,Female,17,137.37,Month-to-month,2,Fiber optic,Credit card,2335.29,Yes,56-65,13-24 Months,1,3,Medium
CUST-03716,39,Male,63,55.87,Month-to-month,1,Fiber optic,Electronic check,3519.81,No,36-45,49-72 Months,0,2,Low
CUST-03717,29,Female,55,74.74,Month-to-month,1,Fiber optic,Credit card,4110.7,No,26-35,49-72 Months,0,2,Low
CUST-03718,41,Male,23,46.3,Month-to-month,4,Fiber optic,Credit card,1064.9,No,36-45,13-24 Months,0,2,Low
CUST-03719,64,Male,34,70.44,Month-to-month,6,No,Electronic check,2394.96,Yes,56-65,25-48 Months,1,4,Medium
CUST-03720,57,Male,69,83.91,Month-to-month,1,DSL,Mailed check,5789.79,No,56-65,49-72 Months,0,2,Low
CUST-03721,55,Female,15,58.38,Month-to-month,1,DSL,Credit card,875.7,Yes,46-55,13-24 Months,1,2,Low
CUST-03722,27,Female,47,119.98,Two year,3,No,Bank transfer,5639.06,Yes,26-35,25-48 Months,1,1,Low
CUST-03723,52,Male,3,71.21,Month-to-month,3,No,Mailed check,213.63,No,46-55,0-6 Months,0,4,Medium
CUST-03724,68,Female,28,114.84,One year,2,DSL,Mailed check,3215.52,No,66+,25-48 Months,0,1,Low
CUST-03725,66,Male,3,46.92,Month-to-month,3,No,Credit card,140.76,No,66+,0-6 Months,0,4,Medium
CUST-03726,49,Male,4,69.01,One year,2,DSL,Bank transfer,276.04,No,46-55,0-6 Months,0,2,Low
CUST-03727,24,Female,31,21.05,Two year,1,Fiber optic,Electronic check,652.55,No,18-25,25-48 Months,0,0,Low
CUST-03728,38,Female,45,118.62,Month-to-month,2,DSL,Electronic check,5337.9,No,36-45,25-48 Months,0,3,Medium
CUST-03729,37,Female,59,101.37,Two year,3,DSL,Electronic check,5980.83,Yes,36-45,49-72 Months,1,1,Low
CUST-03730,43,Male,45,126.32,Month-to-month,1,Fiber optic,Bank transfer,5684.4,No,36-45,25-48 Months,0,3,Medium
CUST-03731,21,Male,37,79.23,Month-to-month,5,No,Mailed check,2931.51,No,18-25,25-48 Months,0,4,Medium
CUST-03732,63,Female,65,123.97,Two year,2,Fiber optic,Mailed check,8058.05,Yes,56-65,49-72 Months,1,1,Low
CUST-03733,69,Male,9,104.19,Month-to-month,3,No,Credit card,937.71,Yes,66+,7-12 Months,1,5,High
CUST-03734,39,Female,17,20.47,Month-to-month,1,Fiber optic,Mailed check,347.99,No,36-45,13-24 Months,0,2,Low
CUST-03735,32,Male,65,52.98,One year,4,Fiber optic,Mailed check,3443.7,Yes,26-35,49-72 Months,1,0,Low
CUST-03736,73,Female,3,84.21,One year,3,DSL,Electronic check,252.63,Yes,66+,0-6 Months,1,2,Low
CUST-03737,57,Female,26,100.43,One year,1,DSL,Electronic check,2611.18,No,56-65,25-48 Months,0,1,Low
CUST-03738,38,Male,53,28.53,Month-to-month,2,Fiber optic,Electronic check,1512.09,No,36-45,49-72 Months,0,2,Low
CUST-03739,32,Female,31,111.66,Two year,0,Fiber optic,Mailed check,3461.46,No,26-35,25-48 Months,0,1,Low
CUST-03740,39,Female,26,90.66,One year,4,Fiber optic,Credit card,2357.16,Yes,36-45,25-48 Months,1,0,Low
CUST-03741,69,Male,23,88.35,Two year,1,DSL,Mailed check,2032.05,No,66+,13-24 Months,0,0,Low
CUST-03742,45,Female,30,57.97,Month-to-month,1,Fiber optic,Credit card,1739.1,Yes,36-45,25-48 Months,1,2,Low
CUST-03743,31,Male,10,97.33,One year,4,Fiber optic,Mailed check,973.3,No,26-35,7-12 Months,0,2,Low
CUST-03744,44,Female,72,23.57,Two year,1,Fiber optic,Bank transfer,1697.04,No,36-45,49-72 Months,0,0,Low
CUST-03745,58,Male,64,28.41,Month-to-month,2,Fiber optic,Mailed check,1818.24,Yes,56-65,49-72 Months,1,2,Low
CUST-03746,57,Female,22,115.4,Two year,3,Fiber optic,Bank transfer,2538.8,No,56-65,13-24 Months,0,1,Low
CUST-03747,75,Female,15,61.85,Month-to-month,2,No,Credit card,927.75,No,66+,13-24 Months,0,2,Low
CUST-03748,45,Female,56,65.11,Month-to-month,2,DSL,Mailed check,3646.16,No,36-45,49-72 Months,0,2,Low
CUST-03749,43,Female,20,47.09,Two year,6,Fiber optic,Mailed check,941.8,No,36-45,13-24 Months,0,2,Low
CUST-03750,66,Male,47,77.93,Two year,5,DSL,Credit card,3662.71,Yes,66+,25-48 Months,1,2,Low
CUST-03751,19,Male,53,26.76,Month-to-month,6,Fiber optic,Electronic check,1418.28,No,18-25,49-72 Months,0,4,Medium
CUST-03752,42,Male,53,59.05,Month-to-month,5,DSL,Electronic check,3129.65,Yes,36-45,49-72 Months,1,4,Medium
CUST-03753,73,Male,1,88.53,One year,6,Fiber optic,Bank transfer,88.53,Yes,66+,0-6 Months,1,4,Medium
CUST-03754,20,Male,2,80.53,Two year,2,Fiber optic,Mailed check,161.06,Yes,18-25,0-6 Months,1,2,Low
CUST-03755,25,Male,58,149.96,One year,4,Fiber optic,Electronic check,8697.68,No,18-25,49-72 Months,0,1,Low
CUST-03756,61,Male,19,70.54,One year,3,Fiber optic,Credit card,1340.26,No,56-65,13-24 Months,0,0,Low
CUST-03757,50,Female,62,70.31,One year,0,DSL,Credit card,4359.22,No,46-55,49-72 Months,0,0,Low
CUST-03758,59,Female,72,85.47,Month-to-month,4,DSL,Mailed check,6153.84,Yes,56-65,49-72 Months,1,2,Low
CUST-03759,69,Female,12,44.74,Two year,3,No,Bank transfer,536.88,No,66+,7-12 Months,0,2,Low
CUST-03760,52,Female,26,133.92,Month-to-month,2,Fiber optic,Credit card,3481.92,No,46-55,25-48 Months,0,3,Medium
CUST-03761,23,Male,27,94.39,One year,0,Fiber optic,Mailed check,2548.53,No,18-25,25-48 Months,0,0,Low
CUST-03762,56,Male,29,44.97,Month-to-month,2,Fiber optic,Bank transfer,1304.13,No,56-65,25-48 Months,0,2,Low
CUST-03763,69,Male,15,123.15,Month-to-month,3,DSL,Electronic check,1847.25,Yes,66+,13-24 Months,1,3,Medium
CUST-03764,40,Female,46,24.46,One year,2,DSL,Mailed check,1125.16,Yes,36-45,25-48 Months,1,0,Low
CUST-03765,42,Male,1,147.73,Two year,3,DSL,Bank transfer,147.73,Yes,36-45,0-6 Months,1,3,Medium
CUST-03766,67,Female,60,132.47,One year,4,Fiber optic,Credit card,7948.2,Yes,66+,49-72 Months,1,1,Low
CUST-03767,60,Male,57,95.35,One year,3,Fiber optic,Electronic check,5434.95,No,56-65,49-72 Months,0,0,Low
CUST-03768,36,Male,3,34.47,Month-to-month,4,Fiber optic,Credit card,103.41,Yes,36-45,0-6 Months,1,4,Medium
CUST-03769,22,Male,18,47.99,Two year,5,No,Credit card,863.82,No,18-25,13-24 Months,0,2,Low
CUST-03770,68,Male,52,56.33,Month-to-month,2,Fiber optic,Electronic check,2929.16,No,66+,49-72 Months,0,2,Low
CUST-03771,28,Female,60,51.33,Month-to-month,2,No,Mailed check,3079.8,No,26-35,49-72 Months,0,2,Low
CUST-03772,73,Female,34,84.68,Month-to-month,4,DSL,Mailed check,2879.12,Yes,66+,25-48 Months,1,2,Low
CUST-03773,29,Male,60,142.79,One year,2,No,Mailed check,8567.4,Yes,26-35,49-72 Months,1,1,Low
CUST-03774,27,Female,26,77.74,Two year,1,Fiber optic,Credit card,2021.24,No,26-35,25-48 Months,0,0,Low
CUST-03775,25,Male,72,106.0,One year,0,Fiber optic,Credit card,7632.0,No,18-25,49-72 Months,0,1,Low
CUST-03776,41,Male,19,109.52,Month-to-month,2,Fiber optic,Mailed check,2080.88,Yes,36-45,13-24 Months,1,3,Medium
CUST-03777,45,Male,22,133.31,Month-to-month,2,No,Mailed check,2932.82,Yes,36-45,13-24 Months,1,3,Medium
CUST-03778,58,Male,33,24.4,Month-to-month,2,Fiber optic,Electronic check,805.2,Yes,56-65,25-48 Months,1,2,Low
CUST-03779,53,Female,38,72.56,Month-to-month,1,DSL,Credit card,2757.28,Yes,46-55,25-48 Months,1,2,Low
CUST-03780,54,Male,35,122.02,Month-to-month,2,No,Bank transfer,4270.7,No,46-55,25-48 Months,0,3,Medium
CUST-03781,38,Male,67,125.93,One year,1,Fiber optic,Mailed check,8437.31,No,36-45,49-72 Months,0,1,Low
CUST-03782,25,Female,10,140.55,Two year,2,Fiber optic,Mailed check,1405.5,Yes,18-25,7-12 Months,1,3,Medium
CUST-03783,72,Male,15,111.36,Month-to-month,6,DSL,Credit card,1670.4,Yes,66+,13-24 Months,1,5,High
CUST-03784,26,Female,11,51.87,Month-to-month,5,DSL,Mailed check,570.57,Yes,26-35,7-12 Months,1,6,High
CUST-03785,64,Male,24,85.74,Two year,2,Fiber optic,Mailed check,2057.76,Yes,56-65,13-24 Months,1,0,Low
CUST-03786,32,Male,4,24.2,One year,4,Fiber optic,Credit card,96.8,Yes,26-35,0-6 Months,1,2,Low
CUST-03787,65,Male,13,104.1,Two year,7,No,Mailed check,1353.3,Yes,56-65,13-24 Months,1,3,Medium
CUST-03788,63,Male,57,92.06,Month-to-month,1,Fiber optic,Electronic check,5247.42,Yes,56-65,49-72 Months,1,2,Low
CUST-03789,57,Male,37,106.69,Month-to-month,2,No,Bank transfer,3947.53,No,56-65,25-48 Months,0,3,Medium
CUST-03790,35,Male,48,140.92,Two year,2,DSL,Credit card,6764.16,No,26-35,25-48 Months,0,1,Low
CUST-03791,59,Female,71,109.35,Month-to-month,3,DSL,Electronic check,7763.85,Yes,56-65,49-72 Months,1,3,Medium
CUST-03792,37,Male,1,61.66,One year,5,Fiber optic,Credit card,61.66,No,36-45,0-6 Months,0,4,Medium
CUST-03793,23,Female,60,45.84,Month-to-month,2,DSL,Credit card,2750.4,No,18-25,49-72 Months,0,2,Low
CUST-03794,29,Female,12,131.1,Month-to-month,3,Fiber optic,Credit card,1573.2,No,26-35,7-12 Months,0,5,High
CUST-03795,19,Male,21,45.26,Two year,2,Fiber optic,Bank transfer,950.46,No,18-25,13-24 Months,0,0,Low
CUST-03796,24,Female,11,41.01,Month-to-month,1,Fiber optic,Electronic check,451.11,Yes,18-25,7-12 Months,1,4,Medium
CUST-03797,33,Male,44,46.86,Two year,3,DSL,Bank transfer,2061.84,No,26-35,25-48 Months,0,0,Low
CUST-03798,20,Female,58,86.15,Month-to-month,1,DSL,Credit card,4996.7,No,18-25,49-72 Months,0,2,Low
CUST-03799,62,Male,44,36.14,Two year,3,DSL,Mailed check,1590.16,Yes,56-65,25-48 Months,1,0,Low
CUST-03800,20,Female,34,141.96,Month-to-month,3,Fiber optic,Bank transfer,4826.64,Yes,18-25,25-48 Months,1,3,Medium
CUST-03801,44,Female,25,145.61,Month-to-month,1,DSL,Mailed check,3640.25,No,36-45,25-48 Months,0,3,Medium
CUST-03802,67,Male,4,146.59,Month-to-month,2,No,Credit card,586.36,No,66+,0-6 Months,0,5,High
CUST-03803,60,Female,64,25.09,One year,2,Fiber optic,Mailed check,1605.76,No,56-65,49-72 Months,0,0,Low
CUST-03804,57,Male,16,143.01,Two year,3,No,Bank transfer,2288.16,No,56-65,13-24 Months,0,1,Low
CUST-03805,55,Male,10,149.66,Month-to-month,1,Fiber optic,Electronic check,1496.6,No,46-55,7-12 Months,0,5,High
CUST-03806,50,Male,66,142.52,One year,2,No,Mailed check,9406.32,No,46-55,49-72 Months,0,1,Low
CUST-03807,45,Male,35,107.22,Two year,6,Fiber optic,Bank transfer,3752.7,No,36-45,25-48 Months,0,3,Medium
CUST-03808,18,Male,6,111.16,Two year,1,Fiber optic,Electronic check,666.96,No,18-25,0-6 Months,0,3,Medium
CUST-03809,72,Female,19,35.89,One year,6,DSL,Credit card,681.91,No,66+,13-24 Months,0,2,Low
CUST-03810,25,Female,59,133.66,Two year,1,No,Electronic check,7885.94,No,18-25,49-72 Months,0,1,Low
CUST-03811,54,Female,53,27.75,One year,3,Fiber optic,Credit card,1470.75,Yes,46-55,49-72 Months,1,0,Low
CUST-03812,49,Male,8,61.3,Month-to-month,3,DSL,Bank transfer,490.4,Yes,46-55,7-12 Months,1,4,Medium
CUST-03813,65,Female,10,148.85,Month-to-month,1,DSL,Bank transfer,1488.5,No,56-65,7-12 Months,0,5,High
CUST-03814,60,Female,67,74.9,Two year,1,DSL,Electronic check,5018.3,No,56-65,49-72 Months,0,0,Low
CUST-03815,54,Female,38,37.05,Month-to-month,2,Fiber optic,Bank transfer,1407.9,No,46-55,25-48 Months,0,2,Low
CUST-03816,21,Female,29,146.01,Month-to-month,1,Fiber optic,Bank transfer,4234.29,Yes,18-25,25-48 Months,1,3,Medium
CUST-03817,47,Female,15,147.94,Two year,7,Fiber optic,Credit card,2219.1,No,46-55,13-24 Months,0,3,Medium
CUST-03818,23,Male,23,44.32,Month-to-month,3,Fiber optic,Bank transfer,1019.36,Yes,18-25,13-24 Months,1,2,Low
CUST-03819,63,Male,46,132.42,Two year,3,Fiber optic,Mailed check,6091.32,No,56-65,25-48 Months,0,1,Low
CUST-03820,71,Female,28,70.76,Two year,3,DSL,Credit card,1981.28,No,66+,25-48 Months,0,0,Low
CUST-03821,36,Male,26,69.58,Two year,5,DSL,Mailed check,1809.08,No,36-45,25-48 Months,0,2,Low
CUST-03822,49,Male,10,54.15,Month-to-month,1,Fiber optic,Electronic check,541.5,No,46-55,7-12 Months,0,4,Medium
CUST-03823,26,Female,47,25.81,Month-to-month,3,DSL,Mailed check,1213.07,Yes,26-35,25-48 Months,1,2,Low
CUST-03824,29,Female,4,54.84,Two year,3,Fiber optic,Bank transfer,219.36,No,26-35,0-6 Months,0,2,Low
CUST-03825,28,Male,55,26.99,Month-to-month,1,DSL,Electronic check,1484.45,No,26-35,49-72 Months,0,2,Low
CUST-03826,63,Female,66,140.17,Month-to-month,0,Fiber optic,Bank transfer,9251.22,Yes,56-65,49-72 Months,1,3,Medium
CUST-03827,72,Male,67,106.02,One year,2,Fiber optic,Electronic check,7103.34,No,66+,49-72 Months,0,1,Low
CUST-03828,33,Male,7,135.26,Month-to-month,6,DSL,Electronic check,946.82,Yes,26-35,7-12 Months,1,7,High
CUST-03829,18,Female,55,113.25,Two year,3,Fiber optic,Credit card,6228.75,No,18-25,49-72 Months,0,1,Low
CUST-03830,62,Male,31,37.07,One year,1,Fiber optic,Mailed check,1149.17,No,56-65,25-48 Months,0,0,Low
CUST-03831,72,Male,19,142.28,Month-to-month,2,Fiber optic,Bank transfer,2703.32,No,66+,13-24 Months,0,3,Medium
CUST-03832,70,Male,28,136.99,Month-to-month,2,Fiber optic,Electronic check,3835.72,No,66+,25-48 Months,0,3,Medium
CUST-03833,38,Female,28,65.25,Month-to-month,1,DSL,Credit card,1827.0,Yes,36-45,25-48 Months,1,2,Low
CUST-03834,47,Female,19,34.5,Month-to-month,1,Fiber optic,Electronic check,655.5,Yes,46-55,13-24 Months,1,2,Low
CUST-03835,30,Female,20,111.54,One year,3,DSL,Mailed check,2230.8,No,26-35,13-24 Months,0,1,Low
CUST-03836,51,Female,13,114.69,Month-to-month,4,Fiber optic,Electronic check,1490.97,Yes,46-55,13-24 Months,1,3,Medium
CUST-03837,21,Male,43,136.59,Month-to-month,1,DSL,Mailed check,5873.37,Yes,18-25,25-48 Months,1,3,Medium
CUST-03838,45,Female,11,26.85,Two year,5,Fiber optic,Electronic check,295.35,No,36-45,7-12 Months,0,4,Medium
CUST-03839,55,Female,48,38.42,One year,5,DSL,Mailed check,1844.16,No,46-55,25-48 Months,0,2,Low
CUST-03840,75,Female,15,97.77,Month-to-month,1,Fiber optic,Bank transfer,1466.55,No,66+,13-24 Months,0,2,Low
CUST-03841,48,Female,17,100.49,Two year,1,Fiber optic,Mailed check,1708.33,No,46-55,13-24 Months,0,1,Low
CUST-03842,72,Male,54,24.37,Month-to-month,2,Fiber optic,Mailed check,1315.98,No,66+,49-72 Months,0,2,Low
CUST-03843,44,Male,50,71.6,Two year,0,Fiber optic,Bank transfer,3580.0,No,36-45,49-72 Months,0,0,Low
CUST-03844,22,Male,28,95.94,One year,2,Fiber optic,Mailed check,2686.32,No,18-25,25-48 Months,0,0,Low
CUST-03845,42,Female,4,115.93,One year,2,DSL,Electronic check,463.72,No,36-45,0-6 Months,0,3,Medium
CUST-03846,20,Female,22,61.1,One year,4,DSL,Electronic check,1344.2,Yes,18-25,13-24 Months,1,0,Low
CUST-03847,50,Male,39,82.91,Month-to-month,1,No,Electronic check,3233.49,No,46-55,25-48 Months,0,2,Low
CUST-03848,21,Female,34,125.83,Two year,2,Fiber optic,Bank transfer,4278.22,No,18-25,25-48 Months,0,1,Low
CUST-03849,42,Female,44,144.01,Two year,5,Fiber optic,Mailed check,6336.44,Yes,36-45,25-48 Months,1,3,Medium
CUST-03850,37,Male,42,49.94,Month-to-month,4,DSL,Mailed check,2097.48,No,36-45,25-48 Months,0,2,Low
CUST-03851,51,Male,40,52.9,Month-to-month,2,DSL,Electronic check,2116.0,No,46-55,25-48 Months,0,2,Low
CUST-03852,43,Female,12,142.18,Two year,0,No,Mailed check,1706.16,No,36-45,7-12 Months,0,3,Medium
CUST-03853,22,Female,2,71.47,Month-to-month,1,Fiber optic,Electronic check,142.94,Yes,18-25,0-6 Months,1,4,Medium
CUST-03854,52,Female,28,113.39,Two year,0,Fiber optic,Electronic check,3174.92,No,46-55,25-48 Months,0,1,Low
CUST-03855,45,Male,67,99.59,One year,0,No,Electronic check,6672.53,No,36-45,49-72 Months,0,0,Low
CUST-03856,46,Male,71,57.13,One year,1,Fiber optic,Bank transfer,4056.23,No,46-55,49-72 Months,0,0,Low
CUST-03857,26,Male,72,104.96,Month-to-month,1,Fiber optic,Credit card,7557.12,No,26-35,49-72 Months,0,3,Medium
CUST-03858,69,Male,10,105.22,Month-to-month,3,Fiber optic,Credit card,1052.2,Yes,66+,7-12 Months,1,5,High
CUST-03859,55,Female,57,97.02,Month-to-month,1,Fiber optic,Mailed check,5530.14,No,46-55,49-72 Months,0,2,Low
CUST-03860,67,Male,37,32.96,One year,2,DSL,Electronic check,1219.52,No,66+,25-48 Months,0,0,Low
CUST-03861,23,Male,64,149.37,One year,3,Fiber optic,Credit card,9559.68,No,18-25,49-72 Months,0,1,Low
CUST-03862,36,Female,40,72.05,One year,1,DSL,Credit card,2882.0,No,36-45,25-48 Months,0,0,Low
CUST-03863,61,Female,60,102.97,One year,2,Fiber optic,Mailed check,6178.2,No,56-65,49-72 Months,0,1,Low
CUST-03864,74,Female,48,135.15,Two year,2,DSL,Bank transfer,6487.2,Yes,66+,25-48 Months,1,1,Low
CUST-03865,28,Male,19,75.03,Month-to-month,2,DSL,Mailed check,1425.57,Yes,26-35,13-24 Months,1,2,Low
CUST-03866,19,Female,72,120.61,One year,4,No,Mailed check,8683.92,No,18-25,49-72 Months,0,1,Low
CUST-03867,64,Female,33,146.34,Month-to-month,3,Fiber optic,Electronic check,4829.22,No,56-65,25-48 Months,0,3,Medium
CUST-03868,61,Male,44,66.66,Month-to-month,0,DSL,Bank transfer,2933.04,No,56-65,25-48 Months,0,2,Low
CUST-03869,61,Male,37,72.69,Month-to-month,3,No,Mailed check,2689.53,No,56-65,25-48 Months,0,2,Low
CUST-03870,26,Female,36,137.72,Month-to-month,3,Fiber optic,Credit card,4957.92,No,26-35,25-48 Months,0,3,Medium
CUST-03871,38,Male,21,40.75,Month-to-month,9,DSL,Credit card,855.75,No,36-45,13-24 Months,0,4,Medium
CUST-03872,41,Female,2,23.72,Month-to-month,3,Fiber optic,Mailed check,47.44,No,36-45,0-6 Months,0,4,Medium
CUST-03873,51,Female,31,138.16,Month-to-month,1,Fiber optic,Electronic check,4282.96,Yes,46-55,25-48 Months,1,3,Medium
CUST-03874,39,Male,30,126.81,Two year,4,Fiber optic,Electronic check,3804.3,No,36-45,25-48 Months,0,1,Low
CUST-03875,20,Female,44,146.44,Month-to-month,4,No,Mailed check,6443.36,Yes,18-25,25-48 Months,1,3,Medium
CUST-03876,29,Male,12,27.57,One year,4,DSL,Bank transfer,330.84,No,26-35,7-12 Months,0,2,Low
CUST-03877,45,Male,51,40.3,Month-to-month,1,DSL,Electronic check,2055.3,No,36-45,49-72 Months,0,2,Low
CUST-03878,47,Male,49,33.69,Month-to-month,2,DSL,Credit card,1650.81,No,46-55,49-72 Months,0,2,Low
CUST-03879,43,Female,24,108.84,Month-to-month,1,DSL,Bank transfer,2612.16,No,36-45,13-24 Months,0,3,Medium
CUST-03880,65,Male,24,98.78,Month-to-month,5,Fiber optic,Mailed check,2370.72,Yes,56-65,13-24 Months,1,4,Medium
CUST-03881,38,Male,60,66.71,One year,3,No,Bank transfer,4002.6,No,36-45,49-72 Months,0,0,Low
CUST-03882,45,Female,11,27.47,Month-to-month,1,Fiber optic,Electronic check,302.17,Yes,36-45,7-12 Months,1,4,Medium
CUST-03883,73,Female,13,103.16,Month-to-month,3,DSL,Electronic check,1341.08,Yes,66+,13-24 Months,1,3,Medium
CUST-03884,43,Female,72,94.12,Month-to-month,2,Fiber optic,Credit card,6776.64,No,36-45,49-72 Months,0,2,Low
CUST-03885,50,Female,72,34.68,One year,2,Fiber optic,Mailed check,2496.96,No,46-55,49-72 Months,0,0,Low
CUST-03886,38,Male,64,138.16,One year,2,Fiber optic,Bank transfer,8842.24,No,36-45,49-72 Months,0,1,Low
CUST-03887,52,Male,20,45.86,Month-to-month,3,DSL,Bank transfer,917.2,No,46-55,13-24 Months,0,2,Low
CUST-03888,69,Male,72,116.66,Month-to-month,3,DSL,Bank transfer,8399.52,Yes,66+,49-72 Months,1,3,Medium
CUST-03889,51,Female,71,135.06,Month-to-month,0,DSL,Bank transfer,9589.26,No,46-55,49-72 Months,0,3,Medium
CUST-03890,58,Female,28,95.33,Month-to-month,3,DSL,Credit card,2669.24,Yes,56-65,25-48 Months,1,2,Low
CUST-03891,68,Male,2,52.09,Month-to-month,2,Fiber optic,Credit card,104.18,Yes,66+,0-6 Months,1,4,Medium
CUST-03892,64,Female,43,60.2,One year,1,DSL,Credit card,2588.6,No,56-65,25-48 Months,0,0,Low
CUST-03893,35,Female,8,135.15,One year,0,DSL,Electronic check,1081.2,No,26-35,7-12 Months,0,3,Medium
CUST-03894,75,Male,13,58.77,One year,1,Fiber optic,Credit card,764.01,No,66+,13-24 Months,0,0,Low
CUST-03895,28,Male,35,117.0,One year,2,Fiber optic,Credit card,4095.0,No,26-35,25-48 Months,0,1,Low
CUST-03896,74,Female,23,148.72,Month-to-month,1,Fiber optic,Mailed check,3420.56,Yes,66+,13-24 Months,1,3,Medium
CUST-03897,40,Female,46,149.98,Month-to-month,1,DSL,Mailed check,6899.08,Yes,36-45,25-48 Months,1,3,Medium
CUST-03898,65,Female,15,89.35,Month-to-month,3,DSL,Mailed check,1340.25,No,56-65,13-24 Months,0,2,Low
CUST-03899,39,Male,2,127.45,One year,2,Fiber optic,Mailed check,254.9,Yes,36-45,0-6 Months,1,3,Medium
CUST-03900,34,Male,61,148.73,Month-to-month,7,Fiber optic,Credit card,9072.53,No,26-35,49-72 Months,0,5,High
CUST-03901,22,Male,64,68.71,Two year,0,Fiber optic,Credit card,4397.44,No,18-25,49-72 Months,0,0,Low
CUST-03902,61,Male,52,52.81,Month-to-month,1,DSL,Electronic check,2746.12,Yes,56-65,49-72 Months,1,2,Low
CUST-03903,28,Male,36,34.85,Month-to-month,1,DSL,Bank transfer,1254.6,No,26-35,25-48 Months,0,2,Low
CUST-03904,47,Female,67,38.32,One year,1,Fiber optic,Bank transfer,2567.44,No,46-55,49-72 Months,0,0,Low
CUST-03905,32,Female,69,130.96,Month-to-month,1,No,Mailed check,9036.24,No,26-35,49-72 Months,0,3,Medium
CUST-03906,44,Female,67,96.53,Month-to-month,2,Fiber optic,Electronic check,6467.51,Yes,36-45,49-72 Months,1,2,Low
CUST-03907,52,Male,47,133.58,Month-to-month,4,No,Credit card,6278.26,Yes,46-55,25-48 Months,1,3,Medium
CUST-03908,50,Male,2,122.63,Month-to-month,1,Fiber optic,Bank transfer,245.26,Yes,46-55,0-6 Months,1,5,High
CUST-03909,37,Male,44,107.59,Two year,1,No,Mailed check,4733.96,No,36-45,25-48 Months,0,1,Low
CUST-03910,33,Female,64,99.21,One year,1,Fiber optic,Mailed check,6349.44,No,26-35,49-72 Months,0,0,Low
CUST-03911,51,Male,28,26.28,Month-to-month,3,Fiber optic,Bank transfer,735.84,Yes,46-55,25-48 Months,1,2,Low
CUST-03912,19,Male,54,133.4,Month-to-month,1,Fiber optic,Bank transfer,7203.6,No,18-25,49-72 Months,0,3,Medium
CUST-03913,52,Female,67,74.32,Month-to-month,4,DSL,Bank transfer,4979.44,No,46-55,49-72 Months,0,2,Low
CUST-03914,57,Male,36,92.77,Two year,2,DSL,Credit card,3339.72,No,56-65,25-48 Months,0,0,Low
CUST-03915,73,Female,63,22.85,Month-to-month,4,Fiber optic,Bank transfer,1439.55,Yes,66+,49-72 Months,1,2,Low
CUST-03916,45,Male,25,141.69,Month-to-month,5,DSL,Electronic check,3542.25,No,36-45,25-48 Months,0,5,High
CUST-03917,64,Male,48,137.36,Month-to-month,4,Fiber optic,Electronic check,6593.28,Yes,56-65,25-48 Months,1,3,Medium
CUST-03918,56,Female,39,90.63,Month-to-month,4,Fiber optic,Bank transfer,3534.57,Yes,56-65,25-48 Months,1,2,Low
CUST-03919,23,Female,47,95.05,One year,2,DSL,Credit card,4467.35,No,18-25,25-48 Months,0,0,Low
CUST-03920,26,Female,21,111.65,One year,1,Fiber optic,Mailed check,2344.65,No,26-35,13-24 Months,0,1,Low
CUST-03921,37,Female,30,54.41,Month-to-month,3,DSL,Bank transfer,1632.3,Yes,36-45,25-48 Months,1,2,Low
CUST-03922,18,Female,31,48.85,One year,1,DSL,Bank transfer,1514.35,No,18-25,25-48 Months,0,0,Low
CUST-03923,25,Female,26,107.62,Month-to-month,5,Fiber optic,Bank transfer,2798.12,No,18-25,25-48 Months,0,5,High
CUST-03924,72,Male,22,33.57,Month-to-month,3,Fiber optic,Electronic check,738.54,No,66+,13-24 Months,0,2,Low
CUST-03925,40,Male,21,79.03,Month-to-month,2,DSL,Electronic check,1659.63,No,36-45,13-24 Months,0,2,Low
CUST-03926,20,Female,1,84.06,Month-to-month,1,DSL,Mailed check,84.06,Yes,18-25,0-6 Months,1,4,Medium
CUST-03927,21,Male,37,69.57,One year,2,Fiber optic,Credit card,2574.09,No,18-25,25-48 Months,0,0,Low
CUST-03928,75,Female,46,44.08,Two year,3,DSL,Bank transfer,2027.68,Yes,66+,25-48 Months,1,0,Low
CUST-03929,42,Male,9,66.19,Month-to-month,2,No,Bank transfer,595.71,No,36-45,7-12 Months,0,4,Medium
CUST-03930,64,Female,17,63.88,Month-to-month,2,No,Bank transfer,1085.96,Yes,56-65,13-24 Months,1,2,Low
CUST-03931,55,Male,47,84.9,Month-to-month,3,DSL,Mailed check,3990.3,No,46-55,25-48 Months,0,2,Low
CUST-03932,32,Male,59,107.71,Two year,2,No,Bank transfer,6354.89,Yes,26-35,49-72 Months,1,1,Low
CUST-03933,38,Male,54,145.87,Two year,3,Fiber optic,Electronic check,7876.98,No,36-45,49-72 Months,0,1,Low
CUST-03934,52,Male,12,38.74,Month-to-month,3,Fiber optic,Credit card,464.88,Yes,46-55,7-12 Months,1,4,Medium
CUST-03935,74,Male,64,133.49,One year,5,DSL,Electronic check,8543.36,Yes,66+,49-72 Months,1,3,Medium
CUST-03936,70,Female,6,56.94,One year,2,DSL,Bank transfer,341.64,No,66+,0-6 Months,0,2,Low
CUST-03937,70,Female,53,96.88,Month-to-month,1,No,Mailed check,5134.64,No,66+,49-72 Months,0,2,Low
CUST-03938,63,Female,16,91.08,Month-to-month,0,Fiber optic,Electronic check,1457.28,No,56-65,13-24 Months,0,2,Low
CUST-03939,69,Male,5,92.4,One year,3,Fiber optic,Credit card,462.0,Yes,66+,0-6 Months,1,2,Low
CUST-03940,31,Female,46,114.04,Month-to-month,4,DSL,Mailed check,5245.84,Yes,26-35,25-48 Months,1,3,Medium
CUST-03941,53,Male,14,69.62,Month-to-month,2,No,Bank transfer,974.68,No,46-55,13-24 Months,0,2,Low
CUST-03942,29,Male,44,61.48,Month-to-month,3,Fiber optic,Bank transfer,2705.12,No,26-35,25-48 Months,0,2,Low
CUST-03943,34,Male,63,130.87,Month-to-month,2,Fiber optic,Mailed check,8244.81,No,26-35,49-72 Months,0,3,Medium
CUST-03944,56,Female,52,48.61,Two year,6,DSL,Electronic check,2527.72,No,56-65,49-72 Months,0,2,Low
CUST-03945,26,Male,26,43.43,Month-to-month,3,No,Electronic check,1129.18,Yes,26-35,25-48 Months,1,2,Low
CUST-03946,52,Female,53,22.03,Month-to-month,4,Fiber optic,Mailed check,1167.59,Yes,46-55,49-72 Months,1,2,Low
CUST-03947,30,Female,29,47.38,Month-to-month,2,DSL,Electronic check,1374.02,No,26-35,25-48 Months,0,2,Low
CUST-03948,32,Male,19,87.41,One year,1,Fiber optic,Credit card,1660.79,No,26-35,13-24 Months,0,0,Low
CUST-03949,35,Male,47,90.01,Month-to-month,4,Fiber optic,Mailed check,4230.47,No,26-35,25-48 Months,0,2,Low
CUST-03950,68,Female,8,53.07,One year,2,Fiber optic,Credit card,424.56,Yes,66+,7-12 Months,1,2,Low
CUST-03951,50,Female,23,29.4,Month-to-month,1,Fiber optic,Mailed check,676.2,No,46-55,13-24 Months,0,2,Low
CUST-03952,23,Female,35,116.8,One year,4,Fiber optic,Credit card,4088.0,No,18-25,25-48 Months,0,1,Low
CUST-03953,44,Female,53,118.54,Two year,4,Fiber optic,Bank transfer,6282.62,No,36-45,49-72 Months,0,1,Low
CUST-03954,40,Female,58,149.72,Two year,2,Fiber optic,Bank transfer,8683.76,Yes,36-45,49-72 Months,1,1,Low
CUST-03955,44,Female,5,137.0,Month-to-month,1,Fiber optic,Electronic check,685.0,Yes,36-45,0-6 Months,1,5,High
CUST-03956,51,Male,16,140.39,One year,0,Fiber optic,Mailed check,2246.24,No,46-55,13-24 Months,0,1,Low
CUST-03957,73,Female,17,123.77,Month-to-month,3,DSL,Bank transfer,2104.09,Yes,66+,13-24 Months,1,3,Medium
CUST-03958,63,Female,32,100.02,One year,2,No,Mailed check,3200.64,No,56-65,25-48 Months,0,1,Low
CUST-03959,55,Female,52,36.71,Month-to-month,3,Fiber optic,Mailed check,1908.92,Yes,46-55,49-72 Months,1,2,Low
CUST-03960,31,Female,20,100.9,One year,1,Fiber optic,Credit card,2018.0,No,26-35,13-24 Months,0,1,Low
CUST-03961,53,Male,66,27.27,Month-to-month,1,DSL,Bank transfer,1799.82,No,46-55,49-72 Months,0,2,Low
CUST-03962,70,Male,1,135.09,Two year,3,Fiber optic,Electronic check,135.09,Yes,66+,0-6 Months,1,3,Medium
CUST-03963,25,Female,58,82.64,One year,2,Fiber optic,Electronic check,4793.12,No,18-25,49-72 Months,0,0,Low
CUST-03964,52,Female,44,110.67,Month-to-month,4,DSL,Electronic check,4869.48,No,46-55,25-48 Months,0,3,Medium
CUST-03965,36,Female,6,26.79,Two year,5,No,Mailed check,160.74,No,36-45,0-6 Months,0,4,Medium
CUST-03966,47,Male,50,89.45,Month-to-month,2,DSL,Electronic check,4472.5,Yes,46-55,49-72 Months,1,2,Low
CUST-03967,31,Male,72,59.16,Two year,3,Fiber optic,Mailed check,4259.52,No,26-35,49-72 Months,0,0,Low
CUST-03968,37,Male,20,57.05,One year,3,Fiber optic,Bank transfer,1141.0,No,36-45,13-24 Months,0,0,Low
CUST-03969,66,Male,14,70.66,Two year,2,No,Mailed check,989.24,No,66+,13-24 Months,0,0,Low
CUST-03970,42,Male,5,20.08,Month-to-month,8,DSL,Electronic check,100.4,No,36-45,0-6 Months,0,6,High
CUST-03971,57,Male,41,80.67,Month-to-month,1,Fiber optic,Bank transfer,3307.47,Yes,56-65,25-48 Months,1,2,Low
CUST-03972,41,Female,40,83.25,One year,2,Fiber optic,Electronic check,3330.0,No,36-45,25-48 Months,0,0,Low
CUST-03973,31,Male,34,132.21,Two year,3,DSL,Mailed check,4495.14,Yes,26-35,25-48 Months,1,1,Low
CUST-03974,43,Male,45,78.31,Month-to-month,3,No,Mailed check,3523.95,No,36-45,25-48 Months,0,2,Low
CUST-03975,55,Female,71,67.26,Month-to-month,4,Fiber optic,Electronic check,4775.46,No,46-55,49-72 Months,0,2,Low
CUST-03976,40,Male,71,149.32,Month-to-month,1,Fiber optic,Bank transfer,10601.72,No,36-45,49-72 Months,0,3,Medium
CUST-03977,39,Female,27,94.26,Two year,2,No,Mailed check,2545.02,No,36-45,25-48 Months,0,0,Low
CUST-03978,65,Male,44,81.44,One year,3,Fiber optic,Credit card,3583.36,Yes,56-65,25-48 Months,1,0,Low
CUST-03979,74,Female,33,84.47,Month-to-month,3,Fiber optic,Credit card,2787.51,Yes,66+,25-48 Months,1,2,Low
CUST-03980,36,Female,33,125.19,Month-to-month,5,Fiber optic,Credit card,4131.27,No,36-45,25-48 Months,0,5,High
CUST-03981,63,Female,44,64.29,One year,2,Fiber optic,Credit card,2828.76,No,56-65,25-48 Months,0,0,Low
CUST-03982,68,Female,20,70.59,Month-to-month,2,Fiber optic,Electronic check,1411.8,No,66+,13-24 Months,0,2,Low
CUST-03983,20,Female,36,118.26,One year,2,Fiber optic,Mailed check,4257.36,No,18-25,25-48 Months,0,1,Low
CUST-03984,59,Male,7,29.49,Month-to-month,4,Fiber optic,Bank transfer,206.43,Yes,56-65,7-12 Months,1,4,Medium
CUST-03985,36,Male,32,132.47,One year,1,Fiber optic,Credit card,4239.04,No,36-45,25-48 Months,0,1,Low
CUST-03986,26,Female,67,75.93,Two year,3,No,Electronic check,5087.31,No,26-35,49-72 Months,0,0,Low
CUST-03987,45,Female,39,95.57,Month-to-month,0,Fiber optic,Bank transfer,3727.23,No,36-45,25-48 Months,0,2,Low
CUST-03988,37,Female,24,118.47,Month-to-month,0,DSL,Electronic check,2843.28,Yes,36-45,13-24 Months,1,3,Medium
CUST-03989,62,Male,70,54.59,One year,6,Fiber optic,Mailed check,3821.3,No,56-65,49-72 Months,0,2,Low
CUST-03990,24,Female,54,135.74,Month-to-month,1,Fiber optic,Credit card,7329.96,No,18-25,49-72 Months,0,3,Medium
CUST-03991,31,Female,38,147.3,Two year,3,DSL,Bank transfer,5597.4,No,26-35,25-48 Months,0,1,Low
CUST-03992,26,Female,32,84.26,Month-to-month,5,No,Bank transfer,2696.32,Yes,26-35,25-48 Months,1,4,Medium
CUST-03993,72,Female,45,141.8,Two year,2,DSL,Electronic check,6381.0,No,66+,25-48 Months,0,1,Low
CUST-03994,74,Male,61,20.15,Month-to-month,3,Fiber optic,Electronic check,1229.15,No,66+,49-72 Months,0,2,Low
CUST-03995,36,Female,70,136.25,Month-to-month,1,No,Mailed check,9537.5,No,36-45,49-72 Months,0,3,Medium
CUST-03996,64,Female,53,60.44,Month-to-month,2,Fiber optic,Bank transfer,3203.32,No,56-65,49-72 Months,0,2,Low
CUST-03997,69,Male,51,60.49,Two year,3,Fiber optic,Credit card,3084.99,No,66+,49-72 Months,0,0,Low
CUST-03998,31,Female,56,49.65,Two year,3,No,Credit card,2780.4,No,26-35,49-72 Months,0,0,Low
CUST-03999,73,Female,27,61.21,Month-to-month,1,Fiber optic,Bank transfer,1652.67,No,66+,25-48 Months,0,2,Low
CUST-04000,55,Male,38,47.75,Month-to-month,3,No,Bank transfer,1814.5,No,46-55,25-48 Months,0,2,Low
CUST-04001,70,Male,62,137.76,Month-to-month,1,Fiber optic,Mailed check,8541.12,No,66+,49-72 Months,0,3,Medium
CUST-04002,53,Male,18,136.87,Month-to-month,1,Fiber optic,Credit card,2463.66,Yes,46-55,13-24 Months,1,3,Medium
CUST-04003,57,Female,64,33.29,One year,4,Fiber optic,Credit card,2130.56,No,56-65,49-72 Months,0,0,Low
CUST-04004,34,Female,30,38.57,Month-to-month,2,DSL,Electronic check,1157.1,Yes,26-35,25-48 Months,1,2,Low
CUST-04005,47,Male,49,132.06,One year,1,Fiber optic,Electronic check,6470.94,Yes,46-55,49-72 Months,1,1,Low
CUST-04006,26,Male,41,71.86,One year,4,No,Credit card,2946.26,Yes,26-35,25-48 Months,1,0,Low
CUST-04007,50,Male,13,42.01,One year,6,Fiber optic,Bank transfer,546.13,No,46-55,13-24 Months,0,2,Low
CUST-04008,73,Female,34,86.39,Two year,2,DSL,Bank transfer,2937.26,No,66+,25-48 Months,0,0,Low
CUST-04009,69,Female,25,74.17,Month-to-month,4,DSL,Electronic check,1854.25,Yes,66+,25-48 Months,1,2,Low
CUST-04010,42,Male,66,48.49,Month-to-month,0,DSL,Bank transfer,3200.34,No,36-45,49-72 Months,0,2,Low
CUST-04011,31,Female,18,113.7,One year,1,Fiber optic,Mailed check,2046.6,No,26-35,13-24 Months,0,1,Low
CUST-04012,28,Male,5,102.07,Month-to-month,1,Fiber optic,Bank transfer,510.35,Yes,26-35,0-6 Months,1,5,High
CUST-04013,70,Female,19,32.96,Month-to-month,2,No,Bank transfer,626.24,Yes,66+,13-24 Months,1,2,Low
CUST-04014,52,Female,42,140.3,Two year,1,No,Bank transfer,5892.6,Yes,46-55,25-48 Months,1,1,Low
CUST-04015,58,Female,18,92.6,One year,0,Fiber optic,Electronic check,1666.8,No,56-65,13-24 Months,0,0,Low
CUST-04016,31,Female,32,52.53,Month-to-month,3,Fiber optic,Bank transfer,1680.96,No,26-35,25-48 Months,0,2,Low
CUST-04017,47,Male,21,46.82,One year,3,Fiber optic,Credit card,983.22,Yes,46-55,13-24 Months,1,0,Low
CUST-04018,58,Female,10,37.67,Month-to-month,2,DSL,Electronic check,376.7,Yes,56-65,7-12 Months,1,4,Medium
CUST-04019,21,Female,37,75.2,Two year,3,No,Bank transfer,2782.4,No,18-25,25-48 Months,0,0,Low
CUST-04020,21,Male,49,37.62,Month-to-month,7,DSL,Bank transfer,1843.38,No,18-25,49-72 Months,0,4,Medium
CUST-04021,45,Female,13,74.06,One year,2,No,Mailed check,962.78,Yes,36-45,13-24 Months,1,0,Low
CUST-04022,25,Male,55,39.34,One year,1,Fiber optic,Bank transfer,2163.7,No,18-25,49-72 Months,0,0,Low
CUST-04023,19,Male,17,105.38,Month-to-month,3,Fiber optic,Electronic check,1791.46,No,18-25,13-24 Months,0,3,Medium
CUST-04024,58,Female,9,122.08,One year,3,Fiber optic,Bank transfer,1098.72,No,56-65,7-12 Months,0,3,Medium
CUST-04025,63,Female,44,91.44,Two year,3,Fiber optic,Electronic check,4023.36,No,56-65,25-48 Months,0,0,Low
CUST-04026,39,Male,46,108.41,One year,3,No,Credit card,4986.86,Yes,36-45,25-48 Months,1,1,Low
CUST-04027,58,Male,8,141.99,Month-to-month,2,Fiber optic,Bank transfer,1135.92,Yes,56-65,7-12 Months,1,5,High
CUST-04028,73,Male,37,102.99,One year,3,No,Electronic check,3810.63,No,66+,25-48 Months,0,1,Low
CUST-04029,72,Female,19,67.34,Two year,0,Fiber optic,Credit card,1279.46,Yes,66+,13-24 Months,1,0,Low
CUST-04030,33,Male,63,78.43,Month-to-month,4,Fiber optic,Electronic check,4941.09,Yes,26-35,49-72 Months,1,2,Low
CUST-04031,46,Male,46,131.87,One year,4,Fiber optic,Bank transfer,6066.02,Yes,46-55,25-48 Months,1,1,Low
CUST-04032,66,Male,71,36.99,Month-to-month,4,Fiber optic,Electronic check,2626.29,No,66+,49-72 Months,0,2,Low
CUST-04033,65,Female,26,62.35,Month-to-month,4,Fiber optic,Bank transfer,1621.1,Yes,56-65,25-48 Months,1,2,Low
CUST-04034,47,Male,46,95.05,Month-to-month,2,Fiber optic,Electronic check,4372.3,No,46-55,25-48 Months,0,2,Low
CUST-04035,29,Female,46,107.93,Two year,2,Fiber optic,Credit card,4964.78,No,26-35,25-48 Months,0,1,Low
CUST-04036,52,Female,14,119.25,One year,2,No,Bank transfer,1669.5,No,46-55,13-24 Months,0,1,Low
CUST-04037,28,Male,63,61.37,Month-to-month,1,Fiber optic,Credit card,3866.31,Yes,26-35,49-72 Months,1,2,Low
CUST-04038,63,Female,72,38.96,Two year,3,DSL,Bank transfer,2805.12,No,56-65,49-72 Months,0,0,Low
CUST-04039,67,Male,3,144.13,Month-to-month,1,Fiber optic,Electronic check,432.39,Yes,66+,0-6 Months,1,5,High
CUST-04040,38,Female,28,29.93,One year,2,Fiber optic,Credit card,838.04,Yes,36-45,25-48 Months,1,0,Low
CUST-04041,38,Female,29,32.45,Month-to-month,1,DSL,Bank transfer,941.05,No,36-45,25-48 Months,0,2,Low
CUST-04042,22,Male,18,84.34,Two year,2,Fiber optic,Credit card,1518.12,No,18-25,13-24 Months,0,0,Low
CUST-04043,65,Male,35,126.51,One year,2,Fiber optic,Mailed check,4427.85,No,56-65,25-48 Months,0,1,Low
CUST-04044,37,Male,47,120.69,One year,0,DSL,Credit card,5672.43,No,36-45,25-48 Months,0,1,Low
CUST-04045,54,Female,5,141.9,Month-to-month,1,Fiber optic,Bank transfer,709.5,Yes,46-55,0-6 Months,1,5,High
CUST-04046,20,Female,59,38.41,Month-to-month,2,DSL,Electronic check,2266.19,No,18-25,49-72 Months,0,2,Low
CUST-04047,61,Male,59,68.84,Month-to-month,3,Fiber optic,Mailed check,4061.56,No,56-65,49-72 Months,0,2,Low
CUST-04048,50,Male,47,56.68,Two year,1,Fiber optic,Mailed check,2663.96,No,46-55,25-48 Months,0,0,Low
CUST-04049,70,Female,13,131.91,Month-to-month,2,DSL,Mailed check,1714.83,Yes,66+,13-24 Months,1,3,Medium
CUST-04050,26,Female,33,83.49,One year,2,Fiber optic,Credit card,2755.17,No,26-35,25-48 Months,0,0,Low
CUST-04051,26,Female,62,23.49,Month-to-month,2,Fiber optic,Bank transfer,1456.38,No,26-35,49-72 Months,0,2,Low
CUST-04052,21,Male,16,112.04,Month-to-month,1,No,Credit card,1792.64,No,18-25,13-24 Months,0,3,Medium
CUST-04053,52,Female,44,70.53,Month-to-month,1,Fiber optic,Mailed check,3103.32,No,46-55,25-48 Months,0,2,Low
CUST-04054,34,Male,58,89.05,One year,0,DSL,Mailed check,5164.9,No,26-35,49-72 Months,0,0,Low
CUST-04055,51,Female,6,136.19,One year,4,No,Mailed check,817.14,No,46-55,0-6 Months,0,3,Medium
CUST-04056,41,Female,15,53.38,Two year,2,Fiber optic,Credit card,800.7,No,36-45,13-24 Months,0,0,Low
CUST-04057,49,Male,4,51.23,Two year,2,Fiber optic,Mailed check,204.92,No,46-55,0-6 Months,0,2,Low
CUST-04058,18,Male,56,54.22,Month-to-month,2,DSL,Electronic check,3036.32,No,18-25,49-72 Months,0,2,Low
CUST-04059,25,Male,64,63.95,Two year,0,No,Bank transfer,4092.8,No,18-25,49-72 Months,0,0,Low
CUST-04060,62,Female,68,33.96,Month-to-month,3,Fiber optic,Mailed check,2309.28,No,56-65,49-72 Months,0,2,Low
CUST-04061,40,Female,34,110.64,Two year,1,No,Bank transfer,3761.76,No,36-45,25-48 Months,0,1,Low
CUST-04062,64,Female,56,46.96,Month-to-month,5,DSL,Credit card,2629.76,Yes,56-65,49-72 Months,1,4,Medium
CUST-04063,57,Male,32,140.4,Two year,2,Fiber optic,Mailed check,4492.8,No,56-65,25-48 Months,0,1,Low
CUST-04064,29,Female,9,48.04,Month-to-month,2,DSL,Electronic check,432.36,No,26-35,7-12 Months,0,4,Medium
CUST-04065,71,Male,63,53.23,Month-to-month,2,Fiber optic,Mailed check,3353.49,Yes,66+,49-72 Months,1,2,Low
CUST-04066,29,Male,72,58.61,Month-to-month,1,No,Electronic check,4219.92,No,26-35,49-72 Months,0,2,Low
CUST-04067,63,Male,33,119.91,Month-to-month,3,DSL,Electronic check,3957.03,Yes,56-65,25-48 Months,1,3,Medium
CUST-04068,64,Female,21,75.59,Month-to-month,3,DSL,Bank transfer,1587.39,Yes,56-65,13-24 Months,1,2,Low
CUST-04069,32,Female,55,126.51,Two year,3,Fiber optic,Bank transfer,6958.05,No,26-35,49-72 Months,0,1,Low
CUST-04070,58,Male,57,122.03,One year,3,DSL,Credit card,6955.71,Yes,56-65,49-72 Months,1,1,Low
CUST-04071,36,Female,2,140.83,Month-to-month,3,Fiber optic,Electronic check,281.66,Yes,36-45,0-6 Months,1,5,High
CUST-04072,43,Male,13,118.36,Month-to-month,1,Fiber optic,Electronic check,1538.68,No,36-45,13-24 Months,0,3,Medium
CUST-04073,69,Male,4,26.75,Month-to-month,2,Fiber optic,Bank transfer,107.0,Yes,66+,0-6 Months,1,4,Medium
CUST-04074,46,Female,50,128.85,Two year,3,DSL,Credit card,6442.5,Yes,46-55,49-72 Months,1,1,Low
CUST-04075,39,Male,48,141.95,Month-to-month,6,No,Bank transfer,6813.6,Yes,36-45,25-48 Months,1,5,High
CUST-04076,57,Male,30,149.18,Month-to-month,1,Fiber optic,Bank transfer,4475.4,No,56-65,25-48 Months,0,3,Medium
CUST-04077,38,Female,29,36.28,Month-to-month,1,DSL,Credit card,1052.12,Yes,36-45,25-48 Months,1,2,Low
CUST-04078,68,Male,8,99.73,Month-to-month,2,DSL,Electronic check,797.84,Yes,66+,7-12 Months,1,4,Medium
CUST-04079,55,Male,12,45.93,Month-to-month,2,No,Electronic check,551.16,Yes,46-55,7-12 Months,1,4,Medium
CUST-04080,37,Male,41,54.13,Month-to-month,4,Fiber optic,Credit card,2219.33,No,36-45,25-48 Months,0,2,Low
CUST-04081,74,Male,26,116.93,Month-to-month,5,Fiber optic,Electronic check,3040.18,No,66+,25-48 Months,0,5,High
CUST-04082,46,Male,50,147.1,Month-to-month,2,DSL,Credit card,7355.0,Yes,46-55,49-72 Months,1,3,Medium
CUST-04083,68,Male,2,97.33,Month-to-month,2,DSL,Credit card,194.66,No,66+,0-6 Months,0,4,Medium
CUST-04084,21,Male,55,130.58,One year,2,Fiber optic,Bank transfer,7181.9,No,18-25,49-72 Months,0,1,Low
CUST-04085,72,Female,56,21.15,Month-to-month,1,Fiber optic,Electronic check,1184.4,Yes,66+,49-72 Months,1,2,Low
CUST-04086,24,Female,14,24.76,Month-to-month,0,Fiber optic,Electronic check,346.64,No,18-25,13-24 Months,0,2,Low
CUST-04087,45,Male,6,97.57,Month-to-month,3,Fiber optic,Credit card,585.42,No,36-45,0-6 Months,0,4,Medium
CUST-04088,45,Male,61,70.57,Two year,4,Fiber optic,Bank transfer,4304.77,No,36-45,49-72 Months,0,0,Low
CUST-04089,21,Female,12,135.67,One year,3,DSL,Bank transfer,1628.04,No,18-25,7-12 Months,0,3,Medium
CUST-04090,39,Female,13,59.26,One year,2,Fiber optic,Electronic check,770.38,No,36-45,13-24 Months,0,0,Low
CUST-04091,29,Female,19,76.17,Month-to-month,3,Fiber optic,Mailed check,1447.23,No,26-35,13-24 Months,0,2,Low
CUST-04092,62,Female,44,88.63,Month-to-month,2,No,Credit card,3899.72,Yes,56-65,25-48 Months,1,2,Low
CUST-04093,20,Female,59,55.5,Month-to-month,4,Fiber optic,Electronic check,3274.5,No,18-25,49-72 Months,0,2,Low
CUST-04094,39,Male,37,138.1,Month-to-month,3,Fiber optic,Electronic check,5109.7,Yes,36-45,25-48 Months,1,3,Medium
CUST-04095,61,Female,25,80.39,One year,6,Fiber optic,Mailed check,2009.75,No,56-65,25-48 Months,0,2,Low
CUST-04096,19,Female,16,75.14,Two year,1,DSL,Mailed check,1202.24,No,18-25,13-24 Months,0,0,Low
CUST-04097,41,Female,38,130.47,Two year,3,Fiber optic,Bank transfer,4957.86,No,36-45,25-48 Months,0,1,Low
CUST-04098,51,Male,43,60.56,Month-to-month,4,Fiber optic,Bank transfer,2604.08,No,46-55,25-48 Months,0,2,Low
CUST-04099,44,Male,14,126.27,Month-to-month,1,Fiber optic,Bank transfer,1767.78,No,36-45,13-24 Months,0,3,Medium
CUST-04100,72,Male,6,35.9,Month-to-month,3,Fiber optic,Bank transfer,215.4,Yes,66+,0-6 Months,1,4,Medium
CUST-04101,58,Male,23,43.76,Month-to-month,2,Fiber optic,Credit card,1006.48,Yes,56-65,13-24 Months,1,2,Low
CUST-04102,18,Male,60,143.61,Two year,2,DSL,Mailed check,8616.6,No,18-25,49-72 Months,0,1,Low
CUST-04103,25,Male,12,129.52,Month-to-month,1,DSL,Electronic check,1554.24,No,18-25,7-12 Months,0,5,High
CUST-04104,40,Female,13,70.43,Two year,3,Fiber optic,Bank transfer,915.59,No,36-45,13-24 Months,0,0,Low
CUST-04105,55,Male,6,103.0,Month-to-month,2,Fiber optic,Electronic check,618.0,No,46-55,0-6 Months,0,5,High
CUST-04106,23,Male,63,142.59,Month-to-month,1,Fiber optic,Credit card,8983.17,No,18-25,49-72 Months,0,3,Medium
CUST-04107,39,Female,38,47.54,Month-to-month,2,Fiber optic,Bank transfer,1806.52,No,36-45,25-48 Months,0,2,Low
CUST-04108,42,Male,50,27.67,One year,4,Fiber optic,Credit card,1383.5,No,36-45,49-72 Months,0,0,Low
CUST-04109,35,Female,52,89.87,Month-to-month,3,DSL,Bank transfer,4673.24,Yes,26-35,49-72 Months,1,2,Low
CUST-04110,34,Female,40,38.54,Month-to-month,3,DSL,Electronic check,1541.6,No,26-35,25-48 Months,0,2,Low
CUST-04111,29,Male,8,44.35,Month-to-month,6,Fiber optic,Credit card,354.8,No,26-35,7-12 Months,0,6,High
CUST-04112,23,Female,61,135.9,Month-to-month,1,DSL,Bank transfer,8289.9,No,18-25,49-72 Months,0,3,Medium
CUST-04113,43,Female,8,20.96,Month-to-month,3,DSL,Electronic check,167.68,No,36-45,7-12 Months,0,4,Medium
CUST-04114,44,Female,34,126.19,Month-to-month,2,DSL,Electronic check,4290.46,No,36-45,25-48 Months,0,3,Medium
CUST-04115,25,Female,60,87.2,One year,1,Fiber optic,Electronic check,5232.0,No,18-25,49-72 Months,0,0,Low
CUST-04116,36,Male,57,92.71,One year,2,Fiber optic,Bank transfer,5284.47,No,36-45,49-72 Months,0,0,Low
CUST-04117,59,Female,46,107.33,Month-to-month,2,Fiber optic,Electronic check,4937.18,Yes,56-65,25-48 Months,1,3,Medium
CUST-04118,18,Male,22,76.09,One year,2,No,Electronic check,1673.98,No,18-25,13-24 Months,0,0,Low
CUST-04119,74,Female,40,35.03,Month-to-month,2,DSL,Bank transfer,1401.2,Yes,66+,25-48 Months,1,2,Low
CUST-04120,46,Female,45,33.37,One year,0,No,Credit card,1501.65,No,46-55,25-48 Months,0,0,Low
CUST-04121,62,Female,55,118.07,Month-to-month,3,Fiber optic,Electronic check,6493.85,Yes,56-65,49-72 Months,1,3,Medium
CUST-04122,66,Male,51,48.73,Month-to-month,5,No,Bank transfer,2485.23,No,66+,49-72 Months,0,4,Medium
CUST-04123,52,Male,5,23.65,Month-to-month,1,No,Credit card,118.25,Yes,46-55,0-6 Months,1,4,Medium
CUST-04124,57,Male,13,147.35,One year,4,Fiber optic,Electronic check,1915.55,Yes,56-65,13-24 Months,1,1,Low
CUST-04125,31,Female,28,147.45,Month-to-month,5,DSL,Bank transfer,4128.6,Yes,26-35,25-48 Months,1,5,High
CUST-04126,52,Female,62,69.16,Month-to-month,0,Fiber optic,Mailed check,4287.92,No,46-55,49-72 Months,0,2,Low
CUST-04127,65,Female,24,23.32,Month-to-month,0,Fiber optic,Bank transfer,559.68,No,56-65,13-24 Months,0,2,Low
CUST-04128,62,Female,7,114.54,Month-to-month,3,DSL,Electronic check,801.78,Yes,56-65,7-12 Months,1,5,High
CUST-04129,37,Male,38,128.03,One year,2,DSL,Credit card,4865.14,No,36-45,25-48 Months,0,1,Low
CUST-04130,73,Female,37,36.25,One year,1,Fiber optic,Credit card,1341.25,Yes,66+,25-48 Months,1,0,Low
CUST-04131,66,Male,68,37.61,Two year,4,DSL,Credit card,2557.48,Yes,66+,49-72 Months,1,0,Low
CUST-04132,30,Female,42,126.89,Month-to-month,4,Fiber optic,Electronic check,5329.38,No,26-35,25-48 Months,0,3,Medium
CUST-04133,55,Male,5,139.85,Month-to-month,2,DSL,Electronic check,699.25,Yes,46-55,0-6 Months,1,5,High
CUST-04134,66,Male,64,122.8,One year,2,Fiber optic,Credit card,7859.2,No,66+,49-72 Months,0,1,Low
CUST-04135,63,Female,50,46.1,One year,3,DSL,Credit card,2305.0,Yes,56-65,49-72 Months,1,0,Low
CUST-04136,66,Female,15,73.5,Month-to-month,2,No,Credit card,1102.5,No,66+,13-24 Months,0,2,Low
CUST-04137,25,Male,53,98.11,One year,2,Fiber optic,Credit card,5199.83,No,18-25,49-72 Months,0,0,Low
CUST-04138,60,Female,25,40.84,One year,4,DSL,Bank transfer,1021.0,No,56-65,25-48 Months,0,0,Low
CUST-04139,37,Female,9,47.38,Month-to-month,1,Fiber optic,Electronic check,426.42,No,36-45,7-12 Months,0,4,Medium
CUST-04140,50,Male,38,56.78,One year,3,DSL,Mailed check,2157.64,Yes,46-55,25-48 Months,1,0,Low
CUST-04141,43,Male,22,86.24,Month-to-month,3,Fiber optic,Credit card,1897.28,Yes,36-45,13-24 Months,1,2,Low
CUST-04142,56,Male,49,86.4,Two year,3,Fiber optic,Bank transfer,4233.6,Yes,56-65,49-72 Months,1,0,Low
CUST-04143,38,Male,68,125.86,Month-to-month,4,DSL,Mailed check,8558.48,No,36-45,49-72 Months,0,3,Medium
CUST-04144,70,Female,15,117.89,Month-to-month,1,Fiber optic,Mailed check,1768.35,Yes,66+,13-24 Months,1,3,Medium
CUST-04145,66,Male,65,138.79,Month-to-month,0,DSL,Credit card,9021.35,No,66+,49-72 Months,0,3,Medium
CUST-04146,59,Male,54,128.28,Two year,2,Fiber optic,Credit card,6927.12,No,56-65,49-72 Months,0,1,Low
CUST-04147,60,Male,30,53.0,One year,4,Fiber optic,Bank transfer,1590.0,No,56-65,25-48 Months,0,0,Low
CUST-04148,71,Female,20,63.07,Month-to-month,1,Fiber optic,Credit card,1261.4,No,66+,13-24 Months,0,2,Low
CUST-04149,58,Male,33,85.06,One year,1,No,Mailed check,2806.98,Yes,56-65,25-48 Months,1,0,Low
CUST-04150,26,Female,7,21.86,One year,1,Fiber optic,Credit card,153.02,No,26-35,7-12 Months,0,2,Low
CUST-04151,41,Male,8,137.51,Month-to-month,0,Fiber optic,Bank transfer,1100.08,No,36-45,7-12 Months,0,5,High
CUST-04152,54,Male,28,25.76,Month-to-month,2,No,Bank transfer,721.28,No,46-55,25-48 Months,0,2,Low
CUST-04153,66,Female,45,61.92,One year,2,No,Bank transfer,2786.4,No,66+,25-48 Months,0,0,Low
CUST-04154,58,Male,11,93.99,Month-to-month,3,Fiber optic,Bank transfer,1033.89,No,56-65,7-12 Months,0,4,Medium
CUST-04155,34,Male,31,87.32,Month-to-month,6,No,Bank transfer,2706.92,No,26-35,25-48 Months,0,4,Medium
CUST-04156,41,Female,12,105.08,One year,4,No,Credit card,1260.96,No,36-45,7-12 Months,0,3,Medium
CUST-04157,38,Male,51,88.58,Month-to-month,1,DSL,Electronic check,4517.58,No,36-45,49-72 Months,0,2,Low
CUST-04158,68,Male,44,49.77,Month-to-month,1,DSL,Bank transfer,2189.88,No,66+,25-48 Months,0,2,Low
CUST-04159,56,Male,50,46.14,Month-to-month,3,Fiber optic,Electronic check,2307.0,No,56-65,49-72 Months,0,2,Low
CUST-04160,72,Male,17,137.94,One year,3,No,Credit card,2344.98,No,66+,13-24 Months,0,1,Low
CUST-04161,58,Female,35,54.32,One year,1,DSL,Bank transfer,1901.2,No,56-65,25-48 Months,0,0,Low
CUST-04162,56,Male,1,56.53,One year,4,Fiber optic,Electronic check,56.53,Yes,56-65,0-6 Months,1,2,Low
CUST-04163,30,Female,29,73.68,Month-to-month,3,No,Electronic check,2136.72,No,26-35,25-48 Months,0,2,Low
CUST-04164,28,Male,51,38.13,One year,4,No,Mailed check,1944.63,Yes,26-35,49-72 Months,1,0,Low
CUST-04165,63,Female,64,85.95,Two year,2,Fiber optic,Electronic check,5500.8,No,56-65,49-72 Months,0,0,Low
CUST-04166,36,Male,4,106.45,Month-to-month,1,Fiber optic,Mailed check,425.8,Yes,36-45,0-6 Months,1,5,High
CUST-04167,28,Female,28,122.18,Month-to-month,3,DSL,Mailed check,3421.04,No,26-35,25-48 Months,0,3,Medium
CUST-04168,30,Male,16,112.49,One year,0,No,Electronic check,1799.84,No,26-35,13-24 Months,0,1,Low
CUST-04169,63,Female,63,39.19,Month-to-month,0,No,Mailed check,2468.97,No,56-65,49-72 Months,0,2,Low
CUST-04170,62,Female,53,79.29,Month-to-month,0,Fiber optic,Electronic check,4202.37,No,56-65,49-72 Months,0,2,Low
CUST-04171,18,Male,17,25.02,Month-to-month,0,No,Mailed check,425.34,No,18-25,13-24 Months,0,2,Low
CUST-04172,57,Female,40,22.31,Month-to-month,3,DSL,Bank transfer,892.4,No,56-65,25-48 Months,0,2,Low
CUST-04173,61,Male,13,77.22,Month-to-month,4,Fiber optic,Bank transfer,1003.86,No,56-65,13-24 Months,0,2,Low
CUST-04174,36,Male,52,52.88,Month-to-month,3,DSL,Bank transfer,2749.76,Yes,36-45,49-72 Months,1,2,Low
CUST-04175,29,Male,58,108.84,Two year,2,Fiber optic,Electronic check,6312.72,No,26-35,49-72 Months,0,1,Low
CUST-04176,25,Male,37,114.15,Month-to-month,3,DSL,Electronic check,4223.55,No,18-25,25-48 Months,0,3,Medium
CUST-04177,25,Male,61,136.4,One year,0,DSL,Credit card,8320.4,No,18-25,49-72 Months,0,1,Low
CUST-04178,70,Female,34,118.89,Month-to-month,3,No,Electronic check,4042.26,No,66+,25-48 Months,0,3,Medium
CUST-04179,62,Male,70,26.27,One year,2,Fiber optic,Credit card,1838.9,No,56-65,49-72 Months,0,0,Low
CUST-04180,29,Male,17,68.31,Month-to-month,0,No,Credit card,1161.27,No,26-35,13-24 Months,0,2,Low
CUST-04181,65,Male,20,55.49,One year,3,Fiber optic,Bank transfer,1109.8,Yes,56-65,13-24 Months,1,0,Low
CUST-04182,50,Male,59,70.2,Two year,6,Fiber optic,Electronic check,4141.8,Yes,46-55,49-72 Months,1,2,Low
CUST-04183,62,Male,69,40.81,One year,3,Fiber optic,Electronic check,2815.89,No,56-65,49-72 Months,0,0,Low
CUST-04184,43,Male,33,32.7,Month-to-month,3,No,Credit card,1079.1,No,36-45,25-48 Months,0,2,Low
CUST-04185,56,Female,17,87.73,One year,2,Fiber optic,Credit card,1491.41,No,56-65,13-24 Months,0,0,Low
CUST-04186,45,Female,57,113.65,Month-to-month,0,No,Electronic check,6478.05,No,36-45,49-72 Months,0,3,Medium
CUST-04187,75,Male,1,111.25,Month-to-month,1,DSL,Credit card,111.25,No,66+,0-6 Months,0,5,High
CUST-04188,22,Female,13,78.62,Month-to-month,3,Fiber optic,Electronic check,1022.06,No,18-25,13-24 Months,0,2,Low
CUST-04189,25,Male,27,87.9,Two year,3,No,Electronic check,2373.3,No,18-25,25-48 Months,0,0,Low
CUST-04190,42,Male,70,87.12,Month-to-month,1,DSL,Mailed check,6098.4,No,36-45,49-72 Months,0,2,Low
CUST-04191,44,Male,59,109.9,Two year,3,Fiber optic,Credit card,6484.1,No,36-45,49-72 Months,0,1,Low
CUST-04192,63,Male,6,26.23,Month-to-month,1,Fiber optic,Bank transfer,157.38,No,56-65,0-6 Months,0,4,Medium
CUST-04193,40,Male,23,112.29,Month-to-month,1,Fiber optic,Electronic check,2582.67,No,36-45,13-24 Months,0,3,Medium
CUST-04194,47,Female,10,95.69,One year,2,DSL,Credit card,956.9,No,46-55,7-12 Months,0,2,Low
CUST-04195,62,Female,51,45.75,Month-to-month,1,Fiber optic,Credit card,2333.25,Yes,56-65,49-72 Months,1,2,Low
CUST-04196,64,Female,19,26.38,One year,3,No,Credit card,501.22,Yes,56-65,13-24 Months,1,0,Low
CUST-04197,40,Female,51,34.11,One year,4,DSL,Electronic check,1739.61,No,36-45,49-72 Months,0,0,Low
CUST-04198,66,Male,68,88.21,Month-to-month,7,Fiber optic,Electronic check,5998.28,Yes,66+,49-72 Months,1,4,Medium
CUST-04199,64,Female,42,118.59,One year,1,DSL,Electronic check,4980.78,No,56-65,25-48 Months,0,1,Low
CUST-04200,37,Male,57,63.51,Month-to-month,3,Fiber optic,Credit card,3620.07,Yes,36-45,49-72 Months,1,2,Low
CUST-04201,35,Female,68,69.29,Month-to-month,0,Fiber optic,Bank transfer,4711.72,No,26-35,49-72 Months,0,2,Low
CUST-04202,35,Female,38,141.44,Month-to-month,4,Fiber optic,Mailed check,5374.72,No,26-35,25-48 Months,0,3,Medium
CUST-04203,19,Female,62,47.69,Month-to-month,6,DSL,Bank transfer,2956.78,No,18-25,49-72 Months,0,4,Medium
CUST-04204,21,Female,7,33.49,Two year,1,Fiber optic,Electronic check,234.43,No,18-25,7-12 Months,0,2,Low
CUST-04205,47,Male,71,64.64,One year,1,Fiber optic,Electronic check,4589.44,No,46-55,49-72 Months,0,0,Low
CUST-04206,50,Female,50,116.97,One year,2,No,Electronic check,5848.5,No,46-55,49-72 Months,0,1,Low
CUST-04207,53,Female,52,101.39,One year,1,DSL,Bank transfer,5272.28,No,46-55,49-72 Months,0,1,Low
CUST-04208,35,Male,26,74.05,Month-to-month,2,Fiber optic,Bank transfer,1925.3,No,26-35,25-48 Months,0,2,Low
CUST-04209,54,Male,26,145.42,One year,4,Fiber optic,Electronic check,3780.92,Yes,46-55,25-48 Months,1,1,Low
CUST-04210,36,Female,19,115.55,One year,0,DSL,Mailed check,2195.45,Yes,36-45,13-24 Months,1,1,Low
CUST-04211,64,Male,9,28.04,Month-to-month,2,Fiber optic,Mailed check,252.36,Yes,56-65,7-12 Months,1,4,Medium
CUST-04212,45,Male,61,116.8,Two year,3,Fiber optic,Credit card,7124.8,No,36-45,49-72 Months,0,1,Low
CUST-04213,57,Male,20,23.13,One year,2,Fiber optic,Bank transfer,462.6,No,56-65,13-24 Months,0,0,Low
CUST-04214,37,Female,50,104.54,Month-to-month,3,DSL,Mailed check,5227.0,No,36-45,49-72 Months,0,3,Medium
CUST-04215,66,Male,22,47.36,Month-to-month,7,No,Electronic check,1041.92,No,66+,13-24 Months,0,4,Medium
CUST-04216,50,Female,13,110.54,Month-to-month,4,DSL,Bank transfer,1437.02,Yes,46-55,13-24 Months,1,3,Medium
CUST-04217,29,Female,12,60.27,Month-to-month,2,DSL,Credit card,723.24,No,26-35,7-12 Months,0,4,Medium
CUST-04218,75,Female,10,133.49,One year,5,Fiber optic,Credit card,1334.9,Yes,66+,7-12 Months,1,5,High
CUST-04219,68,Female,65,63.8,Two year,2,DSL,Bank transfer,4147.0,No,66+,49-72 Months,0,0,Low
CUST-04220,32,Male,30,100.56,One year,2,DSL,Electronic check,3016.8,No,26-35,25-48 Months,0,1,Low
CUST-04221,58,Female,8,57.17,Two year,1,Fiber optic,Mailed check,457.36,Yes,56-65,7-12 Months,1,2,Low
CUST-04222,56,Male,21,139.24,Two year,2,Fiber optic,Bank transfer,2924.04,Yes,56-65,13-24 Months,1,1,Low
CUST-04223,19,Female,22,121.53,Two year,2,Fiber optic,Electronic check,2673.66,Yes,18-25,13-24 Months,1,1,Low
CUST-04224,46,Male,18,51.63,Month-to-month,3,Fiber optic,Bank transfer,929.34,No,46-55,13-24 Months,0,2,Low
CUST-04225,58,Female,66,143.34,Month-to-month,2,No,Credit card,9460.44,Yes,56-65,49-72 Months,1,3,Medium
CUST-04226,27,Male,48,66.43,Month-to-month,3,No,Bank transfer,3188.64,No,26-35,25-48 Months,0,2,Low
CUST-04227,19,Female,44,104.74,Month-to-month,2,DSL,Electronic check,4608.56,No,18-25,25-48 Months,0,3,Medium
CUST-04228,68,Female,9,116.57,Two year,4,Fiber optic,Electronic check,1049.13,Yes,66+,7-12 Months,1,3,Medium
CUST-04229,28,Male,67,22.98,Month-to-month,2,DSL,Credit card,1539.66,No,26-35,49-72 Months,0,2,Low
CUST-04230,30,Female,54,144.67,One year,6,No,Electronic check,7812.18,Yes,26-35,49-72 Months,1,3,Medium
CUST-04231,27,Female,26,64.78,One year,1,No,Electronic check,1684.28,No,26-35,25-48 Months,0,0,Low
CUST-04232,31,Female,26,44.67,Month-to-month,1,Fiber optic,Credit card,1161.42,Yes,26-35,25-48 Months,1,2,Low
CUST-04233,35,Male,34,130.59,Month-to-month,3,Fiber optic,Electronic check,4440.06,No,26-35,25-48 Months,0,3,Medium
CUST-04234,68,Female,8,111.38,Month-to-month,4,No,Electronic check,891.04,No,66+,7-12 Months,0,5,High
CUST-04235,71,Female,10,31.28,Month-to-month,3,Fiber optic,Bank transfer,312.8,No,66+,7-12 Months,0,4,Medium
CUST-04236,26,Male,48,35.22,One year,5,Fiber optic,Bank transfer,1690.56,No,26-35,25-48 Months,0,2,Low
CUST-04237,74,Male,55,112.97,Month-to-month,5,Fiber optic,Bank transfer,6213.35,Yes,66+,49-72 Months,1,5,High
CUST-04238,56,Male,54,29.72,Month-to-month,3,No,Bank transfer,1604.88,No,56-65,49-72 Months,0,2,Low
CUST-04239,45,Male,40,139.23,Month-to-month,5,Fiber optic,Mailed check,5569.2,Yes,36-45,25-48 Months,1,5,High
CUST-04240,20,Male,15,116.4,Month-to-month,0,No,Bank transfer,1746.0,Yes,18-25,13-24 Months,1,3,Medium
CUST-04241,37,Female,18,63.61,Month-to-month,3,Fiber optic,Bank transfer,1144.98,No,36-45,13-24 Months,0,2,Low
CUST-04242,23,Female,23,67.18,Two year,3,DSL,Bank transfer,1545.14,No,18-25,13-24 Months,0,0,Low
CUST-04243,44,Female,62,85.84,Month-to-month,0,Fiber optic,Credit card,5322.08,No,36-45,49-72 Months,0,2,Low
CUST-04244,70,Male,46,66.93,Two year,5,DSL,Bank transfer,3078.78,No,66+,25-48 Months,0,2,Low
CUST-04245,19,Female,39,121.85,One year,3,Fiber optic,Mailed check,4752.15,Yes,18-25,25-48 Months,1,1,Low
CUST-04246,46,Male,15,146.72,One year,2,Fiber optic,Mailed check,2200.8,Yes,46-55,13-24 Months,1,1,Low
CUST-04247,55,Male,53,95.99,Month-to-month,1,No,Mailed check,5087.47,No,46-55,49-72 Months,0,2,Low
CUST-04248,20,Female,64,77.98,Month-to-month,4,No,Electronic check,4990.72,Yes,18-25,49-72 Months,1,2,Low
CUST-04249,33,Male,63,48.96,Month-to-month,2,Fiber optic,Credit card,3084.48,No,26-35,49-72 Months,0,2,Low
CUST-04250,47,Male,16,104.95,Month-to-month,2,Fiber optic,Bank transfer,1679.2,No,46-55,13-24 Months,0,3,Medium
CUST-04251,57,Female,70,109.12,Two year,5,No,Bank transfer,7638.4,No,56-65,49-72 Months,0,3,Medium
CUST-04252,19,Male,66,109.07,Month-to-month,3,No,Electronic check,7198.62,No,18-25,49-72 Months,0,3,Medium
CUST-04253,34,Male,13,23.51,Two year,5,No,Credit card,305.63,Yes,26-35,13-24 Months,1,2,Low
CUST-04254,58,Female,47,136.89,One year,6,Fiber optic,Electronic check,6433.83,No,56-65,25-48 Months,0,3,Medium
CUST-04255,29,Male,9,63.95,Month-to-month,5,Fiber optic,Mailed check,575.55,Yes,26-35,7-12 Months,1,6,High
CUST-04256,52,Male,63,116.74,One year,6,No,Electronic check,7354.62,No,46-55,49-72 Months,0,3,Medium
CUST-04257,60,Female,34,118.77,Month-to-month,3,DSL,Credit card,4038.18,Yes,56-65,25-48 Months,1,3,Medium
CUST-04258,18,Female,29,104.57,Month-to-month,1,DSL,Electronic check,3032.53,No,18-25,25-48 Months,0,3,Medium
CUST-04259,72,Female,37,71.33,Month-to-month,2,No,Credit card,2639.21,No,66+,25-48 Months,0,2,Low
CUST-04260,62,Female,43,99.09,Two year,2,Fiber optic,Electronic check,4260.87,No,56-65,25-48 Months,0,0,Low
CUST-04261,32,Male,64,25.23,Month-to-month,3,DSL,Credit card,1614.72,No,26-35,49-72 Months,0,2,Low
CUST-04262,43,Male,24,119.05,One year,3,DSL,Bank transfer,2857.2,Yes,36-45,13-24 Months,1,1,Low
CUST-04263,54,Female,71,32.95,Month-to-month,3,Fiber optic,Mailed check,2339.45,No,46-55,49-72 Months,0,2,Low
CUST-04264,38,Male,34,71.58,Month-to-month,3,DSL,Credit card,2433.72,No,36-45,25-48 Months,0,2,Low
CUST-04265,66,Male,48,33.47,Month-to-month,2,DSL,Electronic check,1606.56,Yes,66+,25-48 Months,1,2,Low
CUST-04266,48,Female,12,128.82,Month-to-month,0,DSL,Electronic check,1545.84,Yes,46-55,7-12 Months,1,5,High
CUST-04267,42,Female,23,91.54,Month-to-month,1,No,Mailed check,2105.42,Yes,36-45,13-24 Months,1,2,Low
CUST-04268,40,Male,13,109.82,Month-to-month,4,DSL,Bank transfer,1427.66,No,36-45,13-24 Months,0,3,Medium
CUST-04269,41,Female,45,108.74,One year,2,Fiber optic,Bank transfer,4893.3,No,36-45,25-48 Months,0,1,Low
CUST-04270,74,Female,65,129.41,Month-to-month,4,Fiber optic,Bank transfer,8411.65,No,66+,49-72 Months,0,3,Medium
CUST-04271,55,Female,47,37.23,Two year,3,Fiber optic,Credit card,1749.81,No,46-55,25-48 Months,0,0,Low
CUST-04272,45,Male,58,105.76,Month-to-month,2,DSL,Mailed check,6134.08,Yes,36-45,49-72 Months,1,3,Medium
CUST-04273,38,Female,5,94.77,Month-to-month,2,Fiber optic,Credit card,473.85,No,36-45,0-6 Months,0,4,Medium
CUST-04274,71,Male,5,24.02,Month-to-month,1,DSL,Credit card,120.1,No,66+,0-6 Months,0,4,Medium
CUST-04275,60,Male,60,46.18,Month-to-month,3,No,Credit card,2770.8,Yes,56-65,49-72 Months,1,2,Low
CUST-04276,35,Male,21,54.78,Two year,2,Fiber optic,Credit card,1150.38,No,26-35,13-24 Months,0,0,Low
CUST-04277,53,Female,24,29.43,Two year,5,DSL,Electronic check,706.32,No,46-55,13-24 Months,0,2,Low
CUST-04278,52,Female,18,66.11,One year,2,No,Electronic check,1189.98,No,46-55,13-24 Months,0,0,Low
CUST-04279,62,Female,21,23.54,Two year,2,DSL,Electronic check,494.34,No,56-65,13-24 Months,0,0,Low
CUST-04280,72,Female,54,91.91,Two year,2,Fiber optic,Credit card,4963.14,No,66+,49-72 Months,0,0,Low
CUST-04281,26,Female,10,47.5,One year,1,Fiber optic,Bank transfer,475.0,No,26-35,7-12 Months,0,2,Low
CUST-04282,70,Male,24,57.31,Two year,3,Fiber optic,Electronic check,1375.44,Yes,66+,13-24 Months,1,0,Low
CUST-04283,55,Male,60,138.36,Month-to-month,2,Fiber optic,Mailed check,8301.6,Yes,46-55,49-72 Months,1,3,Medium
CUST-04284,75,Male,57,85.37,One year,0,DSL,Electronic check,4866.09,No,66+,49-72 Months,0,0,Low
CUST-04285,47,Female,23,54.97,One year,1,Fiber optic,Credit card,1264.31,No,46-55,13-24 Months,0,0,Low
CUST-04286,61,Male,22,97.8,Month-to-month,4,Fiber optic,Credit card,2151.6,No,56-65,13-24 Months,0,2,Low
CUST-04287,51,Male,68,46.22,Two year,1,DSL,Credit card,3142.96,No,46-55,49-72 Months,0,0,Low
CUST-04288,49,Female,34,29.67,Month-to-month,2,Fiber optic,Electronic check,1008.78,No,46-55,25-48 Months,0,2,Low
CUST-04289,20,Female,70,22.72,Two year,1,No,Bank transfer,1590.4,No,18-25,49-72 Months,0,0,Low
CUST-04290,20,Male,28,143.7,Month-to-month,0,Fiber optic,Credit card,4023.6,No,18-25,25-48 Months,0,3,Medium
CUST-04291,45,Male,39,114.2,Month-to-month,2,Fiber optic,Mailed check,4453.8,Yes,36-45,25-48 Months,1,3,Medium
CUST-04292,61,Female,42,123.99,Month-to-month,4,Fiber optic,Credit card,5207.58,No,56-65,25-48 Months,0,3,Medium
CUST-04293,32,Female,23,147.52,Two year,4,Fiber optic,Bank transfer,3392.96,Yes,26-35,13-24 Months,1,1,Low
CUST-04294,58,Female,70,141.11,Month-to-month,4,DSL,Bank transfer,9877.7,No,56-65,49-72 Months,0,3,Medium
CUST-04295,40,Female,2,115.8,One year,0,Fiber optic,Bank transfer,231.6,No,36-45,0-6 Months,0,3,Medium
CUST-04296,57,Male,24,110.22,One year,4,Fiber optic,Credit card,2645.28,No,56-65,13-24 Months,0,1,Low
CUST-04297,28,Male,17,63.79,Month-to-month,4,DSL,Mailed check,1084.43,Yes,26-35,13-24 Months,1,2,Low
CUST-04298,65,Female,65,33.52,Two year,1,Fiber optic,Mailed check,2178.8,No,56-65,49-72 Months,0,0,Low
CUST-04299,49,Male,70,94.58,Month-to-month,3,Fiber optic,Credit card,6620.6,No,46-55,49-72 Months,0,2,Low
CUST-04300,75,Male,69,94.91,One year,4,Fiber optic,Electronic check,6548.79,Yes,66+,49-72 Months,1,0,Low
CUST-04301,74,Female,60,143.79,Month-to-month,2,Fiber optic,Electronic check,8627.4,No,66+,49-72 Months,0,3,Medium
CUST-04302,71,Male,50,77.53,Month-to-month,1,DSL,Mailed check,3876.5,No,66+,49-72 Months,0,2,Low
CUST-04303,53,Male,12,109.8,Month-to-month,1,DSL,Electronic check,1317.6,No,46-55,7-12 Months,0,5,High
CUST-04304,50,Male,47,94.75,One year,4,Fiber optic,Electronic check,4453.25,No,46-55,25-48 Months,0,0,Low
CUST-04305,41,Female,67,42.98,Two year,1,Fiber optic,Mailed check,2879.66,No,36-45,49-72 Months,0,0,Low
CUST-04306,56,Female,65,96.97,Month-to-month,3,DSL,Electronic check,6303.05,No,56-65,49-72 Months,0,2,Low
CUST-04307,51,Male,27,90.22,Month-to-month,3,Fiber optic,Electronic check,2435.94,No,46-55,25-48 Months,0,2,Low
CUST-04308,73,Female,48,84.21,Two year,4,Fiber optic,Credit card,4042.08,No,66+,25-48 Months,0,0,Low
CUST-04309,45,Female,62,86.74,Month-to-month,2,DSL,Electronic check,5377.88,Yes,36-45,49-72 Months,1,2,Low
CUST-04310,54,Female,44,41.32,Month-to-month,1,Fiber optic,Mailed check,1818.08,No,46-55,25-48 Months,0,2,Low
CUST-04311,24,Male,19,80.25,Month-to-month,3,Fiber optic,Credit card,1524.75,No,18-25,13-24 Months,0,2,Low
CUST-04312,21,Male,59,98.73,Month-to-month,4,Fiber optic,Mailed check,5825.07,No,18-25,49-72 Months,0,2,Low
CUST-04313,54,Female,8,83.63,One year,0,Fiber optic,Credit card,669.04,No,46-55,7-12 Months,0,2,Low
CUST-04314,73,Male,55,83.53,Two year,5,Fiber optic,Mailed check,4594.15,Yes,66+,49-72 Months,1,2,Low
CUST-04315,18,Male,47,30.08,Month-to-month,1,No,Bank transfer,1413.76,Yes,18-25,25-48 Months,1,2,Low
CUST-04316,18,Male,2,44.8,One year,2,DSL,Credit card,89.6,No,18-25,0-6 Months,0,2,Low
CUST-04317,64,Male,39,61.73,One year,2,Fiber optic,Credit card,2407.47,No,56-65,25-48 Months,0,0,Low
CUST-04318,37,Male,45,74.52,Month-to-month,5,Fiber optic,Credit card,3353.4,Yes,36-45,25-48 Months,1,4,Medium
CUST-04319,36,Female,32,97.21,Month-to-month,2,DSL,Mailed check,3110.72,No,36-45,25-48 Months,0,2,Low
CUST-04320,46,Male,65,132.23,One year,4,Fiber optic,Bank transfer,8594.95,No,46-55,49-72 Months,0,1,Low
CUST-04321,27,Male,38,40.69,Month-to-month,2,DSL,Credit card,1546.22,No,26-35,25-48 Months,0,2,Low
CUST-04322,35,Male,11,21.96,Month-to-month,4,Fiber optic,Bank transfer,241.56,Yes,26-35,7-12 Months,1,4,Medium
CUST-04323,45,Female,10,78.4,Two year,1,Fiber optic,Electronic check,784.0,No,36-45,7-12 Months,0,2,Low
CUST-04324,52,Female,59,76.17,One year,1,Fiber optic,Credit card,4494.03,No,46-55,49-72 Months,0,0,Low
CUST-04325,60,Female,55,91.75,Two year,6,No,Electronic check,5046.25,No,56-65,49-72 Months,0,2,Low
CUST-04326,64,Male,20,128.32,Month-to-month,2,DSL,Credit card,2566.4,Yes,56-65,13-24 Months,1,3,Medium
CUST-04327,48,Female,17,124.31,Two year,2,No,Bank transfer,2113.27,No,46-55,13-24 Months,0,1,Low
CUST-04328,44,Female,68,33.01,One year,2,No,Electronic check,2244.68,No,36-45,49-72 Months,0,0,Low
CUST-04329,28,Female,5,141.42,Two year,4,DSL,Mailed check,707.1,Yes,26-35,0-6 Months,1,3,Medium
CUST-04330,66,Female,60,34.35,Two year,0,No,Credit card,2061.0,No,66+,49-72 Months,0,0,Low
CUST-04331,66,Male,23,102.49,Two year,1,Fiber optic,Credit card,2357.27,Yes,66+,13-24 Months,1,1,Low
CUST-04332,55,Female,46,107.41,Two year,2,No,Bank transfer,4940.86,No,46-55,25-48 Months,0,1,Low
CUST-04333,22,Female,52,108.38,Month-to-month,3,No,Mailed check,5635.76,Yes,18-25,49-72 Months,1,3,Medium
CUST-04334,25,Male,10,54.5,One year,2,No,Credit card,545.0,No,18-25,7-12 Months,0,2,Low
CUST-04335,51,Male,46,62.94,Month-to-month,1,Fiber optic,Electronic check,2895.24,Yes,46-55,25-48 Months,1,2,Low
CUST-04336,65,Female,28,91.33,One year,4,Fiber optic,Mailed check,2557.24,No,56-65,25-48 Months,0,0,Low
CUST-04337,69,Male,43,45.95,Two year,0,Fiber optic,Mailed check,1975.85,No,66+,25-48 Months,0,0,Low
CUST-04338,73,Female,26,22.64,Month-to-month,4,Fiber optic,Bank transfer,588.64,No,66+,25-48 Months,0,2,Low
CUST-04339,29,Male,55,93.08,One year,5,DSL,Electronic check,5119.4,No,26-35,49-72 Months,0,2,Low
CUST-04340,55,Male,48,80.49,One year,0,Fiber optic,Electronic check,3863.52,Yes,46-55,25-48 Months,1,0,Low
CUST-04341,18,Female,29,105.38,Month-to-month,3,Fiber optic,Credit card,3056.02,Yes,18-25,25-48 Months,1,3,Medium
CUST-04342,48,Male,27,39.07,Month-to-month,5,Fiber optic,Credit card,1054.89,Yes,46-55,25-48 Months,1,4,Medium
CUST-04343,21,Female,18,129.32,Month-to-month,3,No,Mailed check,2327.76,No,18-25,13-24 Months,0,3,Medium
CUST-04344,66,Male,60,39.01,Month-to-month,1,DSL,Mailed check,2340.6,No,66+,49-72 Months,0,2,Low
CUST-04345,62,Female,69,135.87,One year,1,Fiber optic,Bank transfer,9375.03,No,56-65,49-72 Months,0,1,Low
CUST-04346,67,Male,21,78.44,Month-to-month,6,Fiber optic,Mailed check,1647.24,No,66+,13-24 Months,0,4,Medium
CUST-04347,22,Male,24,91.47,Month-to-month,2,DSL,Bank transfer,2195.28,No,18-25,13-24 Months,0,2,Low
CUST-04348,47,Male,3,136.56,Two year,4,Fiber optic,Bank transfer,409.68,Yes,46-55,0-6 Months,1,3,Medium
CUST-04349,73,Male,62,58.99,One year,1,Fiber optic,Electronic check,3657.38,No,66+,49-72 Months,0,0,Low
CUST-04350,41,Male,2,43.64,Month-to-month,1,No,Electronic check,87.28,No,36-45,0-6 Months,0,4,Medium
CUST-04351,20,Female,66,77.95,Month-to-month,3,No,Mailed check,5144.7,Yes,18-25,49-72 Months,1,2,Low
CUST-04352,28,Male,42,51.77,One year,2,Fiber optic,Mailed check,2174.34,No,26-35,25-48 Months,0,0,Low
CUST-04353,62,Female,34,88.62,Month-to-month,3,Fiber optic,Electronic check,3013.08,No,56-65,25-48 Months,0,2,Low
CUST-04354,21,Female,42,55.78,One year,4,DSL,Mailed check,2342.76,No,18-25,25-48 Months,0,0,Low
CUST-04355,43,Female,20,132.38,One year,1,No,Electronic check,2647.6,Yes,36-45,13-24 Months,1,1,Low
CUST-04356,44,Male,68,98.95,Month-to-month,6,DSL,Credit card,6728.6,No,36-45,49-72 Months,0,4,Medium
CUST-04357,63,Female,45,20.03,Two year,2,Fiber optic,Mailed check,901.35,Yes,56-65,25-48 Months,1,0,Low
CUST-04358,71,Male,42,124.71,Month-to-month,3,DSL,Bank transfer,5237.82,Yes,66+,25-48 Months,1,3,Medium
CUST-04359,60,Female,47,62.93,Month-to-month,4,No,Credit card,2957.71,Yes,56-65,25-48 Months,1,2,Low
CUST-04360,44,Female,5,61.63,Two year,0,DSL,Credit card,308.15,No,36-45,0-6 Months,0,2,Low
CUST-04361,59,Female,49,69.8,Month-to-month,1,DSL,Mailed check,3420.2,No,56-65,49-72 Months,0,2,Low
CUST-04362,68,Female,37,101.93,One year,3,Fiber optic,Electronic check,3771.41,Yes,66+,25-48 Months,1,1,Low
CUST-04363,67,Female,34,77.47,One year,1,DSL,Bank transfer,2633.98,Yes,66+,25-48 Months,1,0,Low
CUST-04364,23,Male,70,101.72,Month-to-month,3,No,Electronic check,7120.4,Yes,18-25,49-72 Months,1,3,Medium
CUST-04365,32,Female,18,39.08,Two year,1,Fiber optic,Mailed check,703.44,No,26-35,13-24 Months,0,0,Low
CUST-04366,70,Female,19,146.12,Month-to-month,2,No,Electronic check,2776.28,Yes,66+,13-24 Months,1,3,Medium
CUST-04367,47,Male,40,114.85,Month-to-month,2,Fiber optic,Mailed check,4594.0,No,46-55,25-48 Months,0,3,Medium
CUST-04368,59,Male,17,52.53,Two year,1,Fiber optic,Mailed check,893.01,No,56-65,13-24 Months,0,0,Low
CUST-04369,54,Male,60,114.14,Month-to-month,1,No,Bank transfer,6848.4,No,46-55,49-72 Months,0,3,Medium
CUST-04370,75,Female,42,94.75,One year,1,Fiber optic,Mailed check,3979.5,No,66+,25-48 Months,0,0,Low
CUST-04371,54,Female,72,34.19,Two year,2,Fiber optic,Bank transfer,2461.68,Yes,46-55,49-72 Months,1,0,Low
CUST-04372,59,Female,65,43.17,Month-to-month,0,DSL,Credit card,2806.05,No,56-65,49-72 Months,0,2,Low
CUST-04373,54,Female,53,25.37,Month-to-month,3,DSL,Electronic check,1344.61,No,46-55,49-72 Months,0,2,Low
CUST-04374,52,Female,7,125.2,Month-to-month,2,Fiber optic,Mailed check,876.4,Yes,46-55,7-12 Months,1,5,High
CUST-04375,40,Female,5,91.72,Two year,2,DSL,Electronic check,458.6,No,36-45,0-6 Months,0,2,Low
CUST-04376,23,Male,24,61.18,Month-to-month,2,Fiber optic,Electronic check,1468.32,No,18-25,13-24 Months,0,2,Low
CUST-04377,21,Male,28,36.42,Month-to-month,2,Fiber optic,Bank transfer,1019.76,No,18-25,25-48 Months,0,2,Low
CUST-04378,35,Female,62,82.93,Month-to-month,1,Fiber optic,Electronic check,5141.66,No,26-35,49-72 Months,0,2,Low
CUST-04379,26,Female,17,88.28,Month-to-month,4,DSL,Electronic check,1500.76,No,26-35,13-24 Months,0,2,Low
CUST-04380,66,Female,20,111.25,One year,2,Fiber optic,Electronic check,2225.0,Yes,66+,13-24 Months,1,1,Low
CUST-04381,46,Female,3,146.09,Two year,3,DSL,Mailed check,438.27,Yes,46-55,0-6 Months,1,3,Medium
CUST-04382,30,Female,37,76.54,Month-to-month,1,Fiber optic,Electronic check,2831.98,No,26-35,25-48 Months,0,2,Low
CUST-04383,64,Male,15,72.78,Month-to-month,4,Fiber optic,Credit card,1091.7,No,56-65,13-24 Months,0,2,Low
CUST-04384,69,Male,51,68.09,One year,0,DSL,Bank transfer,3472.59,No,66+,49-72 Months,0,0,Low
CUST-04385,34,Female,48,127.5,Month-to-month,1,Fiber optic,Credit card,6120.0,Yes,26-35,25-48 Months,1,3,Medium
CUST-04386,62,Male,8,40.32,Two year,1,Fiber optic,Bank transfer,322.56,No,56-65,7-12 Months,0,2,Low
CUST-04387,49,Female,13,64.7,Month-to-month,1,No,Electronic check,841.1,Yes,46-55,13-24 Months,1,2,Low
CUST-04388,65,Female,48,114.25,Month-to-month,3,Fiber optic,Bank transfer,5484.0,Yes,56-65,25-48 Months,1,3,Medium
CUST-04389,39,Female,3,22.04,Two year,5,DSL,Mailed check,66.12,No,36-45,0-6 Months,0,4,Medium
CUST-04390,21,Male,65,57.62,Month-to-month,5,No,Mailed check,3745.3,No,18-25,49-72 Months,0,4,Medium
CUST-04391,22,Male,31,103.39,Month-to-month,2,Fiber optic,Credit card,3205.09,No,18-25,25-48 Months,0,3,Medium
CUST-04392,54,Female,26,44.17,Month-to-month,3,DSL,Mailed check,1148.42,No,46-55,25-48 Months,0,2,Low
CUST-04393,58,Male,56,59.35,Two year,2,No,Electronic check,3323.6,No,56-65,49-72 Months,0,0,Low
CUST-04394,66,Male,34,83.19,One year,3,No,Credit card,2828.46,No,66+,25-48 Months,0,0,Low
CUST-04395,30,Female,9,74.86,Month-to-month,0,Fiber optic,Credit card,673.74,Yes,26-35,7-12 Months,1,4,Medium
CUST-04396,51,Male,62,33.78,Two year,4,DSL,Credit card,2094.36,Yes,46-55,49-72 Months,1,0,Low
CUST-04397,62,Male,13,141.97,Month-to-month,2,Fiber optic,Mailed check,1845.61,No,56-65,13-24 Months,0,3,Medium
CUST-04398,39,Female,69,25.76,Month-to-month,3,No,Bank transfer,1777.44,No,36-45,49-72 Months,0,2,Low
CUST-04399,70,Female,41,117.47,One year,3,DSL,Mailed check,4816.27,No,66+,25-48 Months,0,1,Low
CUST-04400,40,Male,1,29.28,One year,5,Fiber optic,Credit card,29.28,Yes,36-45,0-6 Months,1,4,Medium
CUST-04401,68,Female,47,80.75,Month-to-month,2,Fiber optic,Bank transfer,3795.25,Yes,66+,25-48 Months,1,2,Low
CUST-04402,20,Male,4,42.8,Month-to-month,2,DSL,Credit card,171.2,Yes,18-25,0-6 Months,1,4,Medium
CUST-04403,59,Female,63,38.34,Month-to-month,2,Fiber optic,Credit card,2415.42,Yes,56-65,49-72 Months,1,2,Low
CUST-04404,51,Female,52,36.37,One year,3,DSL,Bank transfer,1891.24,No,46-55,49-72 Months,0,0,Low
CUST-04405,49,Female,10,78.86,Two year,3,Fiber optic,Bank transfer,788.6,No,46-55,7-12 Months,0,2,Low
CUST-04406,62,Female,28,87.01,One year,2,Fiber optic,Credit card,2436.28,No,56-65,25-48 Months,0,0,Low
CUST-04407,68,Male,6,37.34,Two year,4,DSL,Credit card,224.04,No,66+,0-6 Months,0,2,Low
CUST-04408,75,Female,27,147.32,One year,1,No,Mailed check,3977.64,No,66+,25-48 Months,0,1,Low
CUST-04409,66,Female,12,53.51,Two year,4,Fiber optic,Mailed check,642.12,Yes,66+,7-12 Months,1,2,Low
CUST-04410,38,Female,62,79.65,Month-to-month,3,Fiber optic,Mailed check,4938.3,No,36-45,49-72 Months,0,2,Low
CUST-04411,63,Male,52,48.12,Month-to-month,6,Fiber optic,Electronic check,2502.24,Yes,56-65,49-72 Months,1,4,Medium
CUST-04412,61,Male,48,84.21,Month-to-month,1,DSL,Credit card,4042.08,No,56-65,25-48 Months,0,2,Low
CUST-04413,38,Female,67,118.28,Month-to-month,1,DSL,Mailed check,7924.76,Yes,36-45,49-72 Months,1,3,Medium
CUST-04414,61,Female,46,87.74,One year,6,DSL,Credit card,4036.04,No,56-65,25-48 Months,0,2,Low
CUST-04415,28,Female,15,57.13,Two year,2,Fiber optic,Electronic check,856.95,No,26-35,13-24 Months,0,0,Low
CUST-04416,56,Female,71,52.29,Month-to-month,3,Fiber optic,Mailed check,3712.59,No,56-65,49-72 Months,0,2,Low
CUST-04417,21,Female,36,118.66,Two year,1,Fiber optic,Mailed check,4271.76,No,18-25,25-48 Months,0,1,Low
CUST-04418,68,Female,14,35.37,Month-to-month,3,No,Credit card,495.18,No,66+,13-24 Months,0,2,Low
CUST-04419,18,Male,3,68.1,Month-to-month,1,Fiber optic,Credit card,204.3,No,18-25,0-6 Months,0,4,Medium
CUST-04420,45,Female,67,39.69,One year,0,DSL,Bank transfer,2659.23,No,36-45,49-72 Months,0,0,Low
CUST-04421,41,Female,19,53.54,Month-to-month,0,Fiber optic,Bank transfer,1017.26,Yes,36-45,13-24 Months,1,2,Low
CUST-04422,52,Female,54,39.85,Month-to-month,4,DSL,Mailed check,2151.9,No,46-55,49-72 Months,0,2,Low
CUST-04423,30,Female,69,135.28,One year,1,DSL,Bank transfer,9334.32,Yes,26-35,49-72 Months,1,1,Low
CUST-04424,64,Female,10,115.15,Two year,1,Fiber optic,Mailed check,1151.5,No,56-65,7-12 Months,0,3,Medium
CUST-04425,51,Female,33,92.92,One year,4,Fiber optic,Credit card,3066.36,No,46-55,25-48 Months,0,0,Low
CUST-04426,28,Male,13,49.18,Month-to-month,5,Fiber optic,Bank transfer,639.34,No,26-35,13-24 Months,0,4,Medium
CUST-04427,53,Male,51,86.33,Month-to-month,4,DSL,Mailed check,4402.83,No,46-55,49-72 Months,0,2,Low
CUST-04428,68,Male,32,87.71,Two year,2,Fiber optic,Credit card,2806.72,No,66+,25-48 Months,0,0,Low
CUST-04429,34,Male,24,96.75,Month-to-month,2,DSL,Mailed check,2322.0,Yes,26-35,13-24 Months,1,2,Low
CUST-04430,52,Male,35,27.81,Two year,2,Fiber optic,Electronic check,973.35,No,46-55,25-48 Months,0,0,Low
CUST-04431,35,Male,70,146.48,Month-to-month,2,Fiber optic,Bank transfer,10253.6,Yes,26-35,49-72 Months,1,3,Medium
CUST-04432,57,Female,40,80.51,One year,3,DSL,Electronic check,3220.4,No,56-65,25-48 Months,0,0,Low
CUST-04433,39,Female,54,140.45,One year,4,Fiber optic,Credit card,7584.3,No,36-45,49-72 Months,0,1,Low
CUST-04434,74,Female,44,21.28,Month-to-month,1,DSL,Mailed check,936.32,Yes,66+,25-48 Months,1,2,Low
CUST-04435,41,Female,62,52.18,One year,2,Fiber optic,Mailed check,3235.16,No,36-45,49-72 Months,0,0,Low
CUST-04436,75,Female,68,33.52,Month-to-month,0,DSL,Credit card,2279.36,Yes,66+,49-72 Months,1,2,Low
CUST-04437,36,Female,33,120.05,One year,1,No,Electronic check,3961.65,No,36-45,25-48 Months,0,1,Low
CUST-04438,54,Male,56,61.62,Two year,4,DSL,Mailed check,3450.72,No,46-55,49-72 Months,0,0,Low
CUST-04439,56,Female,36,129.26,Month-to-month,3,No,Electronic check,4653.36,No,56-65,25-48 Months,0,3,Medium
CUST-04440,38,Male,54,128.21,One year,5,Fiber optic,Electronic check,6923.34,Yes,36-45,49-72 Months,1,3,Medium
CUST-04441,25,Male,19,106.81,Month-to-month,3,Fiber optic,Electronic check,2029.39,Yes,18-25,13-24 Months,1,3,Medium
CUST-04442,45,Female,43,106.55,Month-to-month,2,Fiber optic,Bank transfer,4581.65,No,36-45,25-48 Months,0,3,Medium
CUST-04443,22,Female,12,111.02,One year,2,Fiber optic,Electronic check,1332.24,No,18-25,7-12 Months,0,3,Medium
CUST-04444,34,Female,11,107.59,Month-to-month,3,DSL,Bank transfer,1183.49,Yes,26-35,7-12 Months,1,5,High
CUST-04445,54,Female,70,70.3,One year,4,DSL,Electronic check,4921.0,No,46-55,49-72 Months,0,0,Low
CUST-04446,53,Female,12,108.77,Month-to-month,4,Fiber optic,Electronic check,1305.24,Yes,46-55,7-12 Months,1,5,High
CUST-04447,71,Female,41,136.66,Month-to-month,2,DSL,Bank transfer,5603.06,No,66+,25-48 Months,0,3,Medium
CUST-04448,36,Female,25,63.23,Month-to-month,1,Fiber optic,Mailed check,1580.75,Yes,36-45,25-48 Months,1,2,Low
CUST-04449,44,Male,3,142.84,Month-to-month,2,No,Mailed check,428.52,No,36-45,0-6 Months,0,5,High
CUST-04450,70,Female,3,21.77,Two year,3,Fiber optic,Credit card,65.31,No,66+,0-6 Months,0,2,Low
CUST-04451,51,Female,28,65.38,One year,4,DSL,Credit card,1830.64,Yes,46-55,25-48 Months,1,0,Low
CUST-04452,28,Male,23,37.17,Two year,2,DSL,Mailed check,854.91,No,26-35,13-24 Months,0,0,Low
CUST-04453,71,Female,48,36.46,Month-to-month,1,DSL,Credit card,1750.08,No,66+,25-48 Months,0,2,Low
CUST-04454,62,Female,67,126.01,One year,3,Fiber optic,Mailed check,8442.67,No,56-65,49-72 Months,0,1,Low
CUST-04455,64,Male,42,139.39,One year,4,Fiber optic,Credit card,5854.38,No,56-65,25-48 Months,0,1,Low
CUST-04456,29,Female,40,121.11,Month-to-month,1,Fiber optic,Mailed check,4844.4,Yes,26-35,25-48 Months,1,3,Medium
CUST-04457,71,Female,6,146.96,One year,0,DSL,Bank transfer,881.76,No,66+,0-6 Months,0,3,Medium
CUST-04458,38,Female,20,48.12,One year,3,DSL,Credit card,962.4,No,36-45,13-24 Months,0,0,Low
CUST-04459,71,Female,11,38.3,Month-to-month,4,No,Bank transfer,421.3,Yes,66+,7-12 Months,1,4,Medium
CUST-04460,28,Female,27,87.69,One year,1,DSL,Bank transfer,2367.63,No,26-35,25-48 Months,0,0,Low
CUST-04461,56,Female,21,127.77,Month-to-month,3,Fiber optic,Bank transfer,2683.17,No,56-65,13-24 Months,0,3,Medium
CUST-04462,45,Male,13,25.18,Month-to-month,4,DSL,Bank transfer,327.34,Yes,36-45,13-24 Months,1,2,Low
CUST-04463,22,Female,35,149.42,Month-to-month,1,DSL,Bank transfer,5229.7,Yes,18-25,25-48 Months,1,3,Medium
CUST-04464,34,Female,47,98.29,Two year,1,No,Electronic check,4619.63,No,26-35,25-48 Months,0,0,Low
CUST-04465,73,Male,28,147.26,Month-to-month,3,DSL,Bank transfer,4123.28,No,66+,25-48 Months,0,3,Medium
CUST-04466,37,Male,21,67.46,Month-to-month,3,Fiber optic,Credit card,1416.66,No,36-45,13-24 Months,0,2,Low
CUST-04467,58,Female,18,79.54,One year,1,Fiber optic,Bank transfer,1431.72,No,56-65,13-24 Months,0,0,Low
CUST-04468,63,Male,31,117.81,One year,6,Fiber optic,Credit card,3652.11,Yes,56-65,25-48 Months,1,3,Medium
CUST-04469,75,Female,60,123.05,One year,2,No,Bank transfer,7383.0,No,66+,49-72 Months,0,1,Low
CUST-04470,29,Female,37,50.29,Month-to-month,5,DSL,Credit card,1860.73,Yes,26-35,25-48 Months,1,4,Medium
CUST-04471,23,Male,21,140.87,One year,3,DSL,Bank transfer,2958.27,No,18-25,13-24 Months,0,1,Low
CUST-04472,34,Female,14,132.77,Month-to-month,2,DSL,Mailed check,1858.78,Yes,26-35,13-24 Months,1,3,Medium
CUST-04473,68,Female,60,22.37,Month-to-month,3,Fiber optic,Electronic check,1342.2,No,66+,49-72 Months,0,2,Low
CUST-04474,36,Male,23,36.71,One year,3,Fiber optic,Credit card,844.33,No,36-45,13-24 Months,0,0,Low
CUST-04475,43,Male,29,84.49,One year,4,No,Credit card,2450.21,No,36-45,25-48 Months,0,0,Low
CUST-04476,65,Male,47,79.92,Two year,6,DSL,Bank transfer,3756.24,No,56-65,25-48 Months,0,2,Low
CUST-04477,61,Male,30,112.09,One year,1,Fiber optic,Credit card,3362.7,No,56-65,25-48 Months,0,1,Low
CUST-04478,61,Female,38,31.66,One year,6,DSL,Bank transfer,1203.08,No,56-65,25-48 Months,0,2,Low
CUST-04479,69,Male,27,103.83,Month-to-month,5,DSL,Electronic check,2803.41,Yes,66+,25-48 Months,1,5,High
CUST-04480,49,Male,15,100.13,Month-to-month,2,Fiber optic,Mailed check,1501.95,No,46-55,13-24 Months,0,3,Medium
CUST-04481,23,Male,59,50.37,Two year,2,No,Mailed check,2971.83,Yes,18-25,49-72 Months,1,0,Low
CUST-04482,72,Male,3,90.51,Month-to-month,3,DSL,Electronic check,271.53,No,66+,0-6 Months,0,4,Medium
CUST-04483,75,Male,10,48.89,One year,5,DSL,Bank transfer,488.9,Yes,66+,7-12 Months,1,4,Medium
CUST-04484,53,Female,17,39.1,One year,3,Fiber optic,Bank transfer,664.7,No,46-55,13-24 Months,0,0,Low
CUST-04485,55,Male,11,94.51,Month-to-month,2,Fiber optic,Electronic check,1039.61,Yes,46-55,7-12 Months,1,4,Medium
CUST-04486,28,Female,48,147.07,Two year,3,No,Credit card,7059.36,No,26-35,25-48 Months,0,1,Low
CUST-04487,50,Male,5,50.8,One year,0,DSL,Credit card,254.0,Yes,46-55,0-6 Months,1,2,Low
CUST-04488,41,Male,69,66.19,One year,2,Fiber optic,Credit card,4567.11,No,36-45,49-72 Months,0,0,Low
CUST-04489,40,Male,64,53.35,Month-to-month,3,Fiber optic,Electronic check,3414.4,No,36-45,49-72 Months,0,2,Low
CUST-04490,32,Male,14,54.64,Month-to-month,3,Fiber optic,Mailed check,764.96,No,26-35,13-24 Months,0,2,Low
CUST-04491,44,Male,50,72.54,Month-to-month,2,DSL,Mailed check,3627.0,Yes,36-45,49-72 Months,1,2,Low
CUST-04492,28,Male,26,111.24,One year,2,DSL,Mailed check,2892.24,No,26-35,25-48 Months,0,1,Low
CUST-04493,74,Male,72,25.04,One year,2,No,Bank transfer,1802.88,No,66+,49-72 Months,0,0,Low
CUST-04494,68,Male,69,144.43,Month-to-month,2,Fiber optic,Electronic check,9965.67,Yes,66+,49-72 Months,1,3,Medium
CUST-04495,67,Female,7,26.02,One year,1,DSL,Credit card,182.14,No,66+,7-12 Months,0,2,Low
CUST-04496,34,Male,16,134.56,Month-to-month,1,Fiber optic,Mailed check,2152.96,Yes,26-35,13-24 Months,1,3,Medium
CUST-04497,68,Female,55,136.27,Two year,2,Fiber optic,Mailed check,7494.85,Yes,66+,49-72 Months,1,1,Low
CUST-04498,70,Male,56,88.18,Month-to-month,4,Fiber optic,Mailed check,4938.08,Yes,66+,49-72 Months,1,2,Low
CUST-04499,31,Female,4,37.81,Month-to-month,6,Fiber optic,Bank transfer,151.24,Yes,26-35,0-6 Months,1,6,High
CUST-04500,44,Male,48,93.47,Month-to-month,4,Fiber optic,Bank transfer,4486.56,No,36-45,25-48 Months,0,2,Low
CUST-04501,35,Male,17,101.72,Two year,3,DSL,Credit card,1729.24,No,26-35,13-24 Months,0,1,Low
CUST-04502,45,Male,36,131.51,Month-to-month,0,No,Mailed check,4734.36,No,36-45,25-48 Months,0,3,Medium
CUST-04503,68,Female,70,91.62,Month-to-month,3,Fiber optic,Mailed check,6413.4,No,66+,49-72 Months,0,2,Low
CUST-04504,64,Female,38,73.39,Month-to-month,3,No,Mailed check,2788.82,Yes,56-65,25-48 Months,1,2,Low
CUST-04505,64,Female,62,128.98,Month-to-month,1,Fiber optic,Bank transfer,7996.76,Yes,56-65,49-72 Months,1,3,Medium
CUST-04506,21,Female,48,147.52,Two year,4,Fiber optic,Credit card,7080.96,Yes,18-25,25-48 Months,1,1,Low
CUST-04507,24,Male,10,103.86,One year,3,DSL,Electronic check,1038.6,No,18-25,7-12 Months,0,3,Medium
CUST-04508,62,Male,36,133.67,Month-to-month,2,Fiber optic,Bank transfer,4812.12,No,56-65,25-48 Months,0,3,Medium
CUST-04509,52,Male,29,97.84,Month-to-month,2,Fiber optic,Mailed check,2837.36,Yes,46-55,25-48 Months,1,2,Low
CUST-04510,65,Female,4,109.67,Month-to-month,4,DSL,Credit card,438.68,No,56-65,0-6 Months,0,5,High
CUST-04511,26,Male,44,109.46,Two year,4,Fiber optic,Credit card,4816.24,Yes,26-35,25-48 Months,1,1,Low
CUST-04512,25,Female,56,111.62,One year,3,DSL,Electronic check,6250.72,No,18-25,49-72 Months,0,1,Low
CUST-04513,69,Female,42,61.73,One year,1,Fiber optic,Mailed check,2592.66,No,66+,25-48 Months,0,0,Low
CUST-04514,62,Female,13,94.84,One year,3,No,Bank transfer,1232.92,No,56-65,13-24 Months,0,0,Low
CUST-04515,34,Female,46,97.24,Two year,2,Fiber optic,Bank transfer,4473.04,No,26-35,25-48 Months,0,0,Low
CUST-04516,34,Female,33,60.96,Two year,2,DSL,Bank transfer,2011.68,No,26-35,25-48 Months,0,0,Low
CUST-04517,66,Male,21,65.48,Month-to-month,3,Fiber optic,Mailed check,1375.08,Yes,66+,13-24 Months,1,2,Low
CUST-04518,50,Female,57,119.09,Two year,1,Fiber optic,Mailed check,6788.13,No,46-55,49-72 Months,0,1,Low
CUST-04519,49,Female,69,95.75,Two year,2,No,Mailed check,6606.75,No,46-55,49-72 Months,0,0,Low
CUST-04520,25,Male,70,39.4,Month-to-month,2,DSL,Bank transfer,2758.0,No,18-25,49-72 Months,0,2,Low
CUST-04521,36,Female,67,128.89,Two year,2,Fiber optic,Mailed check,8635.63,No,36-45,49-72 Months,0,1,Low
CUST-04522,55,Female,48,134.8,One year,4,DSL,Mailed check,6470.4,No,46-55,25-48 Months,0,1,Low
CUST-04523,20,Male,33,80.6,One year,2,Fiber optic,Mailed check,2659.8,No,18-25,25-48 Months,0,0,Low
CUST-04524,22,Male,36,47.16,Month-to-month,3,No,Electronic check,1697.76,Yes,18-25,25-48 Months,1,2,Low
CUST-04525,30,Male,33,143.19,One year,3,No,Electronic check,4725.27,No,26-35,25-48 Months,0,1,Low
CUST-04526,64,Female,31,134.7,Month-to-month,3,Fiber optic,Mailed check,4175.7,Yes,56-65,25-48 Months,1,3,Medium
CUST-04527,63,Male,21,51.77,Two year,0,Fiber optic,Mailed check,1087.17,No,56-65,13-24 Months,0,0,Low
CUST-04528,48,Male,27,32.43,Two year,3,No,Bank transfer,875.61,Yes,46-55,25-48 Months,1,0,Low
CUST-04529,72,Male,72,77.28,One year,1,Fiber optic,Credit card,5564.16,No,66+,49-72 Months,0,0,Low
CUST-04530,33,Female,62,107.93,Month-to-month,3,DSL,Mailed check,6691.66,Yes,26-35,49-72 Months,1,3,Medium
CUST-04531,67,Male,26,42.8,One year,1,No,Bank transfer,1112.8,No,66+,25-48 Months,0,0,Low
CUST-04532,49,Female,66,86.72,Month-to-month,3,Fiber optic,Bank transfer,5723.52,Yes,46-55,49-72 Months,1,2,Low
CUST-04533,39,Female,12,75.3,One year,3,Fiber optic,Credit card,903.6,No,36-45,7-12 Months,0,2,Low
CUST-04534,46,Male,22,135.77,One year,4,DSL,Bank transfer,2986.94,Yes,46-55,13-24 Months,1,1,Low
CUST-04535,39,Female,17,75.84,Month-to-month,3,DSL,Credit card,1289.28,No,36-45,13-24 Months,0,2,Low
CUST-04536,60,Female,7,89.39,Month-to-month,5,Fiber optic,Mailed check,625.73,No,56-65,7-12 Months,0,6,High
CUST-04537,20,Male,68,144.19,One year,3,Fiber optic,Electronic check,9804.92,No,18-25,49-72 Months,0,1,Low
CUST-04538,71,Female,37,58.96,Month-to-month,1,Fiber optic,Credit card,2181.52,Yes,66+,25-48 Months,1,2,Low
CUST-04539,27,Male,38,57.57,Two year,3,Fiber optic,Mailed check,2187.66,No,26-35,25-48 Months,0,0,Low
CUST-04540,59,Female,11,123.95,Month-to-month,2,Fiber optic,Mailed check,1363.45,Yes,56-65,7-12 Months,1,5,High
CUST-04541,38,Female,1,56.08,Month-to-month,5,Fiber optic,Electronic check,56.08,Yes,36-45,0-6 Months,1,6,High
CUST-04542,33,Male,25,128.14,One year,2,Fiber optic,Bank transfer,3203.5,No,26-35,25-48 Months,0,1,Low
CUST-04543,29,Male,42,32.42,One year,4,No,Credit card,1361.64,No,26-35,25-48 Months,0,0,Low
CUST-04544,19,Female,52,34.46,One year,5,DSL,Credit card,1791.92,Yes,18-25,49-72 Months,1,2,Low
CUST-04545,58,Female,24,137.17,One year,0,No,Bank transfer,3292.08,Yes,56-65,13-24 Months,1,1,Low
CUST-04546,41,Male,53,90.31,Month-to-month,1,Fiber optic,Electronic check,4786.43,No,36-45,49-72 Months,0,2,Low
CUST-04547,52,Female,56,113.45,One year,4,Fiber optic,Credit card,6353.2,No,46-55,49-72 Months,0,1,Low
CUST-04548,73,Female,63,49.29,Month-to-month,2,DSL,Credit card,3105.27,Yes,66+,49-72 Months,1,2,Low
CUST-04549,47,Female,8,41.62,Month-to-month,1,Fiber optic,Bank transfer,332.96,No,46-55,7-12 Months,0,4,Medium
CUST-04550,74,Female,59,128.54,Month-to-month,2,No,Mailed check,7583.86,Yes,66+,49-72 Months,1,3,Medium
CUST-04551,47,Male,45,66.62,Month-to-month,0,No,Electronic check,2997.9,No,46-55,25-48 Months,0,2,Low
CUST-04552,64,Male,27,79.15,Month-to-month,4,Fiber optic,Mailed check,2137.05,No,56-65,25-48 Months,0,2,Low
CUST-04553,52,Male,52,23.64,Month-to-month,2,DSL,Mailed check,1229.28,Yes,46-55,49-72 Months,1,2,Low
CUST-04554,36,Male,18,70.16,Two year,3,Fiber optic,Bank transfer,1262.88,No,36-45,13-24 Months,0,0,Low
CUST-04555,67,Male,16,120.16,Month-to-month,1,Fiber optic,Credit card,1922.56,No,66+,13-24 Months,0,3,Medium
CUST-04556,25,Male,66,126.77,Month-to-month,3,DSL,Bank transfer,8366.82,Yes,18-25,49-72 Months,1,3,Medium
CUST-04557,43,Female,5,110.84,Two year,0,Fiber optic,Mailed check,554.2,No,36-45,0-6 Months,0,3,Medium
CUST-04558,66,Male,3,109.98,Month-to-month,1,Fiber optic,Bank transfer,329.94,Yes,66+,0-6 Months,1,5,High
CUST-04559,57,Female,70,85.81,Month-to-month,2,Fiber optic,Electronic check,6006.7,Yes,56-65,49-72 Months,1,2,Low
CUST-04560,24,Female,7,89.98,Month-to-month,1,DSL,Mailed check,629.86,Yes,18-25,7-12 Months,1,4,Medium
CUST-04561,47,Female,50,116.54,Month-to-month,3,DSL,Mailed check,5827.0,No,46-55,49-72 Months,0,3,Medium
CUST-04562,24,Male,14,52.15,Month-to-month,2,Fiber optic,Electronic check,730.1,No,18-25,13-24 Months,0,2,Low
CUST-04563,20,Female,38,50.1,Month-to-month,0,No,Bank transfer,1903.8,No,18-25,25-48 Months,0,2,Low
CUST-04564,18,Male,47,143.49,Two year,2,No,Bank transfer,6744.03,No,18-25,25-48 Months,0,1,Low
CUST-04565,53,Female,33,23.6,Month-to-month,0,DSL,Bank transfer,778.8,No,46-55,25-48 Months,0,2,Low
CUST-04566,42,Female,43,38.13,Month-to-month,2,Fiber optic,Credit card,1639.59,No,36-45,25-48 Months,0,2,Low
CUST-04567,54,Male,29,94.14,One year,4,Fiber optic,Mailed check,2730.06,No,46-55,25-48 Months,0,0,Low
CUST-04568,18,Female,57,115.92,Month-to-month,5,Fiber optic,Electronic check,6607.44,Yes,18-25,49-72 Months,1,5,High
CUST-04569,32,Female,5,89.93,Month-to-month,2,DSL,Mailed check,449.65,No,26-35,0-6 Months,0,4,Medium
CUST-04570,54,Female,60,66.16,Two year,1,Fiber optic,Credit card,3969.6,No,46-55,49-72 Months,0,0,Low
CUST-04571,30,Female,70,147.14,Two year,1,DSL,Mailed check,10299.8,No,26-35,49-72 Months,0,1,Low
CUST-04572,57,Male,2,111.5,One year,5,Fiber optic,Electronic check,223.0,No,56-65,0-6 Months,0,5,High
CUST-04573,25,Female,70,128.08,Month-to-month,2,Fiber optic,Electronic check,8965.6,Yes,18-25,49-72 Months,1,3,Medium
CUST-04574,22,Female,43,25.23,Two year,2,Fiber optic,Mailed check,1084.89,No,18-25,25-48 Months,0,0,Low
CUST-04575,26,Male,4,50.67,Month-to-month,4,Fiber optic,Credit card,202.68,Yes,26-35,0-6 Months,1,4,Medium
CUST-04576,18,Female,56,68.64,Month-to-month,2,Fiber optic,Mailed check,3843.84,No,18-25,49-72 Months,0,2,Low
CUST-04577,53,Female,59,43.74,Month-to-month,2,DSL,Credit card,2580.66,No,46-55,49-72 Months,0,2,Low
CUST-04578,52,Female,9,29.48,One year,7,Fiber optic,Bank transfer,265.32,Yes,46-55,7-12 Months,1,4,Medium
CUST-04579,19,Female,3,49.26,Month-to-month,2,No,Electronic check,147.78,No,18-25,0-6 Months,0,4,Medium
CUST-04580,57,Male,48,89.37,One year,6,Fiber optic,Mailed check,4289.76,No,56-65,25-48 Months,0,2,Low
CUST-04581,40,Female,43,110.45,Two year,3,Fiber optic,Electronic check,4749.35,No,36-45,25-48 Months,0,1,Low
CUST-04582,26,Male,1,120.62,Month-to-month,4,DSL,Electronic check,120.62,Yes,26-35,0-6 Months,1,5,High
CUST-04583,51,Female,57,25.58,One year,1,Fiber optic,Mailed check,1458.06,No,46-55,49-72 Months,0,0,Low
CUST-04584,63,Female,53,75.64,Month-to-month,1,DSL,Bank transfer,4008.92,No,56-65,49-72 Months,0,2,Low
CUST-04585,31,Female,16,35.89,Month-to-month,2,Fiber optic,Electronic check,574.24,No,26-35,13-24 Months,0,2,Low
CUST-04586,21,Male,51,76.06,Month-to-month,2,Fiber optic,Electronic check,3879.06,No,18-25,49-72 Months,0,2,Low
CUST-04587,47,Female,55,76.42,One year,2,Fiber optic,Credit card,4203.1,No,46-55,49-72 Months,0,0,Low
CUST-04588,48,Female,1,84.77,Month-to-month,2,Fiber optic,Credit card,84.77,Yes,46-55,0-6 Months,1,4,Medium
CUST-04589,55,Male,28,136.07,Two year,0,Fiber optic,Bank transfer,3809.96,No,46-55,25-48 Months,0,1,Low
CUST-04590,28,Male,53,124.66,Two year,3,Fiber optic,Mailed check,6606.98,No,26-35,49-72 Months,0,1,Low
CUST-04591,52,Male,58,102.77,Two year,3,DSL,Electronic check,5960.66,Yes,46-55,49-72 Months,1,1,Low
CUST-04592,25,Male,60,135.1,Month-to-month,2,Fiber optic,Bank transfer,8106.0,No,18-25,49-72 Months,0,3,Medium
CUST-04593,20,Female,59,108.2,Month-to-month,3,DSL,Mailed check,6383.8,No,18-25,49-72 Months,0,3,Medium
CUST-04594,31,Female,22,126.45,Month-to-month,2,DSL,Credit card,2781.9,Yes,26-35,13-24 Months,1,3,Medium
CUST-04595,30,Female,8,93.29,One year,3,Fiber optic,Electronic check,746.32,Yes,26-35,7-12 Months,1,2,Low
CUST-04596,62,Female,49,88.28,Two year,5,Fiber optic,Electronic check,4325.72,Yes,56-65,49-72 Months,1,2,Low
CUST-04597,49,Male,42,114.13,One year,2,DSL,Mailed check,4793.46,No,46-55,25-48 Months,0,1,Low
CUST-04598,51,Female,27,22.56,One year,1,DSL,Bank transfer,609.12,No,46-55,25-48 Months,0,0,Low
CUST-04599,62,Female,39,109.75,Month-to-month,0,DSL,Electronic check,4280.25,Yes,56-65,25-48 Months,1,3,Medium
CUST-04600,36,Female,25,141.49,Two year,1,Fiber optic,Electronic check,3537.25,No,36-45,25-48 Months,0,1,Low
CUST-04601,55,Female,38,112.81,Month-to-month,0,Fiber optic,Credit card,4286.78,Yes,46-55,25-48 Months,1,3,Medium
CUST-04602,33,Male,24,24.78,Month-to-month,3,Fiber optic,Bank transfer,594.72,No,26-35,13-24 Months,0,2,Low
CUST-04603,19,Female,24,69.13,Two year,2,Fiber optic,Credit card,1659.12,No,18-25,13-24 Months,0,0,Low
CUST-04604,57,Female,60,125.25,One year,1,No,Mailed check,7515.0,No,56-65,49-72 Months,0,1,Low
CUST-04605,34,Female,50,144.62,Month-to-month,2,No,Mailed check,7231.0,No,26-35,49-72 Months,0,3,Medium
CUST-04606,72,Male,66,68.12,Month-to-month,6,No,Bank transfer,4495.92,Yes,66+,49-72 Months,1,4,Medium
CUST-04607,51,Male,14,129.36,Month-to-month,3,Fiber optic,Credit card,1811.04,Yes,46-55,13-24 Months,1,3,Medium
CUST-04608,59,Female,53,132.3,One year,2,DSL,Mailed check,7011.9,No,56-65,49-72 Months,0,1,Low
CUST-04609,33,Female,32,36.03,Month-to-month,0,DSL,Bank transfer,1152.96,Yes,26-35,25-48 Months,1,2,Low
CUST-04610,55,Female,48,129.95,Two year,5,Fiber optic,Mailed check,6237.6,No,46-55,25-48 Months,0,3,Medium
CUST-04611,19,Male,39,62.15,Month-to-month,2,Fiber optic,Electronic check,2423.85,No,18-25,25-48 Months,0,2,Low
CUST-04612,19,Female,40,97.12,Month-to-month,0,Fiber optic,Electronic check,3884.8,No,18-25,25-48 Months,0,2,Low
CUST-04613,43,Female,42,90.07,Month-to-month,1,DSL,Bank transfer,3782.94,No,36-45,25-48 Months,0,2,Low
CUST-04614,30,Female,8,106.2,Month-to-month,4,Fiber optic,Mailed check,849.6,Yes,26-35,7-12 Months,1,5,High
CUST-04615,73,Male,26,116.26,One year,3,Fiber optic,Bank transfer,3022.76,No,66+,25-48 Months,0,1,Low
CUST-04616,64,Female,12,77.31,One year,2,DSL,Bank transfer,927.72,Yes,56-65,7-12 Months,1,2,Low
CUST-04617,48,Female,43,135.48,Month-to-month,0,Fiber optic,Bank transfer,5825.64,No,46-55,25-48 Months,0,3,Medium
CUST-04618,51,Male,51,125.23,Month-to-month,0,No,Electronic check,6386.73,No,46-55,49-72 Months,0,3,Medium
CUST-04619,56,Male,63,122.1,Two year,0,Fiber optic,Bank transfer,7692.3,No,56-65,49-72 Months,0,1,Low
CUST-04620,20,Female,49,79.57,Month-to-month,2,Fiber optic,Electronic check,3898.93,No,18-25,49-72 Months,0,2,Low
CUST-04621,25,Male,27,24.88,Month-to-month,2,DSL,Electronic check,671.76,No,18-25,25-48 Months,0,2,Low
CUST-04622,40,Female,9,83.99,Month-to-month,2,DSL,Mailed check,755.91,Yes,36-45,7-12 Months,1,4,Medium
CUST-04623,31,Male,39,136.8,One year,7,Fiber optic,Bank transfer,5335.2,No,26-35,25-48 Months,0,3,Medium
CUST-04624,73,Male,65,44.76,Month-to-month,4,Fiber optic,Mailed check,2909.4,Yes,66+,49-72 Months,1,2,Low
CUST-04625,72,Female,71,147.74,Month-to-month,3,No,Electronic check,10489.54,No,66+,49-72 Months,0,3,Medium
CUST-04626,44,Female,71,125.0,One year,1,Fiber optic,Bank transfer,8875.0,No,36-45,49-72 Months,0,1,Low
CUST-04627,71,Female,7,112.28,Two year,4,Fiber optic,Electronic check,785.96,Yes,66+,7-12 Months,1,3,Medium
CUST-04628,46,Male,72,108.03,Month-to-month,3,Fiber optic,Bank transfer,7778.16,No,46-55,49-72 Months,0,3,Medium
CUST-04629,56,Female,67,96.31,Month-to-month,4,DSL,Bank transfer,6452.77,No,56-65,49-72 Months,0,2,Low
CUST-04630,70,Female,10,113.69,Month-to-month,3,DSL,Credit card,1136.9,Yes,66+,7-12 Months,1,5,High
CUST-04631,56,Female,71,74.85,Month-to-month,2,Fiber optic,Mailed check,5314.35,No,56-65,49-72 Months,0,2,Low
CUST-04632,18,Female,53,129.89,Month-to-month,2,Fiber optic,Credit card,6884.17,No,18-25,49-72 Months,0,3,Medium
CUST-04633,34,Female,57,110.52,One year,4,No,Bank transfer,6299.64,No,26-35,49-72 Months,0,1,Low
CUST-04634,58,Male,27,120.26,Two year,1,Fiber optic,Credit card,3247.02,No,56-65,25-48 Months,0,1,Low
CUST-04635,47,Female,54,123.02,Two year,3,No,Electronic check,6643.08,No,46-55,49-72 Months,0,1,Low
CUST-04636,70,Female,4,31.97,Month-to-month,2,DSL,Bank transfer,127.88,No,66+,0-6 Months,0,4,Medium
CUST-04637,30,Male,23,27.23,One year,4,DSL,Bank transfer,626.29,Yes,26-35,13-24 Months,1,0,Low
CUST-04638,38,Female,48,124.13,Month-to-month,4,Fiber optic,Bank transfer,5958.24,Yes,36-45,25-48 Months,1,3,Medium
CUST-04639,36,Female,42,53.72,Month-to-month,1,Fiber optic,Credit card,2256.24,No,36-45,25-48 Months,0,2,Low
CUST-04640,70,Female,3,95.66,Two year,5,DSL,Mailed check,286.98,No,66+,0-6 Months,0,4,Medium
CUST-04641,36,Female,3,77.68,Two year,3,Fiber optic,Mailed check,233.04,No,36-45,0-6 Months,0,2,Low
CUST-04642,74,Female,28,22.87,Month-to-month,2,Fiber optic,Mailed check,640.36,No,66+,25-48 Months,0,2,Low
CUST-04643,42,Male,63,25.24,Month-to-month,1,Fiber optic,Credit card,1590.12,No,36-45,49-72 Months,0,2,Low
CUST-04644,39,Male,31,127.53,Month-to-month,5,Fiber optic,Electronic check,3953.43,Yes,36-45,25-48 Months,1,5,High
CUST-04645,48,Male,10,99.0,One year,1,Fiber optic,Credit card,990.0,Yes,46-55,7-12 Months,1,2,Low
CUST-04646,34,Female,49,88.1,Two year,3,Fiber optic,Mailed check,4316.9,No,26-35,49-72 Months,0,0,Low
CUST-04647,72,Male,21,142.77,Month-to-month,6,No,Credit card,2998.17,No,66+,13-24 Months,0,5,High
CUST-04648,40,Female,53,42.5,Month-to-month,4,Fiber optic,Electronic check,2252.5,Yes,36-45,49-72 Months,1,2,Low
CUST-04649,49,Female,54,53.54,Month-to-month,4,DSL,Bank transfer,2891.16,No,46-55,49-72 Months,0,2,Low
CUST-04650,27,Female,57,118.38,Month-to-month,1,Fiber optic,Bank transfer,6747.66,No,26-35,49-72 Months,0,3,Medium
CUST-04651,27,Male,20,120.78,One year,3,Fiber optic,Mailed check,2415.6,Yes,26-35,13-24 Months,1,1,Low
CUST-04652,53,Male,49,72.64,Two year,3,DSL,Mailed check,3559.36,No,46-55,49-72 Months,0,0,Low
CUST-04653,25,Male,7,143.63,Month-to-month,2,DSL,Electronic check,1005.41,No,18-25,7-12 Months,0,5,High
CUST-04654,71,Female,29,141.97,Month-to-month,0,DSL,Credit card,4117.13,No,66+,25-48 Months,0,3,Medium
CUST-04655,69,Male,48,21.61,Month-to-month,2,DSL,Electronic check,1037.28,No,66+,25-48 Months,0,2,Low
CUST-04656,37,Female,13,42.4,Month-to-month,4,Fiber optic,Electronic check,551.2,Yes,36-45,13-24 Months,1,2,Low
CUST-04657,49,Male,3,126.63,Month-to-month,2,Fiber optic,Bank transfer,379.89,No,46-55,0-6 Months,0,5,High
CUST-04658,67,Male,2,63.58,Month-to-month,4,Fiber optic,Credit card,127.16,Yes,66+,0-6 Months,1,4,Medium
CUST-04659,31,Female,16,32.41,Month-to-month,2,Fiber optic,Bank transfer,518.56,Yes,26-35,13-24 Months,1,2,Low
CUST-04660,67,Female,6,122.05,Month-to-month,1,Fiber optic,Bank transfer,732.3,No,66+,0-6 Months,0,5,High
CUST-04661,45,Male,45,79.1,One year,5,DSL,Electronic check,3559.5,No,36-45,25-48 Months,0,2,Low
CUST-04662,63,Male,71,84.01,Month-to-month,2,Fiber optic,Bank transfer,5964.71,No,56-65,49-72 Months,0,2,Low
CUST-04663,69,Male,5,44.23,One year,4,Fiber optic,Mailed check,221.15,No,66+,0-6 Months,0,2,Low
CUST-04664,70,Female,56,105.92,One year,1,No,Mailed check,5931.52,No,66+,49-72 Months,0,1,Low
CUST-04665,41,Female,71,91.66,Two year,3,Fiber optic,Bank transfer,6507.86,No,36-45,49-72 Months,0,0,Low
CUST-04666,32,Male,32,46.87,Month-to-month,1,Fiber optic,Bank transfer,1499.84,Yes,26-35,25-48 Months,1,2,Low
CUST-04667,39,Male,49,64.24,One year,4,Fiber optic,Credit card,3147.76,Yes,36-45,49-72 Months,1,0,Low
CUST-04668,47,Female,13,97.59,Month-to-month,2,Fiber optic,Mailed check,1268.67,No,46-55,13-24 Months,0,2,Low
CUST-04669,21,Male,30,140.23,Two year,3,No,Credit card,4206.9,No,18-25,25-48 Months,0,1,Low
CUST-04670,30,Female,25,139.65,One year,1,Fiber optic,Bank transfer,3491.25,No,26-35,25-48 Months,0,1,Low
CUST-04671,40,Female,60,57.43,Month-to-month,2,Fiber optic,Mailed check,3445.8,Yes,36-45,49-72 Months,1,2,Low
CUST-04672,25,Female,59,115.63,Month-to-month,2,Fiber optic,Electronic check,6822.17,No,18-25,49-72 Months,0,3,Medium
CUST-04673,35,Female,28,120.82,Two year,1,No,Electronic check,3382.96,Yes,26-35,25-48 Months,1,1,Low
CUST-04674,29,Female,58,125.15,Two year,2,No,Bank transfer,7258.7,No,26-35,49-72 Months,0,1,Low
CUST-04675,72,Female,20,94.2,Two year,4,No,Credit card,1884.0,No,66+,13-24 Months,0,0,Low
CUST-04676,48,Male,34,21.37,Two year,3,DSL,Electronic check,726.58,Yes,46-55,25-48 Months,1,0,Low
CUST-04677,31,Female,5,119.02,Two year,3,Fiber optic,Electronic check,595.1,Yes,26-35,0-6 Months,1,3,Medium
CUST-04678,51,Female,60,33.86,One year,2,Fiber optic,Mailed check,2031.6,No,46-55,49-72 Months,0,0,Low
CUST-04679,35,Male,43,35.19,Month-to-month,1,Fiber optic,Credit card,1513.17,No,26-35,25-48 Months,0,2,Low
CUST-04680,73,Female,57,98.73,Month-to-month,4,DSL,Credit card,5627.61,Yes,66+,49-72 Months,1,2,Low
CUST-04681,51,Male,57,147.86,One year,1,Fiber optic,Electronic check,8428.02,No,46-55,49-72 Months,0,1,Low
CUST-04682,28,Female,54,51.53,Month-to-month,2,Fiber optic,Bank transfer,2782.62,No,26-35,49-72 Months,0,2,Low
CUST-04683,58,Male,45,103.96,One year,4,Fiber optic,Electronic check,4678.2,No,56-65,25-48 Months,0,1,Low
CUST-04684,29,Male,37,59.47,Month-to-month,5,Fiber optic,Credit card,2200.39,Yes,26-35,25-48 Months,1,4,Medium
CUST-04685,66,Female,48,136.83,One year,5,Fiber optic,Mailed check,6567.84,No,66+,25-48 Months,0,3,Medium
CUST-04686,32,Female,54,97.16,Month-to-month,4,Fiber optic,Credit card,5246.64,No,26-35,49-72 Months,0,2,Low
CUST-04687,74,Female,48,46.97,Month-to-month,2,Fiber optic,Mailed check,2254.56,No,66+,25-48 Months,0,2,Low
CUST-04688,48,Female,6,54.08,Month-to-month,3,Fiber optic,Mailed check,324.48,Yes,46-55,0-6 Months,1,4,Medium
CUST-04689,66,Male,34,76.22,Month-to-month,4,DSL,Mailed check,2591.48,No,66+,25-48 Months,0,2,Low
CUST-04690,75,Male,63,35.87,Two year,1,Fiber optic,Credit card,2259.81,Yes,66+,49-72 Months,1,0,Low
CUST-04691,46,Male,48,30.24,Month-to-month,2,DSL,Credit card,1451.52,No,46-55,25-48 Months,0,2,Low
CUST-04692,43,Female,23,108.41,Two year,3,DSL,Bank transfer,2493.43,No,36-45,13-24 Months,0,1,Low
CUST-04693,35,Male,13,72.93,Month-to-month,0,Fiber optic,Electronic check,948.09,No,26-35,13-24 Months,0,2,Low
CUST-04694,49,Female,47,114.41,Month-to-month,1,DSL,Credit card,5377.27,Yes,46-55,25-48 Months,1,3,Medium
CUST-04695,39,Female,44,34.31,Month-to-month,3,No,Mailed check,1509.64,No,36-45,25-48 Months,0,2,Low
CUST-04696,55,Male,32,99.28,Month-to-month,3,Fiber optic,Credit card,3176.96,No,46-55,25-48 Months,0,2,Low
CUST-04697,34,Female,26,77.63,Month-to-month,2,Fiber optic,Credit card,2018.38,Yes,26-35,25-48 Months,1,2,Low
CUST-04698,40,Male,53,27.54,Month-to-month,3,DSL,Electronic check,1459.62,No,36-45,49-72 Months,0,2,Low
CUST-04699,41,Female,14,90.82,Two year,7,DSL,Credit card,1271.48,Yes,36-45,13-24 Months,1,2,Low
CUST-04700,67,Male,52,30.76,Two year,2,Fiber optic,Mailed check,1599.52,No,66+,49-72 Months,0,0,Low
CUST-04701,25,Female,36,127.6,Two year,3,No,Electronic check,4593.6,Yes,18-25,25-48 Months,1,1,Low
CUST-04702,58,Male,8,102.15,Two year,0,DSL,Bank transfer,817.2,No,56-65,7-12 Months,0,3,Medium
CUST-04703,23,Male,40,92.41,Month-to-month,4,Fiber optic,Mailed check,3696.4,Yes,18-25,25-48 Months,1,2,Low
CUST-04704,22,Female,22,37.35,Month-to-month,5,DSL,Mailed check,821.7,No,18-25,13-24 Months,0,4,Medium
CUST-04705,61,Female,16,57.37,Month-to-month,4,Fiber optic,Credit card,917.92,No,56-65,13-24 Months,0,2,Low
CUST-04706,74,Male,60,84.07,Month-to-month,6,Fiber optic,Bank transfer,5044.2,No,66+,49-72 Months,0,4,Medium
CUST-04707,46,Female,60,102.33,One year,3,DSL,Electronic check,6139.8,No,46-55,49-72 Months,0,1,Low
CUST-04708,45,Female,10,43.82,Two year,2,Fiber optic,Bank transfer,438.2,Yes,36-45,7-12 Months,1,2,Low
CUST-04709,28,Female,25,21.15,One year,1,No,Credit card,528.75,No,26-35,25-48 Months,0,0,Low
CUST-04710,74,Male,31,64.82,Two year,4,Fiber optic,Bank transfer,2009.42,Yes,66+,25-48 Months,1,0,Low
CUST-04711,18,Male,21,82.77,Month-to-month,3,DSL,Mailed check,1738.17,No,18-25,13-24 Months,0,2,Low
CUST-04712,60,Female,33,43.98,Month-to-month,4,DSL,Mailed check,1451.34,No,56-65,25-48 Months,0,2,Low
CUST-04713,36,Female,31,83.98,Month-to-month,3,No,Bank transfer,2603.38,Yes,36-45,25-48 Months,1,2,Low
CUST-04714,26,Male,21,64.0,Two year,5,Fiber optic,Bank transfer,1344.0,No,26-35,13-24 Months,0,2,Low
CUST-04715,44,Female,36,79.16,Two year,1,Fiber optic,Mailed check,2849.76,No,36-45,25-48 Months,0,0,Low
CUST-04716,51,Male,65,65.17,One year,6,DSL,Bank transfer,4236.05,No,46-55,49-72 Months,0,2,Low
CUST-04717,61,Female,4,101.7,Month-to-month,1,No,Mailed check,406.8,Yes,56-65,0-6 Months,1,5,High
CUST-04718,21,Female,68,25.58,Month-to-month,5,Fiber optic,Bank transfer,1739.44,Yes,18-25,49-72 Months,1,4,Medium
CUST-04719,53,Female,4,42.22,Month-to-month,1,DSL,Electronic check,168.88,No,46-55,0-6 Months,0,4,Medium
CUST-04720,35,Male,9,76.26,Two year,4,DSL,Electronic check,686.34,No,26-35,7-12 Months,0,2,Low
CUST-04721,32,Male,30,66.32,Month-to-month,1,No,Credit card,1989.6,No,26-35,25-48 Months,0,2,Low
CUST-04722,68,Male,45,70.91,Month-to-month,1,Fiber optic,Mailed check,3190.95,No,66+,25-48 Months,0,2,Low
CUST-04723,30,Male,4,124.49,Month-to-month,4,DSL,Electronic check,497.96,Yes,26-35,0-6 Months,1,5,High
CUST-04724,36,Female,69,135.22,Two year,2,Fiber optic,Mailed check,9330.18,Yes,36-45,49-72 Months,1,1,Low
CUST-04725,66,Female,23,52.33,Month-to-month,1,Fiber optic,Electronic check,1203.59,No,66+,13-24 Months,0,2,Low
CUST-04726,23,Male,16,128.73,One year,2,Fiber optic,Credit card,2059.68,No,18-25,13-24 Months,0,1,Low
CUST-04727,65,Female,22,79.64,Month-to-month,2,DSL,Mailed check,1752.08,No,56-65,13-24 Months,0,2,Low
CUST-04728,73,Female,72,55.6,Month-to-month,1,Fiber optic,Electronic check,4003.2,No,66+,49-72 Months,0,2,Low
CUST-04729,29,Male,48,148.11,Month-to-month,1,DSL,Mailed check,7109.28,No,26-35,25-48 Months,0,3,Medium
CUST-04730,68,Female,62,127.22,Two year,3,DSL,Credit card,7887.64,No,66+,49-72 Months,0,1,Low
CUST-04731,54,Female,60,149.25,Two year,4,DSL,Credit card,8955.0,No,46-55,49-72 Months,0,1,Low
CUST-04732,34,Male,5,41.86,Month-to-month,0,DSL,Electronic check,209.3,Yes,26-35,0-6 Months,1,4,Medium
CUST-04733,75,Female,7,38.7,Month-to-month,2,DSL,Bank transfer,270.9,No,66+,7-12 Months,0,4,Medium
CUST-04734,40,Female,51,85.44,Two year,1,Fiber optic,Credit card,4357.44,No,36-45,49-72 Months,0,0,Low
CUST-04735,43,Female,65,103.02,One year,1,Fiber optic,Bank transfer,6696.3,No,36-45,49-72 Months,0,1,Low
CUST-04736,46,Male,9,42.24,Month-to-month,1,DSL,Credit card,380.16,No,46-55,7-12 Months,0,4,Medium
CUST-04737,50,Male,45,131.86,Month-to-month,2,Fiber optic,Electronic check,5933.7,Yes,46-55,25-48 Months,1,3,Medium
CUST-04738,44,Female,47,89.16,One year,2,Fiber optic,Bank transfer,4190.52,No,36-45,25-48 Months,0,0,Low
CUST-04739,42,Female,67,73.42,One year,3,DSL,Mailed check,4919.14,No,36-45,49-72 Months,0,0,Low
CUST-04740,73,Female,24,98.27,Two year,4,DSL,Credit card,2358.48,No,66+,13-24 Months,0,0,Low
CUST-04741,72,Male,10,102.54,Two year,2,Fiber optic,Electronic check,1025.4,Yes,66+,7-12 Months,1,3,Medium
CUST-04742,27,Male,48,25.56,Month-to-month,2,Fiber optic,Mailed check,1226.88,No,26-35,25-48 Months,0,2,Low
CUST-04743,64,Male,35,149.99,One year,3,Fiber optic,Bank transfer,5249.65,Yes,56-65,25-48 Months,1,1,Low
CUST-04744,40,Female,54,67.31,Month-to-month,1,Fiber optic,Electronic check,3634.74,No,36-45,49-72 Months,0,2,Low
CUST-04745,38,Female,71,28.0,One year,0,DSL,Mailed check,1988.0,No,36-45,49-72 Months,0,0,Low
CUST-04746,38,Female,16,130.8,One year,2,Fiber optic,Electronic check,2092.8,No,36-45,13-24 Months,0,1,Low
CUST-04747,60,Female,53,149.09,Month-to-month,2,DSL,Bank transfer,7901.77,Yes,56-65,49-72 Months,1,3,Medium
CUST-04748,30,Female,40,126.13,Two year,2,Fiber optic,Mailed check,5045.2,No,26-35,25-48 Months,0,1,Low
CUST-04749,54,Male,20,130.74,One year,3,Fiber optic,Credit card,2614.8,No,46-55,13-24 Months,0,1,Low
CUST-04750,50,Female,69,101.37,Two year,2,Fiber optic,Credit card,6994.53,No,46-55,49-72 Months,0,1,Low
CUST-04751,41,Female,45,139.9,Month-to-month,3,Fiber optic,Electronic check,6295.5,Yes,36-45,25-48 Months,1,3,Medium
CUST-04752,61,Female,6,24.65,Month-to-month,7,DSL,Credit card,147.9,No,56-65,0-6 Months,0,6,High
CUST-04753,28,Male,69,119.67,One year,5,Fiber optic,Bank transfer,8257.23,No,26-35,49-72 Months,0,3,Medium
CUST-04754,34,Female,49,107.19,Two year,1,No,Bank transfer,5252.31,No,26-35,49-72 Months,0,1,Low
CUST-04755,21,Male,39,26.45,Month-to-month,2,No,Mailed check,1031.55,No,18-25,25-48 Months,0,2,Low
CUST-04756,64,Male,2,90.72,Month-to-month,5,Fiber optic,Mailed check,181.44,Yes,56-65,0-6 Months,1,6,High
CUST-04757,42,Male,39,86.96,Month-to-month,2,DSL,Mailed check,3391.44,Yes,36-45,25-48 Months,1,2,Low
CUST-04758,47,Male,21,109.9,Month-to-month,4,No,Electronic check,2307.9,Yes,46-55,13-24 Months,1,3,Medium
CUST-04759,26,Male,40,30.08,Two year,1,Fiber optic,Electronic check,1203.2,Yes,26-35,25-48 Months,1,0,Low
CUST-04760,38,Female,54,124.69,One year,4,DSL,Bank transfer,6733.26,No,36-45,49-72 Months,0,1,Low
CUST-04761,37,Female,12,38.12,Two year,1,Fiber optic,Bank transfer,457.44,No,36-45,7-12 Months,0,2,Low
CUST-04762,36,Male,37,74.43,One year,1,DSL,Electronic check,2753.91,No,36-45,25-48 Months,0,0,Low
CUST-04763,36,Male,38,134.57,Month-to-month,2,Fiber optic,Mailed check,5113.66,No,36-45,25-48 Months,0,3,Medium
CUST-04764,29,Male,15,92.87,One year,2,Fiber optic,Electronic check,1393.05,No,26-35,13-24 Months,0,0,Low
CUST-04765,54,Female,7,69.35,One year,1,No,Mailed check,485.45,No,46-55,7-12 Months,0,2,Low
CUST-04766,59,Female,50,26.27,Two year,4,Fiber optic,Bank transfer,1313.5,No,56-65,49-72 Months,0,0,Low
CUST-04767,34,Male,65,107.4,Month-to-month,2,Fiber optic,Mailed check,6981.0,No,26-35,49-72 Months,0,3,Medium
CUST-04768,54,Female,67,148.25,Month-to-month,2,Fiber optic,Electronic check,9932.75,Yes,46-55,49-72 Months,1,3,Medium
CUST-04769,71,Female,44,138.53,Month-to-month,2,Fiber optic,Credit card,6095.32,No,66+,25-48 Months,0,3,Medium
CUST-04770,65,Male,31,113.25,One year,2,No,Bank transfer,3510.75,No,56-65,25-48 Months,0,1,Low
CUST-04771,56,Male,43,33.69,Month-to-month,1,DSL,Bank transfer,1448.67,No,56-65,25-48 Months,0,2,Low
CUST-04772,45,Female,48,51.13,One year,3,Fiber optic,Electronic check,2454.24,No,36-45,25-48 Months,0,0,Low
CUST-04773,58,Female,61,44.29,Two year,3,Fiber optic,Electronic check,2701.69,No,56-65,49-72 Months,0,0,Low
CUST-04774,52,Female,10,66.21,Month-to-month,3,Fiber optic,Bank transfer,662.1,Yes,46-55,7-12 Months,1,4,Medium
CUST-04775,64,Male,29,50.62,One year,3,Fiber optic,Electronic check,1467.98,Yes,56-65,25-48 Months,1,0,Low
CUST-04776,65,Male,48,51.78,Two year,2,DSL,Mailed check,2485.44,No,56-65,25-48 Months,0,0,Low
CUST-04777,35,Male,62,100.17,One year,6,Fiber optic,Mailed check,6210.54,Yes,26-35,49-72 Months,1,3,Medium
CUST-04778,31,Female,13,61.43,Month-to-month,2,Fiber optic,Mailed check,798.59,Yes,26-35,13-24 Months,1,2,Low
CUST-04779,52,Female,44,108.03,Month-to-month,0,DSL,Credit card,4753.32,No,46-55,25-48 Months,0,3,Medium
CUST-04780,61,Male,47,143.23,Month-to-month,8,DSL,Electronic check,6731.81,No,56-65,25-48 Months,0,5,High
CUST-04781,58,Female,64,103.0,Month-to-month,0,DSL,Mailed check,6592.0,Yes,56-65,49-72 Months,1,3,Medium
CUST-04782,24,Male,53,117.72,One year,0,Fiber optic,Bank transfer,6239.16,Yes,18-25,49-72 Months,1,1,Low
CUST-04783,58,Female,44,117.71,Two year,0,Fiber optic,Mailed check,5179.24,No,56-65,25-48 Months,0,1,Low
CUST-04784,30,Male,28,62.99,One year,4,No,Mailed check,1763.72,No,26-35,25-48 Months,0,0,Low
CUST-04785,35,Female,2,21.94,Month-to-month,3,DSL,Electronic check,43.88,Yes,26-35,0-6 Months,1,4,Medium
CUST-04786,54,Female,57,27.16,Month-to-month,3,Fiber optic,Bank transfer,1548.12,No,46-55,49-72 Months,0,2,Low
CUST-04787,30,Male,57,56.67,Two year,3,Fiber optic,Credit card,3230.19,No,26-35,49-72 Months,0,0,Low
CUST-04788,53,Male,34,109.64,Two year,2,Fiber optic,Bank transfer,3727.76,No,46-55,25-48 Months,0,1,Low
CUST-04789,48,Male,58,137.87,Month-to-month,3,Fiber optic,Mailed check,7996.46,No,46-55,49-72 Months,0,3,Medium
CUST-04790,19,Male,52,144.64,Month-to-month,8,Fiber optic,Credit card,7521.28,Yes,18-25,49-72 Months,1,5,High
CUST-04791,33,Male,29,23.36,One year,1,DSL,Credit card,677.44,No,26-35,25-48 Months,0,0,Low
CUST-04792,26,Female,35,148.71,Month-to-month,2,Fiber optic,Credit card,5204.85,Yes,26-35,25-48 Months,1,3,Medium
CUST-04793,26,Male,48,61.92,Month-to-month,4,DSL,Credit card,2972.16,No,26-35,25-48 Months,0,2,Low
CUST-04794,55,Male,33,129.58,Month-to-month,3,Fiber optic,Credit card,4276.14,No,46-55,25-48 Months,0,3,Medium
CUST-04795,28,Male,9,43.44,Month-to-month,7,DSL,Electronic check,390.96,No,26-35,7-12 Months,0,6,High
CUST-04796,71,Male,48,28.18,Month-to-month,5,Fiber optic,Mailed check,1352.64,Yes,66+,25-48 Months,1,4,Medium
CUST-04797,73,Male,67,69.19,Month-to-month,5,Fiber optic,Credit card,4635.73,Yes,66+,49-72 Months,1,4,Medium
CUST-04798,39,Female,36,131.66,Month-to-month,5,DSL,Mailed check,4739.76,No,36-45,25-48 Months,0,5,High
CUST-04799,50,Male,71,48.71,One year,2,DSL,Electronic check,3458.41,No,46-55,49-72 Months,0,0,Low
CUST-04800,53,Male,44,40.01,One year,1,DSL,Electronic check,1760.44,No,46-55,25-48 Months,0,0,Low
CUST-04801,62,Male,60,138.27,Month-to-month,2,Fiber optic,Electronic check,8296.2,No,56-65,49-72 Months,0,3,Medium
CUST-04802,40,Female,63,141.98,Two year,4,Fiber optic,Bank transfer,8944.74,No,36-45,49-72 Months,0,1,Low
CUST-04803,62,Female,5,21.63,Month-to-month,4,No,Bank transfer,108.15,Yes,56-65,0-6 Months,1,4,Medium
CUST-04804,62,Male,40,114.57,Month-to-month,4,DSL,Credit card,4582.8,No,56-65,25-48 Months,0,3,Medium
CUST-04805,51,Male,19,60.2,Month-to-month,3,DSL,Electronic check,1143.8,No,46-55,13-24 Months,0,2,Low
CUST-04806,26,Female,47,68.71,One year,3,DSL,Bank transfer,3229.37,Yes,26-35,25-48 Months,1,0,Low
CUST-04807,41,Female,65,80.98,Month-to-month,1,DSL,Electronic check,5263.7,No,36-45,49-72 Months,0,2,Low
CUST-04808,25,Female,67,75.48,Month-to-month,0,Fiber optic,Bank transfer,5057.16,No,18-25,49-72 Months,0,2,Low
CUST-04809,24,Male,18,86.95,One year,2,No,Electronic check,1565.1,Yes,18-25,13-24 Months,1,0,Low
CUST-04810,53,Male,50,95.71,Month-to-month,2,DSL,Bank transfer,4785.5,No,46-55,49-72 Months,0,2,Low
CUST-04811,35,Female,30,80.53,One year,3,Fiber optic,Mailed check,2415.9,Yes,26-35,25-48 Months,1,0,Low
CUST-04812,20,Male,66,111.2,One year,2,Fiber optic,Credit card,7339.2,No,18-25,49-72 Months,0,1,Low
CUST-04813,45,Female,5,113.42,Two year,1,No,Credit card,567.1,No,36-45,0-6 Months,0,3,Medium
CUST-04814,23,Female,42,77.25,Month-to-month,2,Fiber optic,Mailed check,3244.5,No,18-25,25-48 Months,0,2,Low
CUST-04815,61,Female,5,38.52,Month-to-month,8,No,Credit card,192.6,Yes,56-65,0-6 Months,1,6,High
CUST-04816,61,Male,50,103.28,Two year,2,Fiber optic,Electronic check,5164.0,No,56-65,49-72 Months,0,1,Low
CUST-04817,38,Female,58,120.48,One year,3,Fiber optic,Credit card,6987.84,Yes,36-45,49-72 Months,1,1,Low
CUST-04818,45,Female,8,102.95,One year,0,DSL,Credit card,823.6,No,36-45,7-12 Months,0,3,Medium
CUST-04819,57,Male,31,96.45,Month-to-month,0,No,Bank transfer,2989.95,Yes,56-65,25-48 Months,1,2,Low
CUST-04820,71,Female,12,49.82,Month-to-month,2,Fiber optic,Bank transfer,597.84,No,66+,7-12 Months,0,4,Medium
CUST-04821,71,Male,21,103.87,Month-to-month,3,Fiber optic,Mailed check,2181.27,No,66+,13-24 Months,0,3,Medium
CUST-04822,18,Female,62,63.53,Month-to-month,0,Fiber optic,Bank transfer,3938.86,No,18-25,49-72 Months,0,2,Low
CUST-04823,53,Male,33,139.54,Month-to-month,2,DSL,Mailed check,4604.82,No,46-55,25-48 Months,0,3,Medium
CUST-04824,38,Female,26,104.98,Month-to-month,1,DSL,Credit card,2729.48,No,36-45,25-48 Months,0,3,Medium
CUST-04825,60,Female,40,56.16,One year,4,DSL,Bank transfer,2246.4,No,56-65,25-48 Months,0,0,Low
CUST-04826,52,Female,65,81.48,Month-to-month,2,No,Bank transfer,5296.2,No,46-55,49-72 Months,0,2,Low
CUST-04827,30,Female,59,130.06,Month-to-month,1,Fiber optic,Credit card,7673.54,Yes,26-35,49-72 Months,1,3,Medium
CUST-04828,74,Female,15,63.61,Month-to-month,3,Fiber optic,Bank transfer,954.15,Yes,66+,13-24 Months,1,2,Low
CUST-04829,66,Male,1,88.31,Month-to-month,2,Fiber optic,Electronic check,88.31,No,66+,0-6 Months,0,4,Medium
CUST-04830,71,Male,11,108.36,Month-to-month,1,Fiber optic,Bank transfer,1191.96,No,66+,7-12 Months,0,5,High
CUST-04831,71,Female,55,118.09,Month-to-month,2,DSL,Electronic check,6494.95,No,66+,49-72 Months,0,3,Medium
CUST-04832,27,Female,2,42.61,Month-to-month,4,DSL,Mailed check,85.22,Yes,26-35,0-6 Months,1,4,Medium
CUST-04833,70,Female,65,93.47,One year,7,No,Bank transfer,6075.55,No,66+,49-72 Months,0,2,Low
CUST-04834,61,Male,44,138.59,Month-to-month,2,DSL,Bank transfer,6097.96,No,56-65,25-48 Months,0,3,Medium
CUST-04835,64,Male,16,145.89,One year,4,Fiber optic,Electronic check,2334.24,Yes,56-65,13-24 Months,1,1,Low
CUST-04836,70,Female,22,105.3,Two year,2,Fiber optic,Credit card,2316.6,No,66+,13-24 Months,0,1,Low
CUST-04837,27,Male,18,147.88,One year,1,Fiber optic,Mailed check,2661.84,Yes,26-35,13-24 Months,1,1,Low
CUST-04838,63,Female,47,94.2,Month-to-month,6,No,Mailed check,4427.4,No,56-65,25-48 Months,0,4,Medium
CUST-04839,30,Female,30,77.54,Month-to-month,4,DSL,Electronic check,2326.2,No,26-35,25-48 Months,0,2,Low
CUST-04840,54,Female,10,91.71,One year,1,Fiber optic,Credit card,917.1,No,46-55,7-12 Months,0,2,Low
CUST-04841,55,Male,58,35.04,Two year,1,Fiber optic,Bank transfer,2032.32,No,46-55,49-72 Months,0,0,Low
CUST-04842,41,Female,62,72.22,Two year,3,No,Credit card,4477.64,No,36-45,49-72 Months,0,0,Low
CUST-04843,19,Female,6,79.59,Month-to-month,5,No,Credit card,477.54,Yes,18-25,0-6 Months,1,6,High
CUST-04844,39,Female,67,130.32,One year,2,DSL,Electronic check,8731.44,Yes,36-45,49-72 Months,1,1,Low
CUST-04845,34,Male,41,118.62,Two year,4,Fiber optic,Credit card,4863.42,No,26-35,25-48 Months,0,1,Low
CUST-04846,53,Male,43,98.19,Two year,2,No,Credit card,4222.17,No,46-55,25-48 Months,0,0,Low
CUST-04847,31,Male,18,65.15,Month-to-month,4,DSL,Electronic check,1172.7,No,26-35,13-24 Months,0,2,Low
CUST-04848,27,Female,58,44.31,Month-to-month,1,Fiber optic,Credit card,2569.98,No,26-35,49-72 Months,0,2,Low
CUST-04849,52,Male,60,65.21,Month-to-month,2,Fiber optic,Credit card,3912.6,No,46-55,49-72 Months,0,2,Low
CUST-04850,42,Female,27,108.37,Month-to-month,5,Fiber optic,Mailed check,2925.99,No,36-45,25-48 Months,0,5,High
CUST-04851,20,Male,68,54.19,One year,2,Fiber optic,Electronic check,3684.92,No,18-25,49-72 Months,0,0,Low
CUST-04852,64,Female,22,75.5,Two year,3,Fiber optic,Electronic check,1661.0,No,56-65,13-24 Months,0,0,Low
CUST-04853,55,Male,24,70.28,Two year,4,Fiber optic,Electronic check,1686.72,No,46-55,13-24 Months,0,0,Low
CUST-04854,34,Female,40,119.53,Month-to-month,1,Fiber optic,Credit card,4781.2,Yes,26-35,25-48 Months,1,3,Medium
CUST-04855,29,Male,66,134.89,One year,1,No,Mailed check,8902.74,No,26-35,49-72 Months,0,1,Low
CUST-04856,71,Male,40,110.92,Month-to-month,1,Fiber optic,Mailed check,4436.8,No,66+,25-48 Months,0,3,Medium
CUST-04857,69,Male,6,64.41,One year,3,DSL,Bank transfer,386.46,No,66+,0-6 Months,0,2,Low
CUST-04858,41,Female,18,76.31,One year,1,Fiber optic,Electronic check,1373.58,No,36-45,13-24 Months,0,0,Low
CUST-04859,46,Male,30,38.64,Month-to-month,2,No,Mailed check,1159.2,Yes,46-55,25-48 Months,1,2,Low
CUST-04860,60,Male,21,41.85,Month-to-month,0,DSL,Mailed check,878.85,No,56-65,13-24 Months,0,2,Low
CUST-04861,42,Male,62,41.36,Month-to-month,4,Fiber optic,Mailed check,2564.32,No,36-45,49-72 Months,0,2,Low
CUST-04862,53,Male,10,36.98,Month-to-month,3,Fiber optic,Electronic check,369.8,No,46-55,7-12 Months,0,4,Medium
CUST-04863,75,Female,13,43.35,Two year,1,No,Credit card,563.55,No,66+,13-24 Months,0,0,Low
CUST-04864,43,Male,9,46.35,Month-to-month,0,No,Bank transfer,417.15,No,36-45,7-12 Months,0,4,Medium
CUST-04865,55,Female,68,34.54,Month-to-month,0,Fiber optic,Bank transfer,2348.72,No,46-55,49-72 Months,0,2,Low
CUST-04866,18,Female,39,103.23,Month-to-month,1,DSL,Credit card,4025.97,Yes,18-25,25-48 Months,1,3,Medium
CUST-04867,37,Female,24,148.75,Two year,1,DSL,Electronic check,3570.0,No,36-45,13-24 Months,0,1,Low
CUST-04868,72,Female,34,134.29,Month-to-month,1,DSL,Mailed check,4565.86,No,66+,25-48 Months,0,3,Medium
CUST-04869,45,Male,61,25.93,Month-to-month,4,Fiber optic,Credit card,1581.73,Yes,36-45,49-72 Months,1,2,Low
CUST-04870,33,Female,41,75.0,One year,2,DSL,Bank transfer,3075.0,No,26-35,25-48 Months,0,0,Low
CUST-04871,64,Female,5,131.71,Month-to-month,4,Fiber optic,Electronic check,658.55,No,56-65,0-6 Months,0,5,High
CUST-04872,34,Female,50,37.51,Month-to-month,2,DSL,Mailed check,1875.5,Yes,26-35,49-72 Months,1,2,Low
CUST-04873,57,Female,4,130.19,One year,2,Fiber optic,Bank transfer,520.76,Yes,56-65,0-6 Months,1,3,Medium
CUST-04874,45,Male,51,97.05,Month-to-month,2,Fiber optic,Bank transfer,4949.55,No,36-45,49-72 Months,0,2,Low
CUST-04875,75,Male,52,141.07,Two year,4,Fiber optic,Bank transfer,7335.64,No,66+,49-72 Months,0,1,Low
CUST-04876,29,Female,39,133.89,One year,1,No,Mailed check,5221.71,No,26-35,25-48 Months,0,1,Low
CUST-04877,44,Female,8,108.01,Month-to-month,2,DSL,Bank transfer,864.08,No,36-45,7-12 Months,0,5,High
CUST-04878,71,Female,45,105.52,Month-to-month,4,DSL,Electronic check,4748.4,Yes,66+,25-48 Months,1,3,Medium
CUST-04879,70,Male,28,47.71,Two year,4,DSL,Electronic check,1335.88,No,66+,25-48 Months,0,0,Low
CUST-04880,59,Male,27,35.18,One year,2,No,Mailed check,949.86,No,56-65,25-48 Months,0,0,Low
CUST-04881,64,Male,65,74.0,Month-to-month,2,Fiber optic,Electronic check,4810.0,No,56-65,49-72 Months,0,2,Low
CUST-04882,47,Male,34,44.26,Month-to-month,2,No,Credit card,1504.84,No,46-55,25-48 Months,0,2,Low
CUST-04883,58,Male,62,33.31,Month-to-month,3,DSL,Electronic check,2065.22,Yes,56-65,49-72 Months,1,2,Low
CUST-04884,51,Female,62,59.3,One year,2,Fiber optic,Bank transfer,3676.6,No,46-55,49-72 Months,0,0,Low
CUST-04885,54,Male,38,131.86,Two year,2,Fiber optic,Bank transfer,5010.68,No,46-55,25-48 Months,0,1,Low
CUST-04886,23,Male,26,22.23,One year,1,Fiber optic,Electronic check,577.98,No,18-25,25-48 Months,0,0,Low
CUST-04887,24,Female,24,58.04,Month-to-month,1,No,Electronic check,1392.96,No,18-25,13-24 Months,0,2,Low
CUST-04888,49,Male,39,75.13,Month-to-month,4,No,Mailed check,2930.07,Yes,46-55,25-48 Months,1,2,Low
CUST-04889,49,Male,21,86.37,One year,3,Fiber optic,Mailed check,1813.77,Yes,46-55,13-24 Months,1,0,Low
CUST-04890,70,Male,47,43.61,Two year,2,DSL,Credit card,2049.67,No,66+,25-48 Months,0,0,Low
CUST-04891,42,Female,48,145.35,Month-to-month,2,Fiber optic,Electronic check,6976.8,Yes,36-45,25-48 Months,1,3,Medium
CUST-04892,50,Male,13,95.25,Month-to-month,2,Fiber optic,Credit card,1238.25,Yes,46-55,13-24 Months,1,2,Low
CUST-04893,72,Female,3,87.87,Month-to-month,1,Fiber optic,Electronic check,263.61,Yes,66+,0-6 Months,1,4,Medium
CUST-04894,75,Female,32,21.15,Month-to-month,1,Fiber optic,Credit card,676.8,Yes,66+,25-48 Months,1,2,Low
CUST-04895,24,Male,35,83.14,One year,1,DSL,Electronic check,2909.9,No,18-25,25-48 Months,0,0,Low
CUST-04896,69,Male,19,128.9,Two year,4,DSL,Electronic check,2449.1,No,66+,13-24 Months,0,1,Low
CUST-04897,74,Male,14,48.55,Month-to-month,0,Fiber optic,Electronic check,679.7,No,66+,13-24 Months,0,2,Low
CUST-04898,29,Male,48,65.66,Month-to-month,4,Fiber optic,Credit card,3151.68,Yes,26-35,25-48 Months,1,2,Low
CUST-04899,33,Female,68,22.67,Month-to-month,1,DSL,Bank transfer,1541.56,No,26-35,49-72 Months,0,2,Low
CUST-04900,33,Male,45,147.0,Two year,2,DSL,Mailed check,6615.0,No,26-35,25-48 Months,0,1,Low
CUST-04901,60,Female,19,28.66,Month-to-month,0,Fiber optic,Mailed check,544.54,Yes,56-65,13-24 Months,1,2,Low
CUST-04902,70,Female,64,136.77,Month-to-month,3,Fiber optic,Credit card,8753.28,No,66+,49-72 Months,0,3,Medium
CUST-04903,53,Female,66,60.69,Month-to-month,4,DSL,Electronic check,4005.54,Yes,46-55,49-72 Months,1,2,Low
CUST-04904,30,Female,66,96.38,Month-to-month,2,No,Bank transfer,6361.08,Yes,26-35,49-72 Months,1,2,Low
CUST-04905,24,Female,45,108.31,Two year,3,DSL,Credit card,4873.95,No,18-25,25-48 Months,0,1,Low
CUST-04906,53,Male,67,38.31,Month-to-month,2,Fiber optic,Credit card,2566.77,No,46-55,49-72 Months,0,2,Low
CUST-04907,64,Female,69,77.69,Month-to-month,2,DSL,Mailed check,5360.61,No,56-65,49-72 Months,0,2,Low
CUST-04908,68,Female,3,62.31,One year,5,Fiber optic,Mailed check,186.93,No,66+,0-6 Months,0,4,Medium
CUST-04909,26,Male,38,27.36,Month-to-month,3,Fiber optic,Bank transfer,1039.68,No,26-35,25-48 Months,0,2,Low
CUST-04910,49,Male,42,128.32,Month-to-month,4,Fiber optic,Electronic check,5389.44,No,46-55,25-48 Months,0,3,Medium
CUST-04911,28,Female,40,25.87,Two year,2,Fiber optic,Bank transfer,1034.8,No,26-35,25-48 Months,0,0,Low
CUST-04912,25,Female,50,104.92,One year,1,Fiber optic,Mailed check,5246.0,Yes,18-25,49-72 Months,1,1,Low
CUST-04913,50,Male,35,60.83,One year,0,DSL,Electronic check,2129.05,No,46-55,25-48 Months,0,0,Low
CUST-04914,40,Female,24,44.98,One year,2,Fiber optic,Bank transfer,1079.52,No,36-45,13-24 Months,0,0,Low
CUST-04915,42,Male,17,106.72,Two year,2,Fiber optic,Credit card,1814.24,No,36-45,13-24 Months,0,1,Low
CUST-04916,73,Male,40,94.69,Month-to-month,3,Fiber optic,Credit card,3787.6,No,66+,25-48 Months,0,2,Low
CUST-04917,25,Female,66,60.98,Month-to-month,6,Fiber optic,Credit card,4024.68,Yes,18-25,49-72 Months,1,4,Medium
CUST-04918,62,Male,44,86.68,Month-to-month,2,DSL,Electronic check,3813.92,No,56-65,25-48 Months,0,2,Low
CUST-04919,39,Female,23,52.01,Month-to-month,0,Fiber optic,Electronic check,1196.23,Yes,36-45,13-24 Months,1,2,Low
CUST-04920,21,Female,6,132.28,Month-to-month,3,No,Mailed check,793.68,Yes,18-25,0-6 Months,1,5,High
CUST-04921,57,Female,66,60.8,Two year,1,DSL,Bank transfer,4012.8,No,56-65,49-72 Months,0,0,Low
CUST-04922,20,Male,21,51.87,Two year,3,Fiber optic,Electronic check,1089.27,No,18-25,13-24 Months,0,0,Low
CUST-04923,46,Female,35,117.74,Month-to-month,1,Fiber optic,Electronic check,4120.9,Yes,46-55,25-48 Months,1,3,Medium
CUST-04924,58,Male,29,22.29,Month-to-month,5,DSL,Bank transfer,646.41,No,56-65,25-48 Months,0,4,Medium
CUST-04925,46,Female,7,54.84,Month-to-month,0,Fiber optic,Mailed check,383.88,Yes,46-55,7-12 Months,1,4,Medium
CUST-04926,51,Female,53,68.8,Two year,1,DSL,Electronic check,3646.4,No,46-55,49-72 Months,0,0,Low
CUST-04927,51,Male,37,134.69,Month-to-month,3,No,Bank transfer,4983.53,No,46-55,25-48 Months,0,3,Medium
CUST-04928,45,Female,23,143.56,One year,1,Fiber optic,Electronic check,3301.88,No,36-45,13-24 Months,0,1,Low
CUST-04929,30,Female,8,113.14,Two year,5,No,Electronic check,905.12,No,26-35,7-12 Months,0,5,High
CUST-04930,32,Male,48,84.03,Month-to-month,0,Fiber optic,Mailed check,4033.44,No,26-35,25-48 Months,0,2,Low
CUST-04931,40,Male,10,103.28,Two year,2,DSL,Credit card,1032.8,Yes,36-45,7-12 Months,1,3,Medium
CUST-04932,61,Male,24,73.82,Month-to-month,2,Fiber optic,Electronic check,1771.68,Yes,56-65,13-24 Months,1,2,Low
CUST-04933,43,Female,47,58.85,One year,3,Fiber optic,Mailed check,2765.95,No,36-45,25-48 Months,0,0,Low
CUST-04934,21,Male,53,143.59,Month-to-month,3,No,Bank transfer,7610.27,No,18-25,49-72 Months,0,3,Medium
CUST-04935,43,Male,39,35.0,Month-to-month,2,No,Bank transfer,1365.0,No,36-45,25-48 Months,0,2,Low
CUST-04936,57,Female,67,65.03,Two year,1,Fiber optic,Credit card,4357.01,No,56-65,49-72 Months,0,0,Low
CUST-04937,26,Male,66,136.88,One year,3,Fiber optic,Bank transfer,9034.08,No,26-35,49-72 Months,0,1,Low
CUST-04938,72,Female,6,114.01,Month-to-month,2,No,Credit card,684.06,Yes,66+,0-6 Months,1,5,High
CUST-04939,22,Female,21,23.78,Month-to-month,1,No,Electronic check,499.38,No,18-25,13-24 Months,0,2,Low
CUST-04940,73,Male,36,23.0,Month-to-month,1,Fiber optic,Credit card,828.0,No,66+,25-48 Months,0,2,Low
CUST-04941,49,Female,3,87.15,One year,3,Fiber optic,Electronic check,261.45,Yes,46-55,0-6 Months,1,2,Low
CUST-04942,37,Male,42,82.95,Month-to-month,0,Fiber optic,Bank transfer,3483.9,No,36-45,25-48 Months,0,2,Low
CUST-04943,67,Male,45,77.59,Two year,1,Fiber optic,Credit card,3491.55,No,66+,25-48 Months,0,0,Low
CUST-04944,28,Male,44,59.3,Month-to-month,2,Fiber optic,Mailed check,2609.2,No,26-35,25-48 Months,0,2,Low
CUST-04945,32,Male,33,148.26,Month-to-month,4,DSL,Bank transfer,4892.58,No,26-35,25-48 Months,0,3,Medium
CUST-04946,49,Female,60,55.36,One year,4,Fiber optic,Bank transfer,3321.6,No,46-55,49-72 Months,0,0,Low
CUST-04947,45,Female,70,83.71,Month-to-month,1,Fiber optic,Bank transfer,5859.7,Yes,36-45,49-72 Months,1,2,Low
CUST-04948,39,Male,26,72.64,Two year,2,Fiber optic,Bank transfer,1888.64,Yes,36-45,25-48 Months,1,0,Low
CUST-04949,58,Male,21,42.13,One year,1,Fiber optic,Bank transfer,884.73,No,56-65,13-24 Months,0,0,Low
CUST-04950,34,Female,2,46.34,Month-to-month,3,Fiber optic,Mailed check,92.68,Yes,26-35,0-6 Months,1,4,Medium
CUST-04951,43,Male,47,139.38,One year,3,Fiber optic,Mailed check,6550.86,No,36-45,25-48 Months,0,1,Low
CUST-04952,61,Female,30,131.58,Month-to-month,3,Fiber optic,Mailed check,3947.4,Yes,56-65,25-48 Months,1,3,Medium
CUST-04953,24,Male,27,45.88,Month-to-month,2,Fiber optic,Credit card,1238.76,No,18-25,25-48 Months,0,2,Low
CUST-04954,59,Female,71,133.84,Month-to-month,4,No,Bank transfer,9502.64,No,56-65,49-72 Months,0,3,Medium
CUST-04955,74,Female,20,47.19,One year,0,Fiber optic,Credit card,943.8,No,66+,13-24 Months,0,0,Low
CUST-04956,43,Female,50,101.45,Month-to-month,2,No,Credit card,5072.5,No,36-45,49-72 Months,0,3,Medium
CUST-04957,42,Male,23,30.57,Month-to-month,1,DSL,Credit card,703.11,No,36-45,13-24 Months,0,2,Low
CUST-04958,27,Male,13,134.45,Month-to-month,3,Fiber optic,Bank transfer,1747.85,No,26-35,13-24 Months,0,3,Medium
CUST-04959,62,Male,4,26.7,Month-to-month,5,Fiber optic,Bank transfer,106.8,Yes,56-65,0-6 Months,1,6,High
CUST-04960,36,Male,14,92.14,Month-to-month,3,Fiber optic,Credit card,1289.96,No,36-45,13-24 Months,0,2,Low
CUST-04961,28,Male,20,121.36,Month-to-month,3,DSL,Bank transfer,2427.2,No,26-35,13-24 Months,0,3,Medium
CUST-04962,30,Female,13,35.19,Month-to-month,3,Fiber optic,Credit card,457.47,Yes,26-35,13-24 Months,1,2,Low
CUST-04963,70,Female,3,72.58,Month-to-month,3,Fiber optic,Bank transfer,217.74,Yes,66+,0-6 Months,1,4,Medium
CUST-04964,25,Female,47,25.45,Month-to-month,4,DSL,Bank transfer,1196.15,No,18-25,25-48 Months,0,2,Low
CUST-04965,57,Female,3,108.76,Two year,4,Fiber optic,Credit card,326.28,No,56-65,0-6 Months,0,3,Medium
CUST-04966,21,Female,1,59.97,One year,2,Fiber optic,Mailed check,59.97,No,18-25,0-6 Months,0,2,Low
CUST-04967,64,Female,24,92.72,Month-to-month,3,Fiber optic,Bank transfer,2225.28,No,56-65,13-24 Months,0,2,Low
CUST-04968,48,Female,35,141.26,Two year,1,Fiber optic,Credit card,4944.1,Yes,46-55,25-48 Months,1,1,Low
CUST-04969,45,Male,14,59.76,Month-to-month,0,Fiber optic,Credit card,836.64,No,36-45,13-24 Months,0,2,Low
CUST-04970,28,Female,67,26.32,Month-to-month,3,Fiber optic,Bank transfer,1763.44,No,26-35,49-72 Months,0,2,Low
CUST-04971,60,Male,13,107.83,Two year,2,No,Bank transfer,1401.79,No,56-65,13-24 Months,0,1,Low
CUST-04972,18,Female,47,122.29,One year,3,No,Credit card,5747.63,No,18-25,25-48 Months,0,1,Low
CUST-04973,66,Female,50,144.52,Two year,1,Fiber optic,Credit card,7226.0,Yes,66+,49-72 Months,1,1,Low
CUST-04974,64,Male,26,40.51,Two year,2,Fiber optic,Credit card,1053.26,No,56-65,25-48 Months,0,0,Low
CUST-04975,69,Female,3,70.98,Month-to-month,2,No,Electronic check,212.94,No,66+,0-6 Months,0,4,Medium
CUST-04976,55,Male,51,129.74,Two year,2,No,Bank transfer,6616.74,No,46-55,49-72 Months,0,1,Low
CUST-04977,41,Female,40,124.89,Two year,7,DSL,Electronic check,4995.6,No,36-45,25-48 Months,0,3,Medium
CUST-04978,71,Male,68,101.22,Month-to-month,0,Fiber optic,Credit card,6882.96,No,66+,49-72 Months,0,3,Medium
CUST-04979,74,Female,36,55.02,Two year,2,Fiber optic,Electronic check,1980.72,Yes,66+,25-48 Months,1,0,Low
CUST-04980,64,Male,51,56.92,Month-to-month,7,DSL,Mailed check,2902.92,Yes,56-65,49-72 Months,1,4,Medium
CUST-04981,48,Male,1,36.12,One year,1,Fiber optic,Credit card,36.12,No,46-55,0-6 Months,0,2,Low
CUST-04982,58,Female,33,139.84,Month-to-month,4,Fiber optic,Mailed check,4614.72,No,56-65,25-48 Months,0,3,Medium
CUST-04983,63,Female,7,42.48,Month-to-month,1,Fiber optic,Electronic check,297.36,Yes,56-65,7-12 Months,1,4,Medium
CUST-04984,67,Male,52,94.48,One year,2,DSL,Mailed check,4912.96,Yes,66+,49-72 Months,1,0,Low
CUST-04985,43,Female,11,95.97,Month-to-month,3,Fiber optic,Electronic check,1055.67,Yes,36-45,7-12 Months,1,4,Medium
CUST-04986,66,Male,27,68.05,One year,5,DSL,Bank transfer,1837.35,No,66+,25-48 Months,0,2,Low
CUST-04987,67,Female,14,65.83,Month-to-month,3,No,Bank transfer,921.62,No,66+,13-24 Months,0,2,Low
CUST-04988,22,Male,46,106.92,Month-to-month,2,Fiber optic,Electronic check,4918.32,No,18-25,25-48 Months,0,3,Medium
CUST-04989,37,Female,10,70.48,Month-to-month,2,DSL,Credit card,704.8,No,36-45,7-12 Months,0,4,Medium
CUST-04990,69,Male,24,53.17,One year,4,DSL,Bank transfer,1276.08,No,66+,13-24 Months,0,0,Low
CUST-04991,58,Female,61,71.89,Two year,1,Fiber optic,Electronic check,4385.29,No,56-65,49-72 Months,0,0,Low
CUST-04992,28,Male,18,125.0,One year,0,Fiber optic,Credit card,2250.0,No,26-35,13-24 Months,0,1,Low
CUST-04993,73,Male,9,145.64,One year,2,Fiber optic,Bank transfer,1310.76,No,66+,7-12 Months,0,3,Medium
CUST-04994,71,Female,17,102.67,Month-to-month,2,No,Electronic check,1745.39,No,66+,13-24 Months,0,3,Medium
CUST-04995,50,Female,58,121.67,Month-to-month,3,Fiber optic,Credit card,7056.86,No,46-55,49-72 Months,0,3,Medium
CUST-04996,67,Male,13,89.27,Month-to-month,6,Fiber optic,Credit card,1160.51,Yes,66+,13-24 Months,1,4,Medium
CUST-04997,55,Male,50,101.23,Two year,5,Fiber optic,Electronic check,5061.5,No,46-55,49-72 Months,0,3,Medium
CUST-04998,44,Male,6,148.45,One year,0,Fiber optic,Mailed check,890.7,No,36-45,0-6 Months,0,3,Medium
CUST-04999,51,Male,51,76.99,Month-to-month,2,Fiber optic,Mailed check,3926.49,No,46-55,49-72 Months,0,2,Low
CUST-05000,32,Female,36,28.61,Month-to-month,4,Fiber optic,Mailed check,1029.96,No,26-35,25-48 Months,0,2,Low
